filename,text
1_000.png,अनाज़र
1_001.png,आकाश
1_002.png,इन्नार
1_006.png,ऋषि
1_008.png,सेना
1_011.png,अँगुर
1_013.png,पढ
1_019.png,पृथा
1_020.png,छाता
1_022.png,कपडा
1_028.png,वाणा
1_030.png,थप्पड़ी
1_031.png,दमकत
1_032.png,धूनुष
1_034.png,परेवों
1_043.png,राइटर
1_045.png,सर्प
1_048.png,त्रियूनें
1_050.png,सप्त
1_051.png,दुईं
1_052.png,तीच
1_053.png,चारा
1_054.png,पॉज
1_056.png,सातात
1_057.png,आहट
1_060.png,सुधार
1_061.png,बाहु
1_062.png,तेह्न
1_066.png,स़त्र
1_067.png,अठार
1_069.png,बूसिस
1_071.png,बाईडर
1_073.png,चॉबीस
1_074.png,पच्चीस
1_082.png,तेतोस
1_085.png,चर्चा
1_105.png,छप्चन
10_005.png,प्रख्या
10_007.png,जीवन
10_011.png,पानी
10_012.png,चर्चँ
10_014.png,सन्ते
10_019.png,क्षण
10_020.png,चर्नीले
10_022.png,टच
10_024.png,चुर्इ
10_025.png,भाषा
10_029.png,ज्ञाण
10_031.png,हे
10_036.png,जीवन
10_039.png,जय
10_046.png,पानीमा
10_050.png,बस्ता
10_052.png,जीविएल
10_056.png,जर्ष
10_057.png,गेही
10_064.png,मात्र
10_077.png,पानी
10_079.png,नीबनाए
10_084.png,खाना
10_087.png,चार्न
10_088.png,जन्मेक
10_092.png,पात्री
10_095.png,निष्काल
10_096.png,क्षय
10_101.png,पत्नी
10_103.png,चाहीन्द्र
10_107.png,मान
10_110.png,लिटर
10_111.png,पानी
10_113.png,चर्चु
10_116.png,नाम
10_122.png,विचारण
10_125.png,मांबि
100_001.png,फ्राट
100_006.png,दाँती
100_009.png,पैरा
100_012.png,शंर
101_000.png,कयान
101_003.png,कुश
101_004.png,व्यक्त
101_005.png,गर्मे
101_010.png,कवच
101_012.png,प्रकार
101_014.png,टा
101_015.png,क्व
101_020.png,कयान
101_022.png,प्रखर
101_025.png,अभिव्यक्त
101_027.png,तरे
101_028.png,रहने
101_030.png,प्रत्यक्ष
101_032.png,हो
101_034.png,माले
101_035.png,मनी
101_037.png,घऱ
101_040.png,खच
101_043.png,कर्मठे
101_044.png,आशाष
101_046.png,अर्ध
101_047.png,सुरुचित
101_048.png,अप्रचल
101_049.png,कयान
101_050.png,गर्जे
101_052.png,आश्चर्यचकित
101_053.png,पायल
101_054.png,आपको
101_056.png,घऱ
101_058.png,मनी
101_059.png,बस्ते
101_060.png,हो
101_061.png,शर्बी
101_062.png,कचना
101_067.png,कथायिता
101_068.png,गरी
101_072.png,मुख्य
101_073.png,अभिव्यक्ति
101_078.png,गारेमा
101_079.png,चिट्सबर्ग
101_080.png,राष्ट्रियों
101_081.png,सूचना
101_084.png,अंश
101_089.png,अंश
101_091.png,अंश
101_093.png,हस्ते
101_094.png,कर्यायता
101_095.png,अश्रा
101_097.png,मन्ध्यों
101_101.png,क्ष
101_102.png,कर्मयाता
101_106.png,चिह्न
101_107.png,हटाड़ने
101_110.png,अंश
101_114.png,चिह्न
101_117.png,लय
101_120.png,चेरे
101_121.png,पार्मी
101_124.png,कवच
101_125.png,अंशाको
101_126.png,डोड़न
101_128.png,गर्वे
101_129.png,प्रयोग
101_132.png,मनेर
101_134.png,भरने
101_135.png,मची
101_136.png,केक
102_000.png,पाठ
102_002.png,नेपाली
102_003.png,पहिचान
102_006.png,पहिचान
102_009.png,बेपाली
102_011.png,पहिचान
102_020.png,शान्तिका
102_023.png,देश
102_024.png,जीवन
102_028.png,बसीबास
102_029.png,परम्परागत
102_030.png,रितिरिवाज़
102_031.png,फला
102_033.png,संस्कॄति
102_035.png,प्राकृतिक
102_040.png,भूरियू
102_041.png,यथावत
102_042.png,धर्म
102_044.png,सोच
102_045.png,दैरा
102_046.png,भारतको
102_047.png,अवस्था
102_048.png,देश
102_051.png,के
102_052.png,के
102_053.png,पक्षधर
102_054.png,सबक
102_055.png,सबक
102_056.png,पक्षधर
102_057.png,सम्पन्न
102_061.png,बुद्ध
102_062.png,जन्मेका
102_063.png,तारा
102_064.png,देश
102_066.png,निन्त
102_068.png,हनू
102_072.png,विचार
102_074.png,समाजवा
102_076.png,बेपाली
102_077.png,समाजवा
102_079.png,सहयोगों
102_081.png,भक्तों
102_083.png,हांसीखुशी
102_086.png,धर्म
102_088.png,विविधता
102_090.png,पारदर्श
102_091.png,प्राकृतिक
102_093.png,ईंचित
102_096.png,कम्पान
102_099.png,प्रयोग
102_100.png,जनाओ
102_102.png,प्रजनन
102_107.png,र्दज
102_108.png,नेपाली
102_109.png,समाजसे
102_110.png,दुर्ब
102_111.png,पक्षपूर
102_112.png,पक्षधर
102_117.png,ध्वनी
102_118.png,गरिब
102_120.png,र्वे
102_121.png,के
102_124.png,प्रकाशक
102_125.png,दबू
102_126.png,४५
103_009.png,व्यार्थ
103_015.png,श्री
103_016.png,गया
103_024.png,व्यवस्था
103_025.png,निष्कार्थ
103_034.png,पर्वों
103_037.png,पाठक
103_048.png,वर्प
103_052.png,४५
103_055.png,ज्ञाप्र
103_057.png,सामाजिक
103_061.png,व्यक्तिगत
103_067.png,रूठ
103_070.png,४०
103_077.png,शान्ति
103_083.png,व्यवस्थान
103_085.png,कारणवश
103_093.png,वार
103_096.png,कप
103_100.png,नोज
103_101.png,चामला
103_108.png,उल्लेख
103_112.png,तार्बी
103_113.png,गर्मी
103_115.png,पूर्व
103_117.png,त्यारीशु
103_120.png,४०
104_001.png,निष्कपट
104_005.png,उल्लेषण
104_006.png,शव
104_009.png,गर्मी
104_010.png,घुर्इ
104_013.png,४८
104_014.png,४०
104_015.png,कंकड़
104_017.png,चुर्इ
104_018.png,पूर्व
104_020.png,पूर्व
104_030.png,व्यवस्थान
104_031.png,लार्व
104_035.png,सुशासन
104_040.png,श्रान्ति
104_043.png,कम्हर्स
104_044.png,पविवार
104_045.png,वार
104_055.png,४०
104_056.png,४०
104_058.png,व्यक्तिगत
104_060.png,सामाजिक
104_067.png,भार्शिवस्ती
104_070.png,गर्वपूर्ण
104_073.png,वक्तव्य
104_075.png,ख़ा
104_082.png,व्यवस्था
104_086.png,ख़ा
104_091.png,श्री
104_094.png,षष्ठी
104_097.png,पर्वों
104_098.png,पाठक
104_115.png,४५
104_118.png,ग्राव
105_003.png,दिन्देम
105_005.png,हृति
105_008.png,थिर
105_010.png,बायोलॉजिये
105_014.png,थिर
105_018.png,राने
105_019.png,पिन
105_021.png,बुम्ने
105_022.png,निनवाट
105_023.png,यान्त्रिक
105_024.png,बबन
105_025.png,यियो
105_026.png,मायीकाओं
105_029.png,वस्तुलाई
105_030.png,निके
105_033.png,वस्तुका
105_035.png,पुरानो
105_039.png,स्वभाव
105_040.png,थियों
105_041.png,आपसे
105_045.png,स्वभाव
105_046.png,थियों
105_047.png,घ्रमा
105_049.png,घड़ी
105_052.png,बस्दा
105_055.png,चमकते
105_056.png,मित्री
105_057.png,परिकल्पना
105_058.png,गर्मे
105_059.png,ताया
105_061.png,रेडियोका
105_066.png,पिन
105_068.png,प्राय
105_072.png,समाधान
105_075.png,संरचनाएं
105_078.png,गर्मे
105_079.png,अन्तों
105_080.png,नमुना
105_081.png,बनाड़ने
105_082.png,जै
105_083.png,तलीन
105_084.png,हुने
105_086.png,किजान
105_091.png,विजान
105_095.png,चामो
105_098.png,हेर्दा
105_099.png,राने
105_101.png,पृथिको
105_102.png,चिल्म
105_103.png,गर्मे
105_108.png,सहयोग
105_109.png,प्रयो
105_110.png,पर्वे
105_113.png,लिने
105_114.png,प्रतिभागी
105_115.png,प्रवं
105_119.png,सिर्वजनील
105_120.png,आकाश
105_128.png,हो
105_129.png,कारण
105_131.png,उनका
105_136.png,चिन्तन
105_140.png,प्रभावित
105_141.png,मथका
105_143.png,चाहिने
105_146.png,उनका
105_147.png,मायीक्स
105_148.png,बाणस
105_150.png,त्वचा
105_151.png,घडी
105_152.png,पुरा
105_155.png,लकड़
105_160.png,विज्ञान
105_161.png,शील
105_162.png,गरेर
105_163.png,दिये
105_165.png,गेम
105_168.png,माने
105_169.png,उन्मी
105_173.png,गठितीय
105_176.png,आजा॑या
105_178.png,शिक्षक
105_181.png,जलाई
105_185.png,पत्ति
105_191.png,अतः
105_194.png,जश्ना
105_200.png,काशब
105_201.png,हे
105_202.png,वैज्ञानिक
105_204.png,प्रतिभा
105_208.png,मन
105_209.png,गर्दे
105_211.png,मजमा
105_212.png,जाकाना
105_213.png,ताराबाई
105_215.png,प्रतिभा
105_216.png,भरको
105_217.png,व्यक्ति
105_219.png,उनका
105_220.png,बनाइये
105_222.png,समाधान
105_224.png,आँले
105_225.png,खेले
105_229.png,डैमा
105_232.png,आई
105_233.png,सप्तो
105_234.png,संसारको
105_235.png,रचाना
105_236.png,मँधे
105_237.png,डुबिरने
105_239.png,सिर्जन
106_000.png,ज़
106_001.png,निन
106_002.png,नेत्व
106_006.png,विषय
106_008.png,४५
106_018.png,म्रेत
106_021.png,गर्प
106_023.png,त्वचा
106_026.png,श्रम
106_036.png,द्व
106_039.png,पर्दे
106_042.png,लेन
106_045.png,एफएफ
106_052.png,पत्रिका
106_054.png,जुचा
106_058.png,क्वी
106_060.png,प्रतिबध्दत
106_061.png,कप्तान
106_064.png,दफ्तर
106_067.png,हफ्त्र
106_070.png,नाम
106_071.png,त्वच्य
106_074.png,जीक्वल
106_085.png,जुर्फे
106_086.png,चरम
106_088.png,चित्रालय
106_090.png,फ़िलाब
106_094.png,एक्जान
106_096.png,त्रस्त
106_098.png,ऋष
106_100.png,प्रत्यक्षदर्श
106_103.png,चच्चे
106_104.png,औपचारिक
106_108.png,चुम्स
106_121.png,नज़ने
106_122.png,लेखकों
106_126.png,मात्रो
106_127.png,ब्लेक्ष
106_131.png,पप्पा
106_133.png,क्वल
106_137.png,पर्क
106_138.png,पूजा
106_141.png,छक्की
106_150.png,प्रकरण
106_156.png,प्रत्यक्त्व
106_157.png,मत
106_158.png,स्त्रियों
106_160.png,प्रेषक
106_161.png,त्रिष्ठ
107_000.png,स्क
107_001.png,चिहान
107_002.png,पाठ
107_003.png,४८
107_005.png,प्रथान
107_009.png,थक
107_010.png,चित्रान
107_015.png,चिनित्त
107_019.png,समस्या
107_020.png,लागने
107_022.png,अपहरणकर्ता
107_023.png,हफ्ता
107_027.png,लान्ते
107_030.png,कर्तृ
107_031.png,सीक्षी
107_032.png,निर्देक
107_034.png,पत्नि
107_035.png,लावना
107_037.png,थेर्थ
107_040.png,उपचार
107_041.png,लाखने
107_048.png,पर्दि
107_049.png,थरुरा
107_052.png,मॉर्टगेत
107_058.png,प्रसाहने
107_059.png,परिवार्ता
107_060.png,चलेका
107_065.png,रोडा
107_067.png,शुभकामनाई
107_068.png,घऱा
107_069.png,अहलावाली
107_070.png,आफिस
107_073.png,पिंदा
107_074.png,क्षो
107_075.png,यूएएनी
107_077.png,निन
107_078.png,उपचार
107_079.png,शुल्क
107_080.png,धारणा
107_082.png,लगातार
107_084.png,दिने
107_085.png,एयरबस
107_087.png,घोषणाओं
107_092.png,पत्नि
107_094.png,जायेको
107_095.png,शुल्क
107_099.png,१५
107_100.png,तरूनी
107_101.png,होरी
107_104.png,नि
107_108.png,ऋणदाताओं
107_111.png,राई
107_113.png,होर्नो
107_114.png,डा
107_116.png,डाक्टर
107_119.png,टीचार
107_131.png,कम
107_134.png,दशको
107_135.png,परेको
107_138.png,मूलों
107_140.png,तप
107_142.png,आपको
107_143.png,रू
107_146.png,मरेपादे
107_150.png,प्रसार
107_151.png,शिववाज़
107_163.png,फुर।
107_165.png,एच
107_173.png,बेक्स
107_174.png,मन
107_179.png,लारोगे
107_182.png,बाचते
107_186.png,निर्कौ
107_187.png,परिवाचक
107_188.png,अच्च
107_189.png,ङ्क्षसह
107_190.png,भूर
108_003.png,मानें
108_004.png,त्वच
108_007.png,रन्ते
108_017.png,बेचे
108_018.png,विनिशन
108_020.png,याहा
108_023.png,जिन
108_024.png,ग्रजाबाट
108_027.png,शिक्षक
108_031.png,पाठक
108_034.png,विकाम
108_035.png,पर्च
108_036.png,रिपिले
108_037.png,गुमारने
108_041.png,ग्रणा
108_042.png,विनिशन
108_046.png,सकिने
108_049.png,विश्व
108_053.png,मज
108_054.png,ट्रेकिन
108_059.png,चित्रा
108_062.png,स्नातक
108_063.png,व्यवस्था
108_065.png,भ्रमरग्ती
108_066.png,षष्ठ
108_071.png,प्रोत
108_073.png,पाप
108_075.png,भक्ष
108_076.png,बुबा
108_077.png,मैँ
108_083.png,पढ़ा
108_084.png,पर्च
108_085.png,जागिरे
108_087.png,प्रवेशिका
108_089.png,चिया
108_090.png,नायेका
108_092.png,पर्वों
108_093.png,कमा
108_094.png,जापाना
108_097.png,वर्ष
108_098.png,काम
108_099.png,मायने
108_105.png,मन्ने
108_106.png,यिक्षा
108_108.png,अनि
108_109.png,क्षम
108_115.png,लापो
108_120.png,पारिको
108_121.png,जीवन
108_124.png,विचार
108_127.png,चर्चे
108_128.png,च्य
108_131.png,मामान
108_132.png,प्रयोक्ता
108_135.png,प्रीष्टमान्त
108_136.png,षष्ठ
108_148.png,चंच
108_151.png,मजमा
108_152.png,नेताल्मे
108_153.png,दुर्के
108_155.png,त्वचार
108_161.png,केत्र
108_163.png,जीवनसाथी
108_172.png,प्रम्खता
108_174.png,औपचारिक
108_179.png,मर्त्य
108_181.png,चेत्रोग्रामा
108_186.png,प्रतिष्ठान
108_187.png,देषि
108_188.png,रत्न
108_190.png,पर्दि
108_194.png,मौत्रिक
108_195.png,प्रयोक्ते
108_203.png,प्रजाति
108_209.png,मेफे
108_210.png,पर्यवस्तु
108_218.png,ज़र्ते
108_221.png,चित्रण
108_229.png,प्रजाति
108_234.png,पर्यटक
108_236.png,कर्ने
108_238.png,मुस्काए
108_245.png,क्षणभी
108_246.png,कन्य
108_247.png,प्रतिष्ठान
108_253.png,क्विल
108_255.png,एन्वायर्नमेंटल
108_262.png,पर्च
109_001.png,एफएमस
109_010.png,ऋणदाता
109_016.png,स्वरूप
109_023.png,ऋणदाता
109_024.png,एकरू
109_030.png,क्षण
109_037.png,कर्कार्थ
109_043.png,कप्ता
109_063.png,ऋष
109_067.png,रफ़त्रों
109_070.png,शिष्टि
109_071.png,क्षण
109_075.png,लोकसभे
109_076.png,रू
109_077.png,कप्ता
109_088.png,फ्री
109_101.png,ब्रह्मचार
109_109.png,स्वर्गीकरण
109_119.png,शर्मी
109_121.png,फ्रि
11_002.png,क्वाँ
11_005.png,क्व
11_008.png,ब्रेच
11_011.png,क्वै
11_017.png,सुधा
11_027.png,फ्रें
11_032.png,लुल्त
11_033.png,तुल्त
11_036.png,र्दज
11_042.png,चित्रणों
11_043.png,होला
11_044.png,चर्चेंले
11_048.png,ज्ञू
11_050.png,श्रिता
11_054.png,भले
11_056.png,मर्त्य
11_061.png,रुक्र
11_063.png,ममलाई
11_074.png,शब्द
11_081.png,कू
11_082.png,मन्त्राई
11_086.png,चर्चि
11_089.png,समाजँ
11_094.png,हुईँ
11_099.png,चर्चि
11_100.png,मेँले
11_103.png,वर्ष
11_106.png,चर्चा
11_111.png,चर्चा
11_113.png,पर्दा
11_114.png,मन्त्राई
11_117.png,पर्व
11_122.png,भक्त्वन
11_123.png,र्दज
11_125.png,ईंत्र
11_126.png,क्षे
11_127.png,लुत्र
11_142.png,हर्षे
11_146.png,हूँ
11_159.png,इम्तान्त
11_160.png,चंच
11_164.png,चर्चा
11_165.png,र्दज
11_171.png,तर्क
11_173.png,चेर्यु
11_182.png,मनुहार्ल
11_184.png,चर्चा
11_187.png,हु
11_189.png,कुर्फ
11_201.png,पर्व
11_204.png,व्यवस्थ
11_205.png,षष्ठ
110_008.png,विधि
110_017.png,बोज
110_019.png,थम
110_022.png,विधिबाट
110_024.png,निक
110_025.png,तया
110_026.png,कुन
110_027.png,विधिबाट
110_030.png,व्यावहारिक
110_033.png,विश्लेषण
110_034.png,गर्वे
110_035.png,खोजी
110_038.png,चेती
110_040.png,महक़
110_042.png,मन्ते
110_043.png,कुए
110_044.png,ताया
110_046.png,नै
110_050.png,प्राप्त
110_051.png,तय
110_052.png,माणा
110_054.png,प्रोतबाट
110_060.png,शिष्य
110_062.png,निष्कर्ष
110_063.png,दुर्इ
110_065.png,चुन
110_066.png,गरिन्दु
110_067.png,विधि
110_070.png,वस्ता
110_071.png,पक्ष
110_072.png,इन्टरन
110_074.png,कैचा
110_077.png,सन्दर्भ
110_078.png,चूची
110_080.png,हर
110_083.png,प्रयोग
110_084.png,उल्लेख
110_085.png,माएगा
110_086.png,अद्यतन
110_090.png,निर्ञाण
110_091.png,प्रज्ञनान
110_093.png,गर्दा
110_095.png,गर्दा
110_097.png,पं
110_098.png,पी
110_100.png,गर्दा
110_101.png,प्रयोग
110_104.png,गरिश्वा
110_105.png,प्रम
110_106.png,प्रल
110_107.png,पी
110_108.png,अनुसार
110_110.png,मामग्री
110_112.png,मधे
110_113.png,कुनै
110_115.png,चेर्च
110_116.png,परिकल्पना
110_118.png,के
110_122.png,उत्तर
110_123.png,परिकल्पना
110_127.png,इन
110_134.png,प्रमाणित
110_145.png,प्रस्ताव
110_147.png,परिकल्पना
110_153.png,स्वतत्र
110_154.png,परिकल्पना
110_156.png,प्रमाणित
110_158.png,कचन
110_160.png,हो
110_161.png,सिद्धान
110_162.png,मले
110_163.png,पार्न
110_165.png,मध्योग
110_166.png,कुच
110_167.png,के
110_170.png,पूर्वानान
110_171.png,हो
110_182.png,गर्वे
110_184.png,प्राप्त
110_185.png,गर्दन
110_186.png,मात्र
110_188.png,परिकल्पना
110_189.png,प्रमाणित
110_191.png,परिकल्पना
110_192.png,मनेको
110_194.png,पुष्टि
110_195.png,डुन
110_196.png,बेंकी
110_197.png,नौ
111_002.png,पर्यवस्थ
111_011.png,रगड़ना
111_012.png,काव्यवस्तु
111_017.png,मेह
111_020.png,हो
111_024.png,टच्य
111_031.png,भाषिक
111_036.png,भेवको
111_038.png,वक्ता
111_045.png,काफ़ाले
111_046.png,श्रोताका
111_049.png,विविधता
111_050.png,कमा
111_051.png,बिचको
111_057.png,विष्ठजनु
111_063.png,यात्रि
111_067.png,फफक
111_070.png,ईं
111_076.png,सामान्य
111_084.png,मूद
111_085.png,अनौपचारिक
111_086.png,भेद
111_087.png,मेह
111_097.png,विभाजन
111_100.png,चर्चा
111_101.png,मकिन्ह
111_103.png,गर्दा
111_104.png,तेपाली
111_105.png,ती
111_108.png,भाषा
111_111.png,मॉर्क
111_113.png,लिखिए
111_118.png,विभाजन
111_119.png,वक्तानी
111_120.png,मौखिक
111_121.png,गर्त
111_128.png,हुर्दे
111_129.png,आध्यात्मा
111_133.png,घ्वनि
111_135.png,सयावा
111_136.png,आवागमन
111_137.png,हुन्नदा
111_141.png,यक्का
111_145.png,इच्चारण
111_146.png,सव
111_148.png,भेद
111_151.png,लीपि
111_153.png,मुख्यत
111_156.png,ढ़ातो
111_157.png,गरेर
111_158.png,माध्यवाट
111_160.png,प्रवर्ट
111_162.png,लेवरे
111_163.png,वा
112_017.png,स्वरूप
112_018.png,बी
112_037.png,पर्यटक
112_052.png,कप्ता
112_054.png,ज्ञा
112_055.png,श्रेष्ट
112_056.png,ता
113_002.png,प्रज्ञनानु
113_004.png,उत्तर
113_008.png,परिवेशा
113_009.png,सामाजिक
113_011.png,सम्यग्दर्शन
113_014.png,उत्त
113_015.png,समाजमा
113_016.png,दिन
113_017.png,प्रति
113_018.png,दिन
113_020.png,शैली
113_022.png,समाज
113_023.png,विकासका
113_030.png,कुनैने
113_031.png,मानव
113_033.png,गर्दी
113_035.png,समाजसे
113_036.png,विकास
113_037.png,तीव्र
113_039.png,गतिमा
113_043.png,क्रियापरक
113_045.png,जीवन
113_047.png,पढ़कर
113_050.png,गर्दन
113_052.png,मने
113_055.png,मानव
113_058.png,इन्टरना
113_059.png,गर्दन
113_060.png,कारगरे
113_063.png,इन्ह
113_064.png,समाज
113_066.png,निस्तर
113_069.png,गतिमा
113_070.png,नौ
113_071.png,समाज
113_074.png,सामाजिक
113_075.png,जीवनरेखी
113_077.png,गरिन्दु
113_079.png,तिन्ते
113_080.png,अन्यत्य
113_081.png,पर्चा
113_083.png,क्रियाशील
113_084.png,बनाइए
113_092.png,अवरोध
113_093.png,कउन
113_095.png,चिलिखने
113_096.png,मानवीय
113_100.png,अनेक
113_101.png,सन्दर्शन
113_102.png,देखिएगा
113_103.png,पर्वाले
113_105.png,व्याख्य
113_107.png,ताया
113_108.png,गतिशील
113_109.png,बनाइए
113_110.png,परिवेशा
113_111.png,मामाजिक
113_116.png,सामाजिक
113_119.png,प्रभाव
113_122.png,मन्नाले
113_123.png,दुर्इ
113_127.png,विषमा
113_128.png,परिवर्तन
113_131.png,विषमा
113_132.png,महायन
113_134.png,आज
113_137.png,चिर
113_140.png,मने
113_141.png,दुवैमा
113_145.png,कुनै
113_149.png,गरिन्ध
113_150.png,एमाजिक
113_152.png,अध्ययन
113_153.png,गर्दा
113_154.png,समाजसे
113_155.png,यंत्र
113_156.png,अन्तरवर्त
113_157.png,सामाजिक
113_161.png,बारे
113_171.png,स्वतत्र
113_174.png,स्थापित
113_180.png,टच
113_182.png,अध्ययन
113_189.png,निन्दे
113_190.png,सत्यप्रथम
113_192.png,कार्यभार
113_196.png,इन
113_201.png,कार्प
113_203.png,गर्मे
113_205.png,सम्बन्धों
113_206.png,हो
113_210.png,समाजिक
113_211.png,प्रभावकों
113_212.png,गर्दा
113_213.png,के
113_217.png,शौध
113_222.png,विजयलक्ष्म
113_223.png,कारणे
113_224.png,समझा
113_225.png,हो
113_227.png,क्षतः
115_004.png,संरचना
115_005.png,पेये
115_006.png,तवबा
115_009.png,उत्तर
115_015.png,वाक्पटा
115_019.png,अध्ययन
115_020.png,खोज
115_023.png,वर्णन
115_024.png,गरेर
115_028.png,तहार
115_032.png,परिभाषित
115_033.png,अनुभवह
115_034.png,गर्दन
115_035.png,नै
115_037.png,अध्ययन
115_038.png,अधि
115_045.png,प्रत्यावना
115_052.png,घऱ
115_053.png,विषय
115_054.png,विधि
115_056.png,शीर्षक
115_060.png,लेने
115_063.png,हुनैन
115_065.png,गर्दा
115_068.png,गर्दा
115_069.png,छपान
115_073.png,स्पष्ट
115_074.png,नर्इ
115_075.png,कुए
115_076.png,तल
115_077.png,दुए
115_078.png,अद्यतन
115_080.png,ऋत़
115_085.png,विषय
115_086.png,कचना
115_087.png,मीमा
115_088.png,मन्नाले
115_089.png,के
115_092.png,वस्तुलाई
115_096.png,मीमा
115_098.png,विधिमा
115_099.png,उल्लेख
115_100.png,मनीन्द्र
115_101.png,गरिश्ये
116_003.png,पुरूषगर्द
116_004.png,गर्मी
116_020.png,याज्ञवल्ल
116_022.png,विज्ञान
116_023.png,जीवनसाथी
116_024.png,ठाने
116_028.png,रुस्ते
116_030.png,पर्धि
116_039.png,पण्णी
116_040.png,पे
116_042.png,विवेकक्ष
116_043.png,एनर्जी
116_044.png,श्विधिको
116_045.png,स्विटजरलैण्ड
116_047.png,चलकर
116_048.png,यारे
116_052.png,सुविधानुसार
116_060.png,चर्चाएं
116_062.png,पर्नि
116_065.png,जीवनसाथी
116_066.png,संचालक
116_069.png,बेखबर
116_070.png,चाइल्ड
116_072.png,न्यास
116_078.png,रचने
117_001.png,मर्मी
117_005.png,लक्झरी
117_006.png,मर्त्ये
117_007.png,विकिलाई
117_008.png,म़त
117_009.png,मर्ते
117_017.png,धारणों
117_020.png,ब्लारिश
117_021.png,अव्यवस्त
117_024.png,गर्व
117_027.png,विमिन्न
117_031.png,निर्ञाण
117_040.png,निर्ञाण
117_042.png,सऊदि
117_043.png,गर्व
117_044.png,गरिशन
117_047.png,मा
117_048.png,छह
117_049.png,ता
117_050.png,गरेर
117_051.png,पात
117_053.png,यात्रा
117_055.png,भरने
117_056.png,खे
117_059.png,मत
117_067.png,समस्तीपुरी
117_070.png,विधि
117_071.png,बारे
117_075.png,तया
117_078.png,एयरबस
117_080.png,त्वच्छाशक
117_081.png,तथ्याशुक्र
117_087.png,मस्स
117_090.png,अभिव्यक्त
117_093.png,व्यक्तिवे
117_095.png,रुपए
117_096.png,हावभाव
117_097.png,प्रखर
117_099.png,माधयम
117_100.png,हो
117_103.png,यशस्वा
117_108.png,टेकियोन
117_113.png,गरिश्य
117_115.png,लेखने
117_116.png,बा
117_117.png,टेंपरे
117_120.png,वर्ष
117_123.png,भरसर
117_124.png,अवर्णनी
117_128.png,धारण
117_129.png,सोचने
117_134.png,व्यक्ति
117_135.png,लक्षित
117_137.png,वा
117_142.png,हेा
117_145.png,वा
117_148.png,विवशता
117_149.png,ग्वालोपन
117_151.png,समय
117_152.png,सबजोनल
117_154.png,मवेश्वर
117_156.png,लाखने
117_157.png,गरिने
117_159.png,स्थान
117_161.png,निस्थित
117_162.png,गरिने
117_163.png,स्थान
117_168.png,व्यक्ति
117_171.png,स्थापना
117_173.png,बारेसा
117_183.png,बारेसा
117_184.png,फ़र्ण
117_185.png,जानकारी
117_190.png,गर्व
118_001.png,उत्तर
118_006.png,हो
118_012.png,क्वला
118_015.png,प्रम
118_016.png,ले
118_017.png,२५०००
118_019.png,डीमिनेक
118_024.png,विश्वविद्यालय
118_030.png,निवेदित
118_033.png,बाहिर
118_035.png,कत्लेआम
118_036.png,प्रयोग
118_037.png,श्रमदान
118_038.png,ग्रेड
118_039.png,प्राप्त
118_041.png,विद्यालय
118_042.png,तत्का
118_043.png,आधिक
118_045.png,मछली
118_046.png,गर्मे
118_050.png,प्रयोग
118_051.png,जाने
118_053.png,गर्मे
118_055.png,पत्ता
118_056.png,प्रेत्रका
118_057.png,निष्कर्ष
118_058.png,प्रयोग
118_059.png,एप
118_061.png,पर
118_062.png,निकालेका
118_064.png,प्रतिशत
118_068.png,प्रतिशत
118_070.png,गर्मे
118_071.png,विद्यार्थ
118_072.png,विद्यार्थी
118_076.png,अधिकारी
118_085.png,परीक्षा
118_089.png,कार्यदिवसी
118_094.png,क्रियापरक
118_100.png,फेल्सा
119_001.png,राते
119_002.png,करुए
119_006.png,जारी
119_007.png,अपहरणकर्ताओं
119_008.png,व्याकरण
119_019.png,कर्तव्य
119_021.png,लगताया
119_022.png,स्मरण
119_037.png,स्वरूप
119_041.png,ऋणदाताओं
119_042.png,स्वास्थ्यवर्धक
119_044.png,होसियारपार
119_045.png,ऋषी
119_049.png,केहो
119_050.png,राम्रोसाएं
119_051.png,फुरा
119_052.png,हड़तु
119_054.png,लोकों
119_058.png,पालाकों
119_062.png,राइफला
119_065.png,पर्द
119_067.png,उपचार
119_068.png,सूधार
119_072.png,श्रीमतों
119_079.png,प्रसाह
119_080.png,ऐंट्र
119_081.png,नाजूक
119_085.png,तात
119_087.png,तिब्रामी
119_088.png,अहलावाल
119_089.png,दिल्दड़ेन
119_094.png,सद्व्यवहार
119_096.png,शक्त्वीर
119_097.png,स्वास्थ्य
119_102.png,कुन्त
119_104.png,उपचार
119_106.png,अहलावाले
119_109.png,क्षय।
119_113.png,रामललाई
119_114.png,ब्ले
12_000.png,बंक
12_002.png,ज्ञाम
12_003.png,मागी
12_004.png,अशिष्टी
12_005.png,रोल
12_006.png,वश
12_008.png,एप
12_011.png,नेता
12_012.png,सांगवार
12_025.png,संचार्थ
12_026.png,परिमार्जे
12_027.png,लच्छापुत्र
12_029.png,तत्र
12_030.png,उम्बी
12_031.png,उस्बी
12_039.png,उत्तीर्ण
12_040.png,ऋषी
12_042.png,मरिला
12_044.png,पर्वों
12_048.png,मन्त्ले
12_055.png,मन्त्रेय
12_058.png,एकत्री
12_059.png,पंरे
12_061.png,परिला
12_065.png,मने
12_067.png,तॉर्ऌ
12_071.png,सबै
12_073.png,ब्रह्मी
12_077.png,पति
12_085.png,राकों
12_086.png,बर्थ
12_088.png,ल्य
12_091.png,बाबालाई
12_094.png,पग
12_095.png,मा
12_096.png,पढ़ायों
12_097.png,टच
12_099.png,शर्मि
12_107.png,साथ
12_116.png,मिलीकलों
12_117.png,रत्ते
12_120.png,पृथि
12_122.png,यियों
12_137.png,के
12_138.png,पर्द
12_142.png,त्रो
12_144.png,नर्न
12_146.png,क्यों
12_149.png,कुर्बा
12_150.png,शर्म
12_155.png,पब
12_157.png,पत्रि
12_159.png,तिया
120_000.png,गयं।
120_005.png,अंशाकों
120_007.png,स्वीकार
120_009.png,इनाऊ
120_012.png,इच्छा
120_015.png,नयनत
120_017.png,गर्ड
120_020.png,आई
120_023.png,क्रियापरक
120_025.png,घ।
120_027.png,अंशाको
120_028.png,पुष्प
120_031.png,टचो
120_033.png,निकटवर्ती
120_038.png,मा
120_040.png,अंशाको
120_045.png,गर्मे
120_046.png,उच्छ्वाण
120_048.png,कयान
120_053.png,भार्इल
120_056.png,कायमा
120_057.png,लैहारा
120_063.png,उल्ले
120_064.png,के
120_065.png,बतायो
120_067.png,ति
120_071.png,उभरे
120_072.png,भारतवर्ष
120_079.png,भारतवर्ष
120_082.png,कुए
120_084.png,कै
120_087.png,सूर्पने
120_088.png,यूर्यालिट
120_092.png,उन्ती
120_093.png,कता
120_094.png,तिमी
120_096.png,कता
120_099.png,कुश
120_100.png,सोधो
120_103.png,गुरुले
120_104.png,के
120_105.png,शुभकामना
120_108.png,गुरूले
120_112.png,सबेले
120_115.png,मने
120_117.png,लामना
120_120.png,इच्छा
120_121.png,शर्मी
120_123.png,सबेले
120_127.png,पढ़ता
120_128.png,गनु
120_129.png,मयो
121_004.png,नेपाली
121_005.png,समाज
121_010.png,विविधता
121_014.png,यहां
121_015.png,युप्रे
121_017.png,संस्कॄति
121_018.png,जांती
121_019.png,हटने
121_020.png,ज्ञान
121_021.png,अनेक
121_022.png,क्षमा
121_025.png,जातिमा
121_026.png,जर्तु
121_028.png,भाषा
121_031.png,नेपाली
121_033.png,समाज
121_034.png,डरेक
121_035.png,जातीका
121_037.png,भरेंको
121_038.png,मानव
121_040.png,सम्पत्ति
121_041.png,विविधता
121_042.png,वर्ष
121_044.png,बढ़ातीय
121_046.png,वस्तु
121_048.png,क्षाव
121_051.png,भारतके
121_055.png,पूर्वाकों
121_056.png,आविष्कार
121_059.png,जाति
121_060.png,विविधता
121_061.png,विविधता
121_062.png,भारतके
121_064.png,हान्तो
121_065.png,विविधता
121_071.png,सम्पत्ति
121_075.png,संस्कॄति
121_077.png,विविधता
121_079.png,समाज
121_080.png,जाति
121_082.png,भाषा
121_083.png,विविध
121_086.png,संस्कृतिक
121_088.png,सभ्यता
121_089.png,भाषामा
121_090.png,पानि
121_091.png,रुप
121_092.png,स्थापना
121_093.png,पानि
121_098.png,जाति
121_100.png,ज्ञान
121_102.png,संगम
121_106.png,तीवि
121_107.png,सम्पत्ति
121_110.png,बिन्द्यना
121_112.png,आपसी
121_115.png,स्वतत्रता
121_117.png,पटिचान
121_118.png,टो
121_121.png,जाति
121_122.png,क्षाण
121_123.png,धर्म
121_130.png,लोप
121_132.png,आपसा
121_133.png,निपाली
121_134.png,समाजसे
121_135.png,मुद्र
121_138.png,ढुलों
121_146.png,कूने
121_147.png,बस्ते
121_148.png,राम्नो
121_149.png,यॉ
121_150.png,नेताली
121_152.png,समापने
121_154.png,ठुला
121_155.png,कनिष्य
121_157.png,यतिका
121_158.png,विशिष्ट
121_159.png,संसामा
121_163.png,विविधता
121_164.png,बानी
121_172.png,अध्ययन
121_173.png,संस्कृति
121_174.png,जलो
121_177.png,तराई
121_179.png,हिमाल
121_182.png,अवर्णन
121_184.png,आदिको
121_185.png,अध्ययन
121_189.png,जाति
121_191.png,रूची
121_192.png,ग्वन
121_194.png,आरोप
121_196.png,चूची
121_199.png,लागत
121_204.png,विविधता
121_205.png,मन
121_207.png,चट्टाना
121_214.png,नेताल
121_215.png,संस्कृतिको
121_216.png,मर्यों
121_222.png,पर्यटक
122_003.png,त्या
122_008.png,सज़ीत
122_010.png,निकाले
122_026.png,त्रस्त
122_028.png,ब्लाइन
122_035.png,बनारनाथ
122_037.png,आँले
122_041.png,मून्न
122_054.png,तत्पश्चान
122_056.png,मूलि
122_057.png,पाने
122_058.png,सत्तिवाद
122_065.png,पढी
122_068.png,प्रमों
122_069.png,ऊपर
122_070.png,रीर
122_082.png,मात्र
122_087.png,हेर्ने
122_092.png,रूख
122_094.png,मार्शिकों
122_106.png,कर्तों
122_110.png,संवाददात
122_111.png,प्राणा
122_114.png,प्रयोग
122_136.png,स्वरूप
122_150.png,तीन
122_156.png,भेलों
122_158.png,कविताएं
122_159.png,ग्ले
122_178.png,त्वचारन
122_179.png,पर्दों
122_184.png,पोले
122_187.png,सोतों
122_192.png,आर्इ
123_000.png,देवानी
123_002.png,मुहा
123_003.png,बाहेब
123_005.png,मिते
123_012.png,गरी
123_016.png,कागज़
123_019.png,साधिकृत
123_025.png,नम्बरदारों
123_033.png,तिर्देशकों
123_034.png,जर्ती
123_047.png,पार्न
123_061.png,मले
123_068.png,ज़र्ते
123_069.png,गार्डे
123_071.png,तिर्थ
123_108.png,मूनें
123_109.png,मेर्ट
123_110.png,रूप
124_006.png,बकें।
124_007.png,समस्या
124_010.png,एन्क्रेप्शन
124_013.png,वा
124_016.png,गर्वपूर्ण
124_022.png,स्पष्ट
124_023.png,देखिने
124_024.png,सामाजिक
124_027.png,समस्या
124_028.png,पहिलो
124_029.png,निर्ञाण
124_030.png,चटरा
124_031.png,हो
124_032.png,गर्दन
124_037.png,शोधार्थी
124_041.png,शोधार्थी
124_042.png,रुचि
124_044.png,समस्या
124_045.png,घटना
124_046.png,त्वचा
124_053.png,ब्रह्म
124_054.png,जानकारी
124_055.png,भरको
124_057.png,पुन
124_058.png,विषय
124_062.png,सहज
124_063.png,घटना
124_064.png,मुखर्च
124_065.png,विषय
124_066.png,विषय
124_069.png,मेत्रा
124_071.png,चयन
124_078.png,चयन
124_079.png,गर्दुई।
124_080.png,आपूर्ण
124_081.png,शोध
124_082.png,गर्दी
124_084.png,प्रकरणों
124_088.png,शवास
124_091.png,डूने
124_092.png,सूचना
124_093.png,चयन
124_094.png,गर्वपूर्ण
124_099.png,घटना
124_100.png,वा
124_102.png,गर्वपूर्ण
124_103.png,केनिवृत्त
124_104.png,मस्स
124_106.png,निर्ञाण
124_109.png,विधिबाट
124_110.png,तथापुर
124_114.png,विषय
124_115.png,बाता
124_116.png,समस्याएं
124_117.png,क्रैमा
124_118.png,सवेर
124_121.png,लाणि
124_133.png,अनुसूति
124_134.png,गरेर
124_136.png,परीक्षण
124_137.png,गरेर
124_140.png,प्राप्त
124_145.png,त्वचा
124_146.png,कूने
124_147.png,विवरण
124_148.png,नवीन
124_150.png,वा
124_156.png,कूने
124_158.png,व्यवधार
124_159.png,जर्ता
124_170.png,तिथि
124_171.png,अनिन्द्या
124_173.png,दूवे
124_180.png,पूर्व
124_183.png,सबजोनल
124_184.png,हो
124_187.png,गरेर
124_189.png,गरिन्दु
124_190.png,मर्ते
13_000.png,नाम
13_002.png,श्रेष्ठ
13_004.png,माँद
13_006.png,वट
13_007.png,विंषय
13_010.png,शीर्षक
13_012.png,मंडेला
13_013.png,गढ़न
13_019.png,मनोबला
13_020.png,धनी
13_023.png,जनताका
13_027.png,गर्दन
13_028.png,श्वीकांत्स
13_030.png,मीचाई
13_032.png,समाजसे
13_035.png,जीवनू
13_038.png,दिन
13_039.png,पीन
13_043.png,जीवनरेख
13_046.png,बरू
13_050.png,विजेता
13_056.png,क्वाँ
13_060.png,दान
13_061.png,दिनें
13_062.png,महान
13_064.png,हुन
13_067.png,नेस्तन
13_072.png,मनु
13_074.png,मा
13_079.png,मर्डेला
13_084.png,हुन्न
13_085.png,रत्नी
13_086.png,जीनसेगी
13_094.png,थिएटर
13_102.png,क्वे
13_103.png,व्यवधार
13_114.png,गर्भे
13_116.png,जांति
13_120.png,देशमा
13_121.png,उनका
13_122.png,रजाईं
13_134.png,हरु
13_138.png,तर
13_142.png,गीराज्ञ
13_145.png,व्यवधार
13_146.png,गरी
13_147.png,दुःख
13_150.png,सस्तों
13_151.png,व्यवधार
13_155.png,दुःखी
13_157.png,आपको
13_161.png,जोराने
13_163.png,टॉम
13_165.png,कूरा
13_167.png,चिंतू
13_168.png,बुलेन
13_173.png,पर्वे
13_174.png,निर्णय
13_179.png,शिक्षामा
13_180.png,तुरति
13_181.png,जीड
13_183.png,तर
13_184.png,नर्इंटा
13_185.png,पढ़ना
13_186.png,रूचि
131_000.png,चाइल्स
131_009.png,सत्यार
131_014.png,चर्च
131_022.png,लेखनीय
131_023.png,नुष्को
131_027.png,यथानं
131_029.png,शतर्ल
131_030.png,कर्न
131_041.png,नियत्र
131_042.png,हैँ
131_067.png,कर्मठ
131_073.png,श्री
131_076.png,साइबर
131_081.png,इन्वर्टे
131_082.png,का
131_084.png,गतिविधि
131_085.png,हरू
131_102.png,हाइड्रोजन
131_107.png,शीर्ले
131_115.png,निर्ञाणि
131_121.png,नर्नः
131_122.png,नाइजीन
131_123.png,लकीजन
132_006.png,पेज
132_008.png,पेज
132_019.png,रो
132_020.png,फिर
132_034.png,ऊँ
133_001.png,श्रोल
133_005.png,प्रबन्दा
133_012.png,डिस्के
133_015.png,श्राष्ट्रीय
133_022.png,सुचालन
133_025.png,वहां
133_030.png,संचालन
133_031.png,पृति
133_032.png,युनिट
133_042.png,महिलामा
133_045.png,हुन्द
134_016.png,बढ़ते
134_034.png,ईंट
135_007.png,जिज्ञान
135_012.png,कंपत्र
135_023.png,कर्मठ
135_025.png,एच
135_031.png,प्रेमः
135_040.png,लोका।
135_045.png,चित्रकों
135_048.png,लोका।
136_004.png,त्रेक
136_008.png,कीफ
136_019.png,नान्त
136_029.png,पश्चूप
136_049.png,चंड़
136_050.png,क्षुक्र
137_001.png,हि
137_002.png,रो
137_032.png,बा
137_036.png,ना
137_040.png,ना
137_041.png,चढ़
138_013.png,क्ष
138_015.png,प।
138_020.png,क्यूं
138_022.png,वाक्ष
138_032.png,थोड़ा
138_038.png,ऊँ
138_040.png,पोलें।
138_052.png,तंकार्थ
138_053.png,श्रे
138_067.png,री
139_003.png,लोगा।
139_015.png,हूड़ा
139_031.png,ऋषि
139_034.png,गोफ़
139_036.png,तांगे।
139_039.png,शिक्षाई
139_056.png,बढ़ा।
14_000.png,नाम
14_001.png,प्रारना
14_004.png,क्षुब्रा
14_005.png,४५
14_006.png,खच॔
14_007.png,हस्तक्षेन
14_012.png,नक्षत्र
14_014.png,मिल्यूँ
14_017.png,शर्मा
14_018.png,स्कूर्च्य
14_020.png,तत
14_025.png,क्षत्र
14_032.png,कबिल
14_035.png,हथान
14_036.png,नवजान
14_039.png,हुर्इ
14_044.png,दुर्इ
14_045.png,दुर्इ
14_048.png,स्वर्गी
14_050.png,फंड्ड
14_055.png,सब्ब
14_056.png,प्रतिबंधक
14_067.png,स्वच्छु
14_068.png,मर्क
14_069.png,पर्वि
14_070.png,कंक
14_072.png,क्यूं
14_074.png,कुख
14_077.png,मॉफ
14_079.png,क्यूँ
14_080.png,मर्न
14_090.png,हर्ष
14_091.png,त्रि
14_094.png,खण्डा
14_099.png,हर्ष
14_107.png,संबॉलॉस
14_118.png,जेगा
14_126.png,ऊब
14_127.png,कविता
14_130.png,शर्त्र
14_132.png,आच्छा
14_133.png,प्रफुर्ब
14_134.png,अतिथि
14_138.png,शर्मा
14_143.png,मल्लाई
14_146.png,बेखबर
14_151.png,क्षय
14_156.png,मुखर्चीऊं
14_157.png,हर्ष
14_159.png,थर्रा
14_161.png,मैँश
14_163.png,ज्ञानयज्ञ
140_003.png,श्री
140_004.png,सम्पादक
140_005.png,च्यू
140_006.png,मीति
140_008.png,सदग्रस्थ
140_009.png,कमाज
140_014.png,मनोहरा
140_016.png,विषय
140_019.png,प्रबन्ध
140_022.png,महोत्सव
140_029.png,हु
140_033.png,अपर्याप्त
140_035.png,आपूर्ति
140_036.png,क्वो
140_037.png,समस्या
140_039.png,लगी
140_042.png,सम्बंधित
140_043.png,निष्कार
140_055.png,बढ़ादों
140_056.png,जनसंख्या
140_058.png,समस्या
140_059.png,त्रिर्णया
140_063.png,गरी
140_067.png,जज्बीको
140_068.png,व्यवस्थित
140_069.png,प्रयोग
140_072.png,पति
140_074.png,अकसर
140_078.png,पाइपा
140_081.png,आपूर्ति
140_084.png,प्रमुख
140_085.png,व्याकरण
140_089.png,खाना
140_092.png,सामना
140_093.png,हमी
140_100.png,कि
140_101.png,सम्यग्दर्शन
140_102.png,क्षो
140_104.png,तो
140_105.png,एपी
140_110.png,अपनाई
140_111.png,पर्ध
140_113.png,आशा
140_114.png,गर्दु
140_115.png,कि
140_118.png,पत्र
140_119.png,प्रकाशित
140_121.png,कू
140_126.png,अधिकारीक्ष
140_132.png,लागी
140_135.png,गर्दु
140_136.png,हुर्नंध
140_138.png,गुरांस
140_140.png,आम
140_141.png,नागरिक
141_009.png,नहं
141_018.png,४८
141_023.png,क्षे
141_028.png,हुईं
141_030.png,६ँ
141_032.png,दह
141_043.png,ऊँ
141_046.png,८़
141_056.png,ऊँ
141_079.png,नह
141_084.png,४८
141_092.png,२।
141_105.png,१८५७
142_002.png,नाचन
142_007.png,प्रथा
142_012.png,प्रणव
142_013.png,नेपाली
142_021.png,१७६१
142_026.png,भरप़ा
142_028.png,पथ
142_032.png,चीर
142_036.png,मर्मा
142_041.png,श्रद्धांजली
142_045.png,शेड
142_049.png,धारण
142_055.png,हार्देष्ठ
142_059.png,नेपाली
142_061.png,परिवार
143_000.png,तेज
143_001.png,निवावरण
143_002.png,माध्यमिन
143_008.png,मीति
143_010.png,शैक्षि
143_013.png,नयां
143_014.png,वर्ष
143_015.png,१४८०
143_016.png,का
143_018.png,थम
143_019.png,विशाखापट्नम
143_020.png,क्यूं
143_021.png,१९
143_022.png,मा
143_027.png,दिने
143_028.png,शैमिन
143_029.png,भ्रमण
143_030.png,कार्यक्रम
143_041.png,गर्भि
143_043.png,मिति
143_044.png,१४८०
143_048.png,मर्म
143_050.png,अन्तिम
143_052.png,१७६१
143_053.png,चैत्र
143_057.png,फोन
143_059.png,कार्यक्रम
143_060.png,आयोग
144_014.png,शोक।
144_023.png,ऋषि
144_038.png,बेलटिकरी
144_044.png,रू
144_053.png,डू
144_057.png,ईं
144_063.png,ॠष्मी
144_069.png,श्रे
144_075.png,मे
145_000.png,वातारपुर
145_002.png,लैँ
145_003.png,परामर्शदाता
145_006.png,बारे
145_009.png,लोचपूर्ण
145_012.png,ऊर्ध्वगमन
145_013.png,श्रीमान
145_020.png,पिष्य
145_035.png,संरण्या
145_037.png,रूपया
145_040.png,पशुमान
145_041.png,लगाऒन
145_044.png,मानाव
145_046.png,मात्र
145_057.png,पूँजारकों
145_059.png,हुम्मी
145_061.png,मांक्स
145_063.png,प्रयोग
145_068.png,यशस्ता
145_073.png,पर्वों
145_075.png,समस्याएं
145_083.png,लाई
145_084.png,बिके
145_093.png,रोशनदानों
145_094.png,मिर्जेगा
145_096.png,ज़रूरतें
145_098.png,खगोफि
145_103.png,रोण
145_104.png,हो
145_107.png,यशस्ता
145_108.png,संस्थानओं
145_120.png,मुखर्ण
145_121.png,गरीर
145_125.png,बाई
145_126.png,धार्गि
145_128.png,हामी
145_129.png,यशस्ता
145_133.png,मार्चै
145_134.png,हाम्रो
145_139.png,फूम
145_141.png,वातावरण
145_143.png,फाम
145_144.png,गर्ब
145_147.png,उपायुद्ध
145_150.png,जर्ती
145_153.png,बाहिर
145_154.png,वाण्ठा
145_155.png,क्षे
145_157.png,जगमगाती
145_165.png,हानी
145_166.png,हूबे
145_169.png,फाम
145_174.png,हुर्नी
145_177.png,शर्तमैमा
145_179.png,कपडा
145_180.png,कार्बंधी
145_181.png,सजाए
145_183.png,हामीले
145_184.png,पी
145_189.png,फफक
145_190.png,गानू
145_195.png,शूरेर
145_197.png,सचेत
145_198.png,जागरूक
145_202.png,यंस
145_211.png,मुष्टीय
145_212.png,पमा
145_213.png,लाम।
146_025.png,डॉ॰
146_038.png,ऊँ
146_047.png,ऐंठन
146_049.png,ऊँ
146_051.png,क्ष
146_056.png,का
146_057.png,ने
146_062.png,थे
147_001.png,चईं
147_003.png,परेको
147_005.png,बोर
147_017.png,हथान
147_023.png,एनआरएलएम
147_025.png,सार्थे
147_026.png,वातावरण
147_034.png,तीव्र
147_035.png,रूपया
147_038.png,अनुमान
147_043.png,मानव
147_050.png,कौ
147_052.png,जानेन
147_053.png,आजा॑
147_056.png,रुक़ी
147_057.png,औरतें
147_059.png,यूरोण
147_070.png,पर्वों
147_073.png,ऑनल
147_079.png,यूएएन
147_080.png,लाई
147_082.png,कुम
147_083.png,बनारको
147_085.png,वातावरण
147_087.png,बाह
147_090.png,रोशनदानों
147_091.png,सिर्जना
147_094.png,रूग
147_096.png,जोरे।
147_097.png,ज्यादता
147_098.png,रोग
147_100.png,जेरों
147_101.png,रोग
147_113.png,सिपेंना
147_123.png,होन
147_132.png,हारो
147_134.png,ऋतुलाई
147_137.png,क्षम
147_141.png,क्षम
147_143.png,हामीले
147_146.png,अपनान
147_148.png,ज़र्ते
147_151.png,वारीया
147_152.png,नक्कार्के
147_153.png,वन
147_155.png,को
147_160.png,बारे
147_163.png,ताताघाट
147_164.png,लाई
147_167.png,काम
147_170.png,इन
147_174.png,गये।
147_180.png,यान
147_182.png,र्दज
147_184.png,जननेवाला
147_186.png,टिखाए
147_188.png,धन्यवाद
147_190.png,डोलमा
148_007.png,कहॉं
148_010.png,कै
148_047.png,शुर्खा
149_006.png,कंका
149_019.png,कूलें।
15_000.png,नाम
15_002.png,क्विनी
15_010.png,नौनी
15_017.png,रीनि
15_019.png,फ्रेंक
15_026.png,संकल
15_039.png,पढ़ना
15_052.png,सांसी
15_056.png,खूँने
15_058.png,ङ्क्ष
15_059.png,किंग्सा
15_071.png,पुरू
15_079.png,मात्र
15_080.png,ङ्क्षूं
15_086.png,नाम
15_091.png,ऊँ
15_104.png,हून
15_110.png,रेस्टर्स
15_115.png,बीक्स
15_124.png,शंकरदेवी
15_126.png,सूर्यु
15_130.png,कोन्हीं
15_139.png,स्नी
15_142.png,क्वाँ
15_145.png,रूनि
150_010.png,ङ्क्षसह
150_021.png,ईं
150_033.png,ईश्वरों
150_044.png,कफ़
150_045.png,ईश्वर
150_052.png,डाइन
150_085.png,मैँ
150_100.png,निवाही
151_000.png,पक्षपा
151_031.png,कहान।
151_037.png,रो
151_044.png,तात्रा
151_047.png,तेंकने
151_049.png,मे
151_051.png,संस्कृति
152_015.png,४८़
152_020.png,ड़िग्र
152_035.png,श्रिष्ट्रीय
152_060.png,त्रियूँ
152_063.png,श्रद्धांजलि
152_066.png,नू
152_076.png,ऊँ
152_084.png,श्रेन
152_094.png,ईं
152_102.png,डगमगि
152_104.png,रिश्रेद
152_122.png,शक्तिप्त।
152_124.png,चित्रक
153_004.png,शोला।
153_008.png,रोका।
153_022.png,चलो।
153_050.png,डू
153_056.png,डिन्नर
154_002.png,माध्यमिक
154_005.png,मनोहरा
154_007.png,मीति
154_009.png,शैक्षि
154_014.png,१४८०
154_020.png,१४
154_021.png,अध्ययन
154_023.png,लारी
154_026.png,शैक्षि
154_032.png,टुटू
154_033.png,सकूँ
154_036.png,समर्थ
154_040.png,कार्यक्रम
154_041.png,मी
154_042.png,१४८०
154_052.png,१७६१
154_054.png,१४
154_055.png,तात्म्य
154_057.png,लारी
154_062.png,जेन
154_063.png,ऊर्ध्वगमन
155_001.png,मा
155_014.png,रो
155_033.png,लिखा।
155_037.png,ईं
155_038.png,रौ
155_053.png,फऱ
155_054.png,ऊँ
155_073.png,१७६१
155_081.png,ऊँ
155_086.png,लो
155_089.png,री
155_096.png,चेतने
156_007.png,वाजिज
156_011.png,फ़िज़ा
156_018.png,४५
156_024.png,पढ़ाई
156_028.png,शिर्ण
156_029.png,ईं
156_037.png,ऊं
156_057.png,बढ़ा।
157_006.png,चच्छे
157_010.png,मॉ
157_033.png,चेहरू
157_039.png,१९
157_045.png,४५
157_048.png,नहिं
157_049.png,चंच
157_063.png,कहीं।
158_000.png,लेखी
158_005.png,रोज
158_010.png,जेज
158_012.png,बिवा
158_016.png,नि
159_001.png,एएनएम
159_003.png,ऋणदाताओं
159_009.png,पर्च
159_010.png,ऋतु
159_012.png,श्राफी
159_015.png,पापी
159_016.png,ङ्क्षचत
159_028.png,उषाय
159_030.png,मेहलंत
159_035.png,रुपए
159_036.png,एफ
159_037.png,हो
159_045.png,श्रीष्मकाल
159_051.png,राई
159_054.png,त्रिष्ट्य
159_055.png,बहुत
159_065.png,ऊंच
159_067.png,श्रीमता
159_069.png,फ़र्र
159_084.png,रोग
159_096.png,पैता
159_097.png,क्राउन
159_104.png,फैता
159_106.png,वाग़
159_109.png,रिटाटा
159_110.png,ऊँच
159_112.png,ऋणदाता
16_001.png,यापा
16_002.png,मण
16_005.png,पा
16_007.png,नं
16_012.png,प्राण
16_013.png,हो
16_015.png,जापू
16_022.png,कलाकों
16_023.png,स्वरूप
16_028.png,कलासंग
16_030.png,मानिस
16_032.png,पर्न
16_035.png,कला
16_040.png,कलाकों
16_043.png,गैरेको
16_048.png,हिमालय
16_049.png,मुसुक
16_055.png,आंचलों
16_057.png,सजाऊं
16_059.png,पानामा
16_061.png,प्रत्यक्त
16_062.png,पर्ध
16_063.png,त्रणमा
16_067.png,मर्द्य
16_068.png,अर्न
16_072.png,पानार्थो
16_075.png,चित्रका
16_077.png,यही
16_078.png,चित्रका
16_079.png,मानव
16_081.png,विकासंगी
16_082.png,विविध
16_084.png,विधा
16_085.png,संस्कार
16_086.png,रे
16_087.png,संस्कृति
16_088.png,हंदे
16_093.png,यूएएन
16_097.png,कलासंग
16_101.png,पारदर्शों
16_103.png,प्राचीन
16_107.png,कीरियों
16_109.png,मानव
16_110.png,जीवने
16_111.png,वास्तविकता
16_115.png,चित्र
16_127.png,चित्र
16_128.png,हॅरे
16_129.png,मुस्करहांट
16_131.png,मानव
16_132.png,जीवनरंकी
16_133.png,सजींव
16_137.png,हॅर्द
16_138.png,पंत्रायोगिका
16_139.png,र्केक
160_000.png,डिस्मार्ल
160_006.png,प्रवर्ष
160_011.png,पुत्र
160_015.png,हु
160_017.png,क्वल
160_023.png,पुत्त
160_024.png,रत्न
160_043.png,चर्चि
160_046.png,नात्र
160_048.png,प्रयोक्ता
160_050.png,याय
160_053.png,चर्चा
160_056.png,स्वास्थ्यवर्धक
160_058.png,गिना
160_061.png,ऊर्ध्वगमन
160_066.png,टुक्स
160_068.png,मुग्मा
160_070.png,राष्ट्रा
160_085.png,रुपए
160_092.png,ऋषि
161_025.png,क्षुद्ध
161_039.png,मैँ
161_045.png,हट
162_008.png,राम
162_009.png,बहादु
162_010.png,तामाड़
162_017.png,स्विटजरलैण्ड
162_018.png,रोकगार
162_020.png,श्री
162_021.png,क्षुम
162_026.png,शंतेका
162_031.png,छु
162_036.png,कामना
162_039.png,सन्ताप्त
162_042.png,शर्त
162_043.png,शुर्का
162_045.png,प्रदान
162_049.png,अर्पण
162_057.png,प्राप्त
162_062.png,प्रकाशन
162_064.png,अध्यक्ष
162_068.png,परिवार
163_001.png,कुम
163_004.png,अहिले
163_007.png,देखा
163_013.png,सहयोग
163_014.png,पुर्बे
163_015.png,हद
163_016.png,सन्ने
163_020.png,त्रसैले
163_023.png,पुकुशन
163_026.png,सचेत
163_028.png,नागपुर
163_039.png,धन्यवाद
164_003.png,चेन
164_005.png,५़
164_014.png,ॠषि
164_028.png,ईं
164_052.png,ॐक़
164_055.png,ङ्क्षसह
165_002.png,बढ़ा।
165_005.png,मे
165_009.png,चि
165_015.png,क्रिएट
165_033.png,नह़
165_036.png,नेत
165_050.png,थॉर
165_051.png,वीर्तन
165_059.png,चीरहरण
165_063.png,हू
166_003.png,शान्तिपूर्ण
166_011.png,शक्त्र
166_014.png,नू
166_015.png,लाता।
166_027.png,ईं
166_036.png,ऊर्ध्व
166_038.png,क्ष
166_045.png,ऊँ
166_050.png,रू
166_062.png,ईंडू
166_064.png,ऊँ
166_068.png,श्रूद्धों
166_074.png,श्रद्धां
166_077.png,१४
166_081.png,मेँ
166_084.png,ईं
167_004.png,नेतू
167_028.png,ङ्क्षसह
167_029.png,पेज
167_031.png,ते
167_036.png,थै
167_046.png,मैँ
167_047.png,हुर्हों
167_050.png,नहॉं
167_054.png,शुर्क
167_057.png,ना
167_064.png,खां
168_001.png,शान्त
168_006.png,लो।
168_011.png,थो
168_014.png,ज़
168_028.png,बढ़ा।
169_004.png,ग्रा
169_007.png,प्रम
169_010.png,ऋणदाता
169_019.png,ऋत़
169_032.png,ज़म
17_000.png,नाम
17_006.png,नंपाली
17_009.png,प्रज्ञनान
17_010.png,शोभना
17_013.png,डीएसप
17_014.png,लुगालू
17_018.png,ज़्ञू
17_022.png,चाहूँ
17_028.png,रोमाना
17_030.png,टीसिसर
17_031.png,उनको
17_035.png,माधयमू
17_038.png,सुन्नू
17_041.png,मुन्न
17_044.png,हामीने
17_050.png,बाबें
17_051.png,शोकाले
17_052.png,रामुका
17_060.png,शुम्लें
17_061.png,पारू
17_064.png,नारु
17_067.png,डाको
17_068.png,बालेंर
17_071.png,ज्ञात्रो
17_072.png,सांगठने
17_073.png,बेमूं
17_074.png,बाबेको
17_078.png,बादमा
17_080.png,आदि
17_081.png,कम्पने
17_082.png,उज्ञावाद
17_083.png,विस्तार
17_090.png,ज्ञान्न
17_094.png,टैलिल
17_101.png,सुनिनी
17_102.png,शंका
17_106.png,कपडा
17_110.png,जेरे
17_112.png,जॉऊँ
17_113.png,मनेर
17_115.png,मुसां
17_116.png,बनाईं
17_120.png,समातेर
17_122.png,लायकों
17_124.png,क्षति
17_125.png,वाकाम
17_132.png,चारेर
17_135.png,शोभना
17_146.png,शोकाल्लाई
17_171.png,बोलन
17_172.png,लायें
170_000.png,भरपार
170_001.png,भण्डाई
170_003.png,नेयाज़
170_004.png,प्रजा
170_006.png,नेचाज़ी
170_008.png,श्री
170_010.png,ज्ञाती
170_015.png,भाषा
170_016.png,प्रेमि
170_017.png,भार्शिक
170_018.png,शुभक्ता
170_019.png,स्वं
170_023.png,मन्ने
170_024.png,ह्रेनु
170_025.png,५े
170_026.png,प्रदान
170_029.png,नेयाजी
170_031.png,ईंड
170_032.png,प्रति
170_033.png,निन्न
170_038.png,नाम
170_039.png,थर
170_040.png,कद
170_042.png,नाम
170_043.png,टेगाना
170_047.png,फुसफा
170_048.png,प्रमुख
170_049.png,जय
170_052.png,नेपाजी
170_053.png,शब्द
170_054.png,कोध
170_057.png,१७६१
170_058.png,वैशाख
171_003.png,पड़ी।
171_005.png,ज़
171_014.png,ईं
171_027.png,ॠषि
171_030.png,नाचने।
171_039.png,बढे
172_005.png,प्रतिष्टताधर्म
172_007.png,भाषाओं
172_008.png,श्रीष्ट्राथ
172_013.png,नेपाली
172_015.png,नार्बाष
172_016.png,शुच्चता
172_017.png,२०१५
172_019.png,सहजता
172_021.png,जूटने
172_023.png,प्रयान
172_026.png,निषाली
172_027.png,शब्द
172_029.png,दुईं
172_030.png,प्रति
172_033.png,भण्डाई
172_039.png,रेगाना
172_040.png,प्रवाश
172_043.png,प्रमूख
172_045.png,चच्चे
172_047.png,१७६१
173_018.png,खां
173_019.png,रोकगे
173_031.png,कंक
174_022.png,निनाई
174_023.png,ज़
174_039.png,त्रिफ़
174_041.png,मैत्रीय
174_050.png,श्रद्ध
174_051.png,क्षुप्र
174_063.png,थो
174_064.png,रो
174_065.png,अंसारीफ़
175_016.png,डे
175_019.png,ऊँ
175_037.png,रो
175_038.png,क्षै
175_043.png,रो
176_006.png,टोलाम।
176_013.png,निष्काली
176_019.png,दिनूँ
176_026.png,कार्यालय
176_029.png,मनोहरा
176_040.png,कार्यकला
176_044.png,निर्ञाण
176_045.png,गयें
176_046.png,फुरा
176_048.png,आरुषी
176_056.png,रहेह
176_060.png,देशभक्ति
176_065.png,कुठारानी
176_070.png,रूर
176_071.png,पर्चि
176_075.png,गर्दा
176_080.png,के।
176_086.png,सांचों
176_087.png,हैँ
176_094.png,रत्ती
176_100.png,सही
176_102.png,लामा
176_103.png,शेर्ण
176_105.png,ब्लेकों
176_108.png,फ़ू
176_113.png,नमुना
176_116.png,आये
176_128.png,पेट
176_132.png,परिवार
176_133.png,खुसी
176_134.png,हुने
176_137.png,हाम्रो
176_141.png,हुईं
177_017.png,४५फ़
177_019.png,ऋत़
177_020.png,ब्रांडेड
177_022.png,मैँ
177_035.png,डू
177_055.png,५़ं
177_056.png,४५
177_057.png,क्षै
177_059.png,तरपफ
177_092.png,४८
177_100.png,पत्रक
177_104.png,ईं
178_001.png,रोटा।
178_017.png,मॉ
178_018.png,निवावरण
178_031.png,नं
178_034.png,क्षित
178_037.png,रोटा
178_044.png,ईश्वर
178_046.png,तत्ववाद।
178_047.png,२।
178_056.png,उड़ने
178_073.png,आश्राव
178_089.png,कहानी।
178_090.png,कहानी।
179_012.png,रा।
179_014.png,दुःख़
179_017.png,बढ़ा।
179_021.png,ईं
179_032.png,ईं
18_002.png,शाही
18_005.png,रव
18_015.png,नि
18_019.png,कि
18_020.png,हैंब
18_023.png,आंखा
18_026.png,पारेन
18_027.png,एन्वायरुमेंट
18_028.png,नि
18_030.png,क़त्लॉई
18_031.png,कंजाबन
18_038.png,क्यूँ
18_044.png,मन्दै
18_045.png,नान
18_046.png,भगोर
18_050.png,गेरी
18_059.png,चाहिएं
18_064.png,मेवा
18_065.png,निकी
18_066.png,तात
18_068.png,शब्द
18_070.png,नर्ते
18_074.png,म़लाई
18_076.png,चोर
18_079.png,चाहिं
18_080.png,क्व
18_087.png,चोन
18_088.png,चाहिं
18_092.png,चोख
18_094.png,चाहिं
18_095.png,कैले
18_098.png,वर्ष
18_099.png,चोन्ने
18_100.png,अश्यास
18_107.png,चोपड़ी
18_112.png,लाज
18_118.png,यो
18_121.png,लाईं
18_126.png,पत्नि
18_145.png,नौ
18_147.png,कामज़ा
18_149.png,हं
18_150.png,हो
180_025.png,ऊँच्छ
180_028.png,ऊँ
180_041.png,पेज
180_052.png,१९४६
180_090.png,हु
180_092.png,पेज
181_002.png,मीति
181_004.png,श्रमिन
181_005.png,सॉफ्टव
181_007.png,शाहिद्य
181_009.png,जयप्रण
181_011.png,विष्शकर
181_017.png,बूढ़े
181_028.png,पीड़ा
181_029.png,डू
181_030.png,स्वास्थ्यवर्ण
181_035.png,प्रॉपफेंटल
181_043.png,फोर्नोग्राफ़र
181_047.png,औरतें
181_051.png,परे
181_052.png,कोरोंना
181_057.png,कृपण
181_059.png,पर्वों
181_064.png,चिकित्सकों
181_065.png,ठप्पाई
181_068.png,प्रमुखता
181_070.png,पृथ्वीकों
181_071.png,तापमान
181_076.png,आर्होले
181_081.png,मात्र
181_082.png,नक्सर
181_087.png,मूलतः
181_096.png,उत्सर्जन
181_104.png,कारण
181_111.png,दूँसरे
181_114.png,पश्चावन
181_115.png,राखी
181_116.png,प्रयोको
181_130.png,स्वर्गी
181_137.png,देखियन
181_147.png,न्युत्क्रम
181_148.png,रार्न
181_152.png,या
181_155.png,भूनें
181_164.png,दुःष
181_168.png,निष्कायम
181_170.png,सहयोग
181_172.png,छह
181_176.png,यंत्रण
181_182.png,सच्चे
181_186.png,पग
181_187.png,पत्रिकाल
181_188.png,दीन
181_195.png,सुनिए
181_196.png,त्रामाड़
182_011.png,वृक्ष
182_012.png,नंव
182_015.png,वहां
182_017.png,लिला
182_020.png,रिर्वा
182_022.png,मारा
182_030.png,दुःष्ट
182_034.png,हाभी
182_042.png,स्वतत्ध
182_048.png,श्वर्गीय
182_050.png,चीख
182_058.png,सर्वथा
182_059.png,व्यक्त्व
182_063.png,परिवा
182_064.png,गिबी
183_001.png,विनायक
183_002.png,माध्यमिक
183_005.png,मनोहरा
183_008.png,मोर्त
183_009.png,ब्रह्मचार
183_014.png,बर्बा
183_021.png,१९
183_022.png,मा
183_023.png,मध्यरात्र
183_025.png,लायि
183_027.png,च्विने
183_028.png,शुर्षि
183_031.png,भाषोन्नता
183_042.png,कार्यय
183_044.png,४०००
183_049.png,श्लेआम
183_053.png,सींते
183_056.png,४०
183_057.png,यतोत्सव
183_058.png,ऋणद्ता
183_062.png,राजन
184_016.png,शोका
184_019.png,बढ़ा।
184_021.png,फैक्टी
184_022.png,तेंकियों
184_049.png,क्षत्रिा
184_054.png,श्री
185_003.png,थी।
185_008.png,ईं
185_010.png,लेखा।
185_017.png,थी।
185_020.png,करैंगा
185_023.png,ठोका
185_030.png,चड़
185_033.png,औषध
185_040.png,ना
186_017.png,गाड़
186_024.png,४५
186_035.png,ब्रैडबरः
186_042.png,कैफ़े
186_050.png,मुड़
187_007.png,ना
187_019.png,निज्ञान
187_020.png,रो
187_025.png,रो
187_030.png,बढ़ा।
187_038.png,रा।
187_039.png,रो।
188_026.png,ऍंर
188_029.png,४५
188_040.png,कर्मठ
188_043.png,कर्त
188_044.png,वर्ष
188_054.png,श्रेह
188_057.png,सुविधानुसार
189_007.png,पेर्न
189_008.png,ईषद्वि
189_011.png,ईं
189_032.png,रूका
189_038.png,कहं
189_043.png,४०
189_053.png,वी
19_004.png,सम
19_011.png,नोन्मित
19_013.png,के
19_014.png,कस्ता
19_016.png,बताएग
19_017.png,घ्वन
19_018.png,स्पष्ट
19_021.png,१६
19_027.png,समझाए
19_029.png,कुर्तिता
19_030.png,जे
19_035.png,बनाइए।
19_036.png,निर्ञात्र
19_037.png,चेरै
19_038.png,हरुश
19_041.png,प्रणम्त
19_044.png,चर्चि
19_048.png,सेवा
19_051.png,नै
19_053.png,पुर्बों
19_054.png,तलब
19_059.png,ने
19_062.png,सप्ता
19_063.png,राजपथ
19_064.png,मैजा
19_068.png,सड़क
19_080.png,मात्र
19_083.png,जब
19_084.png,पराइयो
19_085.png,पर्न
19_086.png,वात्परता
19_090.png,शान्ति
19_096.png,अर्जें
19_102.png,मरुरत
19_103.png,हौ
19_104.png,तर
19_108.png,रोशनदानों
19_112.png,हैनों
19_113.png,सर्ब
19_115.png,स्वार्थ
19_116.png,मार
19_127.png,योग्य
19_129.png,स्वर्ग
19_132.png,रचा
19_133.png,विलासी
19_134.png,जीवन
19_135.png,वा
19_136.png,मीर्य
19_137.png,मीरो
19_138.png,पक्षपात
19_140.png,बच
19_149.png,स्वर्ग
19_154.png,स्वर्ग
19_155.png,बनाइए
19_156.png,स्वर्गी
19_164.png,पिड़ा
19_167.png,हजार
19_168.png,सप्ता
19_172.png,खर्च
19_173.png,पर्दि
19_175.png,अर्न
19_179.png,मर्मा
190_012.png,ऊँ
190_015.png,नर्न
190_018.png,ईं
190_019.png,ज़
190_021.png,श्रेहिन
190_033.png,लड़का
191_013.png,ऍं
191_017.png,तितो
191_030.png,पाँ
191_033.png,के
191_045.png,प्राणिक
192_012.png,चे
192_018.png,चूनू
192_019.png,४५
192_024.png,क्षें।
192_028.png,ङ्क्षचति
192_029.png,पत्थरों
192_041.png,१४
192_047.png,१९
192_060.png,१४
192_072.png,श्रिक्ष
192_074.png,४०
192_087.png,ॠष्य
192_090.png,चुन्न
192_097.png,गुजारिश
192_098.png,खां
192_106.png,भौगोलिक
193_000.png,मेरे
193_003.png,मारामा
193_006.png,सुचना
193_016.png,नयनते
193_019.png,वृद्ध
193_024.png,ल्याऊं
193_027.png,योग्य
193_031.png,तीव्र
193_033.png,ल्याऊं
193_037.png,व्यवस्था
194_000.png,चित्रग्मा
194_002.png,नैवेदिया
194_029.png,अनिहार
194_034.png,दुर्इ
194_035.png,रू
194_039.png,नश्त्रता
194_046.png,म्यानि
194_048.png,मत्स्य
194_049.png,ॠषि
194_056.png,नर्न
194_058.png,रो
194_059.png,ऋषि
194_063.png,शर्द
194_065.png,चिल
194_067.png,खाने
194_079.png,रेखीय
195_001.png,चिटी
195_007.png,धर्मवाश
195_013.png,सम्बध्धा
195_014.png,गोरखपुरा
195_016.png,अफ़लुमा
195_017.png,बढ़ाई
195_023.png,समस्या
195_024.png,पद्मभूषणों
195_025.png,पढ़ें
195_027.png,पीड़ा
195_028.png,हुनु
195_030.png,हों
195_032.png,बि्रटिके
195_034.png,प्रयोक्तों
195_035.png,नवयागुमा
195_038.png,अमर
195_042.png,बढ़ेका
195_044.png,अहिले
195_052.png,तोड़
195_054.png,पौलुमा
195_056.png,वातावरण
195_058.png,कुछँ
195_061.png,ठप्ताह
195_063.png,वातावरण
195_066.png,पृथ्वी
195_067.png,तापमान
195_069.png,रुपमा
195_073.png,पूछताछ
195_074.png,व्यक्गित
195_076.png,राष्ट्रीय
195_077.png,मोत्र
195_078.png,नश्तर
195_080.png,समस्या
195_083.png,मूलत
195_084.png,सवारी
195_085.png,साधन
195_089.png,समया
195_094.png,रेष्ठो
195_101.png,ब्ले
195_104.png,थर्फैले
195_107.png,देश्ते
195_113.png,समाधानम
195_122.png,चल्वे
195_123.png,सवारी
195_127.png,सवारी
195_128.png,साधकुनी
195_137.png,न्यूनीक्षण
195_140.png,माद्ध्यमार
195_141.png,कुर्बान
195_146.png,गम्मी
195_148.png,थी
195_150.png,अपनायी
195_155.png,क्यूं
195_158.png,अहिले
195_162.png,कुराना
195_166.png,सहयोग
195_170.png,मेरों
195_171.png,विश्वास
195_174.png,यथासंभवी
195_184.png,सम
195_185.png,पार्तेवाले
195_186.png,दिनें
195_190.png,विव्वस्त
195_194.png,श्रीव
196_001.png,ली।
196_012.png,ईं
196_028.png,त्रिक्र
196_032.png,ईं
196_040.png,लेतों
196_044.png,कण
196_045.png,द्वार्द्ध
196_073.png,गढ़वे
196_074.png,शंकरदेव
196_079.png,लेखा।
196_082.png,पोस्ते
196_083.png,रो
196_087.png,लोका।
197_001.png,उर्वर्
197_003.png,क्षि
197_007.png,इच्छाशक्ति
197_008.png,चाताल
197_011.png,निष्म
197_015.png,आवष्यकता
197_016.png,शिल्ली
197_019.png,धीर्घार
197_026.png,बुन
197_027.png,भाषामा
197_028.png,उत्सर
197_030.png,र्धे
197_033.png,आरोक
197_034.png,मालीवित्र
197_036.png,ऊपर्छ
197_039.png,साम्यवाद
197_043.png,ॠषित
197_052.png,अमरन
197_053.png,पर्चा
197_055.png,श्रमिश्र
197_056.png,क्षेन
197_057.png,आर्के
197_059.png,लच्छाईं
197_060.png,रीडरश
197_061.png,पानीमा
197_063.png,पत्ति
197_065.png,लम्बाई
197_070.png,पानीमा
197_072.png,तात्रि
197_075.png,लम्बारू
197_076.png,वनस्पति
197_081.png,लेख
197_082.png,वनस्पति
197_088.png,विकास
197_089.png,पर्ध
198_000.png,फ़रि
198_005.png,ऋणदाता।
198_007.png,निचले
198_018.png,केनै
198_031.png,चूह
198_037.png,ज़म
198_043.png,चुनूँ
199_003.png,करते
199_011.png,स्पेन
199_026.png,रक्ष्मि
199_029.png,मे
199_042.png,मो
2_005.png,मुनि
2_012.png,तत्पश्चा
2_017.png,जल्दार्थ
2_034.png,निन्दुर्थ
2_044.png,रेकग्राउण्ड
2_048.png,लामों
2_061.png,सर्वोत्तर
2_068.png,शब्ब
2_081.png,क्व
2_084.png,जय
2_096.png,कार्बाके
2_100.png,ज़र्ते
20_009.png,गैकियों
20_011.png,भ्रमरफ्तों
20_013.png,पापाओं
20_014.png,दुर्च्या
20_018.png,फ्रिज
20_023.png,पगड़ने
20_040.png,बनाइयो
20_048.png,लार्डर
20_049.png,बनाइयो
20_052.png,त्रेब
20_055.png,तत
20_062.png,तित
20_068.png,ट्रिम
20_070.png,मार्गो
20_075.png,जयप्रकाश
20_077.png,मार्वा
20_078.png,फ़र्बे
20_081.png,साज
20_087.png,पत्नि
20_090.png,विशिष्ट
200_005.png,नेपाल
200_010.png,सुवालॉज
200_012.png,प्रयान
200_015.png,नैयाली
200_023.png,नमुना
200_027.png,भरपारी
200_029.png,नेपाल
200_032.png,पापाकों
200_033.png,श्रीष्ट्रिया
200_035.png,क्रालिका
200_036.png,प्रत्याकरण
200_040.png,भाषिक
200_047.png,हैनुले
200_050.png,बृध्
200_051.png,नेपाली
200_053.png,कांश
200_057.png,अनुमा
200_061.png,बुस्ने
200_062.png,नाम
200_063.png,या
200_064.png,राम
200_068.png,टेगाना
200_070.png,प्रकाल्य
200_072.png,सुवा
201_004.png,राष्ट्री
201_007.png,श्री
201_012.png,शक्तिश
201_018.png,नयाँ
201_019.png,पर्यटक
201_027.png,तया
201_030.png,लगायत
201_032.png,ङ्क्षसह
201_040.png,थर्र
201_043.png,पश्चित
201_047.png,वैश्वाय
201_055.png,शिखर
201_056.png,तया
202_000.png,भरपाई
202_002.png,चर्चे
202_003.png,चित्रवान
202_004.png,पवन
202_010.png,माध्यमिक
202_012.png,प्रयान
202_013.png,गरेकी
202_014.png,उपहारकर
202_015.png,उपहारकर
202_017.png,प्रजनन
202_020.png,लक्ष्ण
202_026.png,नाम
202_029.png,बेलटिकर्ता
202_039.png,मिति
202_040.png,१७६१
203_005.png,ऊँ
203_008.png,३ं
203_016.png,हुईं
203_033.png,चूनें
203_041.png,ऋषः
203_057.png,ऋषि
203_073.png,चंद
203_087.png,ज़्ञा
203_090.png,कर्मठ
203_102.png,ङ्क्षसह
203_107.png,सुविधानुसार
204_009.png,रू
204_018.png,रोकगे
204_024.png,थो
204_027.png,ऊँ
204_039.png,प्राद्धि
204_052.png,शिक्षा
204_060.png,री
205_004.png,पुरूषगर्दे
205_017.png,विष्ठा
205_020.png,साक्ष
205_028.png,छू
205_034.png,पारदर्श
205_036.png,कारण
205_038.png,विभिन्न
205_039.png,रोशनद्र
205_043.png,युन्ने
205_044.png,साधारणत
205_045.png,करणसापेक्षता
205_049.png,कारणवश
205_054.png,प्रखास
205_061.png,कारगर
205_062.png,आंजोवन
205_064.png,ईँ
205_066.png,पारून
205_070.png,पार्नी
205_080.png,मन्ना
205_084.png,समाधान
205_086.png,सबे
205_091.png,समस्याएं
205_093.png,भक्ष्य
205_094.png,बिरो
205_097.png,मन्ने
205_098.png,आसा
205_099.png,गर्दु
205_104.png,सागु
205_105.png,पुणान्त
205_106.png,अनुरोध
205_107.png,गर्बु
205_108.png,सर्वथाय
205_109.png,बिकला
205_110.png,सुनुषार
206_002.png,जन्म
206_006.png,फोर्ट
206_008.png,ब्रह्मचार
206_010.png,सीम
206_012.png,तामाड़
206_019.png,स्रीम
206_022.png,किनि
206_026.png,अत्यधिक
206_027.png,निधन
206_028.png,भक्की
206_029.png,ह्या
206_032.png,चि
206_034.png,कामना
206_038.png,धैर्थ
206_041.png,शश्रि
206_043.png,प्रजान
206_047.png,श्रद्धालुनती
206_048.png,अर्पण
206_050.png,चोरा
206_051.png,सुविन
206_052.png,तामाह
207_001.png,एल्टन
207_003.png,ॠषिक।
207_012.png,ईंट
207_015.png,पेज
207_018.png,नी
207_019.png,र्दज
207_021.png,डिवाइन
207_026.png,फैक्ट।
207_051.png,मैँ
207_055.png,मे
207_056.png,मैँ
207_059.png,र्दज
207_063.png,पेज
208_000.png,कहाना।
208_002.png,रोटा।
208_026.png,चढ़न
208_038.png,जे
209_000.png,लो
209_008.png,ईं
209_009.png,तैरा
209_023.png,त्रिको
209_026.png,री
209_037.png,चार्फ़
21_006.png,पर्वे
21_017.png,तर्कशक्ता
21_045.png,ज्ञानयज्ञ
21_049.png,जलप्रलय
21_058.png,न्याय्प
210_004.png,पोसे
210_006.png,लोका।
210_008.png,लोगा।
210_011.png,नेक
210_014.png,नि
210_018.png,उद्ध
210_031.png,नि
210_036.png,डे
210_042.png,लोगा।
210_049.png,नेंक
210_055.png,२ं
210_075.png,री
210_076.png,री
211_001.png,चिही
211_003.png,वारायण
211_008.png,श्रीमान
211_017.png,विष्ठ
211_021.png,वातारपुर
211_033.png,जाइए
211_046.png,धुवा
211_051.png,नया
211_054.png,शर्न
211_062.png,जागलों
211_065.png,पारदर्श
211_067.png,प्रदुण
211_075.png,सूरज
211_076.png,पद्मभूषण
211_084.png,समाधान
211_087.png,निवासंपन्न
211_093.png,छह
211_096.png,भाँच
211_109.png,लामा
212_004.png,ईं
212_036.png,ना
212_046.png,ईं
212_059.png,शख़नी
212_065.png,लाला।
213_001.png,कहान।
213_014.png,डू
213_027.png,ईं
213_033.png,ठ़
213_051.png,हुन्ह
213_057.png,दुः
213_070.png,१४८०
213_075.png,दुःध
213_079.png,के
213_097.png,क्षे
214_012.png,४५
214_018.png,ख़ा
214_028.png,त्रालय
214_030.png,पेज
214_042.png,सुविधानुसार
215_001.png,नमुना
215_002.png,कुनै
215_003.png,नाम
215_004.png,चेको
215_009.png,मा
215_010.png,नयाँ
215_011.png,मनाका
215_014.png,मनुना
215_015.png,गया
215_017.png,मर्ना
215_019.png,मर्ना
215_023.png,रूक
215_025.png,उत्कृष्ट
215_029.png,प्रयान
215_030.png,गरें
215_032.png,या
215_035.png,क्ष
215_037.png,का
215_039.png,षेक्षान
215_041.png,व्यवस्थापन
215_043.png,क्षण
215_044.png,१९
215_045.png,मा
215_046.png,नयाँ
215_047.png,आर्षग्रंथों
215_048.png,संघर्ष
215_049.png,जानकारी
215_051.png,चिट
215_059.png,सुरुचित
215_060.png,पर्दोला
215_061.png,ष्प
216_000.png,दिक्कतें
216_004.png,घाने
216_007.png,उत्तर
216_014.png,हो
216_015.png,मिलिकेश्वर
216_018.png,अमेठा
216_022.png,पाबने
216_025.png,कै
216_026.png,हो
216_032.png,स्वतत्रत
216_037.png,पूर्ण
216_041.png,फतव्य
216_044.png,सगुणवालों
216_050.png,बढ़ी
216_051.png,प्रवाह
216_055.png,संचालन
216_060.png,फ्यूज
216_062.png,भई
216_073.png,केा
216_076.png,चित्रका
216_081.png,लमों
216_085.png,टिवास
216_089.png,पो
216_092.png,बुष्ठ
216_094.png,व्यवस्था
217_001.png,पिक्टी
217_002.png,ता
217_004.png,श्री
217_011.png,विषय
217_015.png,सम्बध्दा
217_018.png,मनोहरा
217_021.png,निषासी
217_022.png,स्थायी
217_024.png,हु
217_032.png,अभाव
217_035.png,गर्पा
217_037.png,निर्ञाण
217_040.png,गरेको
217_048.png,निर्ञाण
217_049.png,ता
217_050.png,लाणि
217_055.png,मनवान
217_060.png,ब्रही
217_061.png,इश्या
217_062.png,बाट
217_065.png,सार्वजनिक
217_068.png,लाणि
217_070.png,आवश्यलक
217_073.png,प्रयोग
217_080.png,क्षम
217_081.png,थो
217_083.png,पत्र
217_087.png,ज्योहारा
217_089.png,हो
217_091.png,हरेगा
217_094.png,क्षण
217_095.png,श्रेन
217_096.png,व्यार
217_097.png,हु
217_099.png,स्वर
218_015.png,१४
218_018.png,गूं
218_032.png,थि
218_034.png,ॐक्ष
218_035.png,बा
218_060.png,क्षत्रों
218_061.png,ऋणदानि
219_007.png,१६
219_037.png,१६
219_046.png,ऊँचा
219_051.png,श्रवण
219_056.png,ङ्क्षसह
219_061.png,ऊँ
219_064.png,फफक
219_077.png,श्रृंद्ध
219_085.png,ईं
219_086.png,श्रुद्ध
219_092.png,क्रुक्ध
219_093.png,डू
219_097.png,ङ्क्षसह
219_105.png,ईं
219_112.png,इक़बाल
219_121.png,गर्मा
22_000.png,नाम
22_009.png,लागी
22_011.png,श्रे
22_014.png,बानीले
22_015.png,हामीलाई
22_023.png,फाइन्साइन
22_030.png,मंगलात
22_033.png,क्वों
22_035.png,घूमें
22_045.png,कालमा
22_052.png,स्नामा
22_054.png,माइकर
22_057.png,किवाब
22_058.png,ज़तन
22_059.png,गाँने
22_060.png,बानी
22_061.png,मिठाइयाँ
22_064.png,आज़
22_065.png,गर्न
22_066.png,रिकॉर्ड्स
220_000.png,श्री
220_004.png,मनोश्या
220_012.png,मत्स्यपाता
220_017.png,तर
220_022.png,मय्र
220_026.png,चू
220_027.png,एंत्रालय़
220_031.png,पराते
220_033.png,वर्ज
220_034.png,चूर
220_044.png,लाई
220_045.png,दुर्दशाधो
220_046.png,अन्यान
220_049.png,मनान
220_057.png,जात्रों
220_062.png,लार्ब
220_069.png,मनु
220_071.png,रन्ना
220_077.png,नाता
220_080.png,र्दज
220_085.png,क्षय
220_088.png,बमोजंम
220_092.png,कंब
221_027.png,नि
221_030.png,क्षुब्ध
221_040.png,ॠषि
221_044.png,पक्ष
221_046.png,फ़
221_069.png,ईश्वरूप
221_070.png,पद्धति
221_072.png,नान।
221_077.png,क्ष
221_083.png,भौगोलिक
221_088.png,पॉपस्टार
221_091.png,पेशे
221_092.png,गोला।
222_003.png,क्वल
222_012.png,कुन
222_013.png,प्रज्ज्वलन
222_016.png,स्वर्ग्रह
222_017.png,हु
222_019.png,न्वन
222_023.png,छुलन
222_026.png,चयन
222_056.png,उत्क्री
222_060.png,र्ध्र
222_061.png,निर्देश्त
222_062.png,श्रद्धांत्र
222_063.png,श्रमदान
222_065.png,नू
222_074.png,चर्चाऊ
222_075.png,प्रत्यक्त्व
223_001.png,हाइड्रोजन
223_003.png,निर्ञाण
223_006.png,गरिने
223_010.png,हर
223_012.png,पाती
223_017.png,पर्व
223_024.png,र्दज
223_025.png,चश्मा
223_027.png,आदि
223_035.png,प्रयोग
223_036.png,गर्वपूर्व
223_038.png,गाड़ी
223_039.png,प्रख्याती
223_040.png,रीकियाँ
223_041.png,यात्रुद्ध
223_043.png,हुकिन्दुर
223_047.png,कारणवश
224_013.png,ज़
224_016.png,ई।
224_035.png,तेाना
225_006.png,फ़
225_020.png,रो
225_023.png,गयां
225_028.png,पड़ी।
225_029.png,मे
225_030.png,उड़ें
226_006.png,डून
226_016.png,चच्छा
226_019.png,विक्रम
226_023.png,क्षय
226_032.png,ऋषि
226_036.png,फारिस्को
226_038.png,के
226_039.png,स्पेल
226_046.png,ऊँ
226_047.png,धोल
226_050.png,भौगोलिक
226_052.png,अयोग्य
226_056.png,प्रसारण
226_057.png,चर्च्छ
227_002.png,खो
227_018.png,कफ़न
227_022.png,ना
227_039.png,ऊँ
227_048.png,कहान।
227_049.png,बढ़ा।
227_050.png,गया।
228_003.png,वश
228_021.png,ईं
228_032.png,डार्ट्रिक
228_037.png,नर्न
228_038.png,ऊँ
228_042.png,हुईं
228_062.png,नह़
229_003.png,मां
229_015.png,नात
229_016.png,तर्कूल
229_018.png,पोस्ते
229_025.png,रू
229_032.png,रू
229_041.png,ज़मां
229_046.png,शंक्षि
23_001.png,लीणि
23_003.png,हो
23_005.png,गर्मे
23_006.png,बानीले
23_008.png,महान
23_009.png,व्यक्तिवाचक
23_011.png,यशरास
23_012.png,यशस्वे
23_013.png,हाम्रो
23_016.png,तरीकाने
23_017.png,उपभोग
23_022.png,संगत
23_024.png,पुस्तकों
23_026.png,घुमेंर
23_027.png,झाफूनो
23_029.png,विकास
23_031.png,सकों
23_036.png,हुने
23_037.png,दिवारी
23_039.png,मध्यपालन
230_005.png,कर्मठ
230_009.png,चुर्इ
230_015.png,डू
230_023.png,२।
230_025.png,मैँ
230_030.png,ङ्क्षसह
230_034.png,इच्छ
230_050.png,ऊँचाई
230_052.png,ॐकार्त
231_001.png,पड़ी।
231_005.png,शर्मा
231_018.png,बढ़ा।
231_035.png,यह्
231_041.png,ऊँ
231_045.png,ना
231_047.png,रू
231_049.png,शंकों
231_063.png,अश्रु
231_067.png,री
231_073.png,ना
232_003.png,रू
232_005.png,के
232_007.png,थो
232_030.png,करुणा
232_032.png,मे
232_040.png,ऊँचू
232_041.png,डिर्न
232_045.png,रो
232_053.png,ऊँचू
232_062.png,ख़ाई
232_071.png,त्रि
232_074.png,भौगोलिक
233_001.png,ला।
233_015.png,४५
233_019.png,चे
233_031.png,ख़ाई
233_037.png,खो
233_042.png,थें।
233_045.png,ख़ित्वों
233_060.png,क्षण
233_063.png,ऋषि
233_070.png,श्रद्धां
233_074.png,थो
233_083.png,लेखी।
234_003.png,खां
234_007.png,लोका।
234_014.png,लोका।
234_017.png,एक्ज
234_029.png,कहॉं
234_035.png,वं
234_045.png,मण्ड
235_002.png,ण्यु
235_011.png,स्पष्टता
235_018.png,निवासी
235_021.png,हु
235_024.png,सार्वजनिक
235_026.png,न्यायाव
235_036.png,हु
235_040.png,योग्यमा
235_047.png,भरप्बे
235_049.png,मनान
235_050.png,राई
235_051.png,मेरो
235_052.png,जंगामा
235_061.png,लारोग
235_062.png,चाहिनो
235_063.png,न्यायरूप
235_065.png,गिराली
235_068.png,मेले
235_077.png,साथ
235_078.png,मधुशाला।
235_080.png,हु
235_082.png,साचा
235_083.png,हो
235_087.png,सुच्च्या
235_088.png,बुझक्कङ
235_094.png,सोमवार
236_005.png,लोका।
236_008.png,पेश्वर
236_011.png,लोका।
236_014.png,बढ़ा।
236_016.png,गोलेन
236_018.png,बढ़वा
236_022.png,इंज्ञ
236_028.png,ने
236_030.png,तान्त
236_033.png,भक्तः
236_036.png,लो।
236_045.png,लोका।
236_052.png,ईं
236_053.png,ईं
236_066.png,लेखी।
237_010.png,क्ष
237_016.png,ऐसें।
237_020.png,क्रो
237_024.png,श्रयाक्त
237_025.png,फर्ग्य
237_031.png,श्रमदान
237_034.png,ऋणदाते
237_035.png,शुभक्मनाओं
237_036.png,त्रान
237_045.png,क्वल
237_048.png,श्रुष्त
237_050.png,फ़र्ज़
237_066.png,क्वाँ
237_078.png,श्रद्धांग्रेस
237_080.png,कुक्त
237_083.png,फ़र्ड
237_084.png,नक्का
238_005.png,पर्वे
238_015.png,च्याऊ
238_016.png,उमारि
238_024.png,न्यायर
238_025.png,पाकार्ड
238_026.png,रव्यान
238_028.png,मीह
238_031.png,ऊँ
238_032.png,फेन्ह
238_051.png,साइबर
238_056.png,साधन
238_062.png,स्टडा
238_064.png,हैँ
238_066.png,साइबर
238_069.png,जर्म
238_071.png,मोबाइल
238_074.png,हास्ट्रोजन
238_075.png,स्थाप्त
238_076.png,प्रयोग
238_078.png,दुर्इ
238_079.png,वा
238_081.png,मॉह
238_083.png,श्रमा
238_090.png,पिर्वर्ष
238_093.png,पर्वा
238_096.png,प्रकामी
238_097.png,सीकिंग
238_104.png,क्वारणवश
239_000.png,प्रश्न
239_001.png,१४
239_002.png,चाराओं
239_005.png,निमन्त
239_007.png,क्यान्सर
239_011.png,बनाइए
239_015.png,निन्दु
239_016.png,उत्चार
239_017.png,बनवाईए
239_018.png,साईकिन
239_019.png,प्रश्न
239_024.png,प्रसादकी
239_033.png,प्रयोरा
239_034.png,रघुराई
239_036.png,१५
239_037.png,सामाजिक
239_038.png,स्थापनाल
239_046.png,हर्ले
239_049.png,नर्क
239_050.png,साइबर
24_003.png,गर्दन
24_005.png,किताब
24_007.png,बानी
24_010.png,जूलाई
24_012.png,रार्न
24_013.png,मिज
240_008.png,के
240_012.png,चाराको
240_014.png,उपयोगकर्ता
240_019.png,बवारन
240_023.png,लिन
240_029.png,धाँस
240_035.png,नो
240_048.png,रू
240_057.png,ट्वाट
240_064.png,श्राम
240_065.png,तिर्ञाण
240_066.png,शर्द
240_067.png,प्रयोक्त
241_000.png,खुगना
241_003.png,श्री
241_006.png,विद्यालय
241_007.png,कारोघरी
241_010.png,भूषण
241_011.png,सामर्थ्यवी
241_013.png,नयाँ
241_014.png,वर्ष
241_015.png,१४८०
241_016.png,फ्रा
241_017.png,अवस्था
241_018.png,यंत्र
241_021.png,फगा
241_022.png,१५
241_023.png,मा
241_030.png,भ्रमण
241_032.png,आयोजना
241_035.png,चु
241_038.png,समझै
241_040.png,राष्ट्रबुन
241_041.png,अनुरोध
241_043.png,कार्यक्रम
241_046.png,आयोजक
242_013.png,ज़िज्ञान्त
242_016.png,बढ़ा।
242_036.png,न्यूड
242_038.png,श्रीक्ष
242_040.png,फ॔
242_044.png,विवशता
242_045.png,खां
242_051.png,गयें।
242_053.png,सुविधानुसार
242_058.png,पुरातत्व
243_000.png,सफाई
243_001.png,कपडाई
243_002.png,तर्रा
243_003.png,हूला।
243_005.png,ऊर्ध्वगमन
243_009.png,निकलना
243_011.png,कृष्ण
243_013.png,तया
243_014.png,निष्कपट
243_015.png,रफ
243_017.png,इच्छाशक्ता
243_022.png,सो
243_025.png,कार्ययोजनों
243_027.png,नाटा
243_029.png,बुर्इ
243_031.png,चो
243_038.png,पुरातत्वा
243_042.png,कुमी
243_052.png,४०००
244_013.png,क्रिन
245_015.png,कू
245_018.png,ईं
245_019.png,शंकरदेव
245_021.png,गये।
245_023.png,ईं
245_027.png,रो
245_036.png,रुँ
245_044.png,ला
245_050.png,ईंड
245_051.png,रो
245_052.png,मा
245_054.png,मे
246_001.png,लमुना
246_004.png,तितव
246_006.png,कार्यकल
246_007.png,मापर्फत
246_008.png,उपदार
246_010.png,तेज
246_011.png,बिनायक
246_012.png,मा
246_016.png,एंरको
246_017.png,विवरण
246_021.png,भण्डारे
246_030.png,स्वरूप
246_032.png,लेखा
246_033.png,प्रमुखते
246_037.png,पारिजात
246_038.png,बांट
246_039.png,बाटे
246_040.png,बोट
246_041.png,बोट
246_043.png,गिति
247_009.png,वीष्ण
247_010.png,मधुशीला।
247_013.png,पदस्थ
247_017.png,पब
247_020.png,मा
247_021.png,बसनोबास
247_022.png,गर्बे
247_025.png,पद्धतः
247_029.png,पर्वे
247_031.png,हाम्रो
247_036.png,रहेको
247_042.png,वा
247_044.png,पर्वे
247_046.png,ब्राफ्टी
247_048.png,ब्लागों
247_053.png,चु
247_056.png,हो
247_058.png,ठहरे
247_061.png,बुल्गारिया
247_062.png,ईंव
247_063.png,सम्कर्त
247_065.png,चैत्र
247_067.png,गलते
247_072.png,पुन
248_002.png,श्रा
248_006.png,रामिले
248_007.png,मतिनामा
248_008.png,ज़माने
248_009.png,परने
248_012.png,त्रिमा
248_023.png,उत्त्वन
248_024.png,रुनेलरे
248_025.png,हिस्त
248_028.png,सबिन
248_029.png,कॄषि
248_033.png,फर्मे
248_035.png,कुक
248_037.png,सामान
248_045.png,औपचोरिक
248_047.png,भावन्न
248_049.png,फ़र
249_000.png,तेज
249_001.png,विनायक
249_003.png,विद्यालय
249_005.png,मनोहा
249_008.png,मीचि
249_011.png,श्रवण
249_014.png,नयाँ
249_015.png,पर्व
249_016.png,२००८
249_018.png,अवायवसा
249_023.png,मा
249_024.png,अध्ययन
249_026.png,लारि
249_029.png,श्राविक
249_030.png,भ्रमण
249_031.png,कार्यक्रमों
249_032.png,आयोजना
249_033.png,गर्ने
249_034.png,लागिको
249_036.png,जे
249_037.png,विद्याशी
249_040.png,पम्पक
249_042.png,छुन
249_043.png,अनुरोध
249_045.png,कार्यक्रम
249_047.png,१४८०
249_048.png,वैशाख
249_050.png,गातोय
249_055.png,अन्तिम
249_064.png,आयोजना
249_066.png,फ़्याल
25_008.png,ऍं
25_013.png,व्यक्त्वंत्र
25_018.png,मत्स्यपूर्ण
25_021.png,अगस्त्य
25_042.png,श्रमदान
25_055.png,रत्नाग्रह
25_059.png,नरपत्र
25_061.png,व्यक्त्व
250_001.png,मे
250_007.png,पेज
250_017.png,ग्रे
250_019.png,रु
250_029.png,कंधि
250_042.png,रो
250_048.png,पोसे
250_051.png,रिक्रे
250_052.png,पेज
250_058.png,ना
250_059.png,ने
250_072.png,पोसे
250_073.png,१६३२
250_079.png,नर्तक
251_000.png,सूचना
251_001.png,सूचना
251_005.png,सम्बन्धिको
251_006.png,सूचना
251_007.png,चंडि
251_019.png,पाबन
251_020.png,अवायवसा
251_026.png,१९
251_034.png,नेजाने
251_035.png,निर्णय
251_036.png,रारेबो
251_040.png,त्वचा
251_043.png,यॉ
251_048.png,रूपये
251_051.png,नयनत्या
251_055.png,थो
251_056.png,पुजना
251_057.png,पत्नि
251_061.png,मिति
251_063.png,रूपए
251_066.png,बजे
251_070.png,नाट्यशाही
251_071.png,दरबार
251_072.png,जगमगात
251_074.png,आ॓फ
251_075.png,बुलाए
251_077.png,आयोजक
251_082.png,शेरवादार
252_001.png,लेखा।
252_018.png,नया
252_032.png,ज़
252_037.png,ऊँध
252_039.png,त्रिका
252_046.png,क्षै
252_048.png,फें।
252_059.png,थे
252_076.png,रो
252_080.png,थेर
252_096.png,रो
253_014.png,चढ़ा
253_055.png,मण्डी
253_057.png,पेज
254_007.png,थि
254_033.png,रीडरश
254_051.png,ज़्यूं
254_059.png,ख़ाई
254_062.png,ईं
254_066.png,रू
254_070.png,ना
254_074.png,४५
255_001.png,बढ़ा।
255_005.png,कंक
255_007.png,बचवा
255_030.png,पथ
255_032.png,आँखा।
255_035.png,रंदर्भ
255_039.png,ज्ञूनि
255_041.png,मी
255_043.png,थें
255_052.png,ज़ं
256_000.png,लाला।
256_001.png,रोटा।
256_005.png,लाला।
256_011.png,लोका।
256_015.png,बढ़ा।
256_019.png,रोकगा
256_021.png,बढ़वा
256_026.png,ईं
256_029.png,लिखा।
256_043.png,लोगा।
256_059.png,नानंबल
257_003.png,च्यू
257_008.png,विषय
257_031.png,खुल्ला
257_037.png,जनकपुर
257_040.png,कू
257_042.png,क्यूँ
257_047.png,ब्लें
257_050.png,कर्मकांड
257_056.png,थर्फु
257_058.png,सब
257_061.png,आश्यामा
257_069.png,लागी
257_072.png,च्यु
257_078.png,मंत्रा
257_085.png,साथ
257_089.png,व्योश
257_090.png,साँचा
257_096.png,बुल्गाहा
257_098.png,मिर्त
257_099.png,४५
257_101.png,४०
257_102.png,यूँ
257_103.png,शुक्रवार
257_107.png,नीरी
258_000.png,सूचना
258_001.png,सूचना
258_002.png,सूचना
258_003.png,क्षी
258_005.png,माध्यमिक
258_006.png,विद्यालय
258_012.png,सूचना
258_013.png,नयां
258_016.png,क्षु
258_019.png,विद्यालय
258_020.png,हारा
258_023.png,मृग
258_026.png,क्षु
258_030.png,शैशिक
258_032.png,कार्यक्रम
258_037.png,सब्र
258_038.png,विद्यार्थी
258_040.png,समयों
258_041.png,सम्पन्न
258_046.png,मिंति
258_047.png,ब्रह्मचारी
258_048.png,क्रायोज
258_049.png,तेज
258_050.png,विनायर
259_000.png,ईश्वर
259_010.png,ऊँ
259_013.png,३२
259_027.png,ॠषि
259_029.png,४८
259_054.png,ऊँ
259_060.png,ईं
259_073.png,हू
259_084.png,पे
259_096.png,कूठे
26_000.png,नाम
26_001.png,इेरिया
26_003.png,कस्सा
26_010.png,हो
26_013.png,पाजीले
26_014.png,हामीनाई
26_017.png,सामान्यतार
26_019.png,संमने
26_023.png,तरीकाले
26_029.png,संगत
26_031.png,पुस्तकों
26_033.png,घुमेर
26_036.png,विवास
26_037.png,गर्ब
26_041.png,रू
26_043.png,हुने
26_046.png,श्रमदान
26_048.png,फाइन्साइड
26_049.png,आमा
26_050.png,बाबालाई
26_051.png,आहट
26_052.png,गर्दन
26_054.png,किताब
26_056.png,गर्मे
26_058.png,सिकाऊंड
26_061.png,ज्ञादर
26_062.png,गर्म
260_005.png,दिक्दर्शन
260_009.png,तर
260_010.png,ॐकि
260_012.png,थिं
260_029.png,एप
261_010.png,लोका।
261_011.png,खें।
261_022.png,ज़फरी।
261_034.png,लेखा।
261_043.png,ॠषित
261_051.png,नं
262_026.png,पेज
262_028.png,रूह
262_036.png,ईं
262_047.png,कहॉं
262_053.png,कहॉं
262_059.png,ॠषि
262_086.png,खां
263_000.png,श्री
263_002.png,च्यू
263_004.png,मनोबला
263_008.png,विषय
263_022.png,१५
263_023.png,वडामा
263_029.png,भान्तो
263_033.png,बार्च
263_034.png,क्षण
263_045.png,लार्श
263_051.png,रौह
263_056.png,दुर्दशा
263_057.png,बाट
263_065.png,आवश्यलक
263_075.png,क्षाय
263_076.png,चाँ
263_078.png,नामा
263_079.png,जय
263_083.png,ज्योत्स्ना
263_086.png,फ्रूटा
263_087.png,ठहरेमा
263_096.png,ऋषि
264_000.png,तेज
264_001.png,विनायक
264_004.png,कारोबारी
264_005.png,मनोहर
264_012.png,सूचना
264_014.png,वर्ष
264_015.png,१७६१
264_016.png,को
264_017.png,अवसंरचना
264_023.png,बाट
264_024.png,सम्पूर्ण
264_026.png,१९
264_030.png,लाई
264_031.png,शौक्षिक
264_033.png,लैनाने
264_047.png,गर्दी
264_049.png,मित्र
264_050.png,१८५७
264_058.png,अतिक्रम
264_060.png,१७६१
264_061.png,चैत
264_062.png,१९
264_065.png,फोन
265_000.png,तडिके
265_002.png,रत्निखन
265_003.png,पट्ट
265_004.png,पर्कों
265_011.png,चुन्न
265_015.png,लश्कर
265_016.png,महानाम
265_017.png,बुझक्कङ
265_022.png,रोकगूरी
265_025.png,ऊचाया
265_027.png,ब्रतिबध्न
266_001.png,थे
266_004.png,रोकगे
266_008.png,पोस्ते
266_009.png,थो।
266_014.png,थू
266_017.png,थकेलगते
266_026.png,के।
266_034.png,ने
266_035.png,ना
267_009.png,ई।
268_001.png,सत्यपालीन
268_006.png,चश्मा
268_007.png,पप्पा
268_010.png,प्रयोग
268_011.png,ऊर्ध्वगमन
268_017.png,सत्यापन
268_018.png,प्रयोक्ता
268_021.png,रेका
268_022.png,खुल्ला
268_024.png,पर्द
268_027.png,मालून
268_036.png,क्राउन
268_040.png,दुर्गने
268_049.png,चिन
268_050.png,मर्न
268_053.png,मर्ब
268_059.png,नर
268_064.png,षष्ठी
268_066.png,सर्ब
268_072.png,र्धे
268_079.png,क्षु
268_081.png,तिर
268_084.png,आर्इ
268_085.png,लीवन्यम
268_087.png,मातामा
268_088.png,प्रयोग
268_089.png,शर्ते
268_097.png,नेत
268_098.png,मैँ
268_099.png,आपत्ता
268_101.png,धेरे
268_102.png,मात्रामा
268_103.png,प्रयो
268_105.png,स्थाग
268_116.png,एसआईपीआरआई
268_119.png,लेख
268_124.png,मुड़
268_128.png,मिश्रीय
268_138.png,एक्बोन्ह
268_141.png,लेक
269_001.png,चिठ्ठी
269_002.png,भीमान
269_003.png,सम्पादक
269_011.png,विषय
269_017.png,बच्चा
269_028.png,पोड़ा
269_030.png,स्वाभाविके
269_032.png,विवरणी
269_043.png,कारोगों
269_046.png,अर्द्धिले
269_049.png,क्षय
269_051.png,कोनोना
269_052.png,व्याख्यकों
269_057.png,पान
269_060.png,फे
269_061.png,छां
269_062.png,सज़ारनों
269_064.png,ठप्चार
269_070.png,तापमान
269_072.png,रुपया
269_081.png,नक्क
269_086.png,सवारी
269_091.png,मत्स्या
269_092.png,हुने
269_094.png,उत्सर्जन
269_095.png,हुने
269_096.png,आर्का
269_103.png,शानवी
269_109.png,चातका
269_119.png,साधने
269_126.png,नान
269_129.png,करुणा
269_130.png,राईं
269_133.png,कान्त।
269_142.png,चले
269_143.png,सर्क
269_145.png,पुण्यण
269_153.png,कोनोना
269_157.png,मत्संत
269_173.png,न्यायालय
269_174.png,बन्ने
269_178.png,हु
269_184.png,सॉफ्टवेयर
27_000.png,नाम
27_005.png,खोले
27_007.png,१४८०
27_010.png,जार्गि
27_018.png,व्यक्तिवाचक
27_019.png,साक्षावार
27_022.png,हार्को
27_023.png,सम्यग्दर्शन
27_025.png,तरीकाटे
27_026.png,उपभोग
27_027.png,गर्वे
27_028.png,सिपाऊं
27_029.png,हामी
27_030.png,खराब
27_032.png,त्याबी
27_036.png,झाफूनो
27_038.png,पिलाश्र
27_049.png,हुर्ने
27_053.png,आदर
27_055.png,सिवाहंद
27_056.png,फिताब
27_058.png,गर्मे
27_059.png,बाबी
270_007.png,विनायक
270_009.png,विद्यालय़
270_010.png,उपहार
270_011.png,स्वच्छा
270_013.png,शरेको
270_014.png,विवरण
270_015.png,लेखा
270_018.png,भण्डाई
270_021.png,बुलिजिले
270_027.png,लीखा
270_028.png,प्रमुख
270_029.png,४०
270_033.png,१९
270_034.png,सोमवार
271_000.png,ऋणदाते
271_006.png,कण
271_007.png,तेताघ्य
271_020.png,रिक्र
271_029.png,ज्ञाण
271_031.png,रुपएे
271_035.png,२।
271_041.png,पारदर्श
271_043.png,त्वचा
271_045.png,वार्ड
271_048.png,ॠषियां
271_063.png,७२ी
271_076.png,५००
271_077.png,पत्रे
271_084.png,ऊँचार
271_085.png,पाऊँ
271_096.png,ज़
271_105.png,ज्ञानयज्ञ
271_106.png,त्राय
271_113.png,ऋषि
271_118.png,ज्ञानयज्ञ
271_122.png,५़
271_134.png,चात
271_135.png,रुपए
271_139.png,ॠषि
271_142.png,जय
272_012.png,कह़ा
272_034.png,२।
272_050.png,गर्मा
272_058.png,कर्मठ
273_002.png,नाप
273_008.png,उजिन
273_015.png,री
273_022.png,एएनएम
273_025.png,रगडा
273_026.png,पुर्ण
273_029.png,फाइन
273_031.png,गति
273_034.png,रवि
273_038.png,गए
273_041.png,शरी
273_043.png,दिन्न
273_045.png,राई
273_047.png,एजेयर
273_056.png,थर्ड़
273_063.png,कबिह
273_066.png,हार्ट
273_067.png,चाँटी
273_069.png,जिज्ञानयज्ञ
273_070.png,हार्म
273_074.png,बिगडाए
273_075.png,मर्त्य
273_077.png,हू
273_082.png,सिदावट
273_089.png,डोङकरे
273_090.png,परहा
273_092.png,वह
273_099.png,नर्न
273_107.png,बह
274_005.png,गयॉं
274_018.png,द्वाला।
274_023.png,ऊँ
274_032.png,खाने।
274_043.png,ॲप्लिकेट
274_044.png,कंके
274_045.png,शंघ
274_046.png,ऊँचाई
274_061.png,फ्रें
274_072.png,ईं
274_075.png,लोका।
274_077.png,लोका।
275_003.png,लिए।
275_009.png,लोका।
275_016.png,फ़ै
275_024.png,रू
275_036.png,हु
275_044.png,क्षु
275_050.png,कैँ
275_061.png,रो
276_002.png,वटा
276_012.png,थिर्त
276_013.png,गन्न
276_015.png,हुन्नू
276_017.png,फूंताई
276_020.png,बीच
276_022.png,फारूक
276_023.png,लेखन्दूरी
276_033.png,बॅाम्फो
276_043.png,मस्तिष्की
276_049.png,राष्ट्रेको
276_056.png,शख़सी
276_057.png,स्पेवन
276_062.png,त्वच्छार
276_064.png,लेखकों
276_066.png,पानीमा
276_067.png,घ्वनिकी
276_068.png,गति
276_074.png,पत्ना
276_076.png,वनस्पति
276_078.png,कॉर्प
276_084.png,बिस्वार्थ
276_087.png,क्या
276_089.png,गयीँ
277_004.png,बढ़्दी
277_007.png,री
277_034.png,नीरज
277_043.png,री
277_054.png,हैँ
277_061.png,ऊँ
277_069.png,ज़नंकी
277_071.png,लोका।
278_012.png,डिन
278_018.png,ङ्क्डन
278_025.png,क्षयों
278_026.png,चयन
278_027.png,रचनाशा
278_029.png,बिगडायर
278_038.png,पर्वे
278_039.png,सुपरवाइजर
278_049.png,सुरुचित
278_058.png,धेर
278_059.png,उज्ज्या
278_063.png,टिय्यूत
278_066.png,हे
278_067.png,रिह
278_068.png,शर्ते
278_070.png,एकत्रा
278_075.png,परिचय
278_076.png,निटर
279_000.png,नय।
279_001.png,बर्फ
279_005.png,१९
279_011.png,जाएं
279_014.png,जारी
279_027.png,पुचना
279_038.png,शोहरता
279_043.png,मेन
279_045.png,एएनएम
279_047.png,के
279_048.png,कुआ।
279_049.png,१९
279_050.png,क्षा
279_053.png,निष्पादित
279_056.png,ला
279_058.png,फुलमती
279_059.png,क्रार्थना
279_066.png,गर्भप्र
279_068.png,र्दज
279_069.png,नार्यणो
279_070.png,ईं
279_071.png,ज़र्ते
279_074.png,प्रकरण
279_076.png,एएनएम
279_079.png,तपार्गन
279_080.png,मर्ति
279_081.png,१४८०
279_086.png,तर्की
279_090.png,ताते
279_091.png,प्रार्पण
279_092.png,नॉचर
279_093.png,अर्थशक्त्युत्थ
279_095.png,एन्टन
28_000.png,नाम
28_002.png,श्रेष्ठ
28_007.png,महब्बत
28_009.png,मानिको
28_011.png,आर्शिवाद
28_012.png,ही
28_014.png,बानीले
28_015.png,हमीलाई
28_017.png,व्यक्तिवाचक
28_019.png,गाउं
28_020.png,फले
28_021.png,हाम्नी
28_025.png,उषा
28_028.png,ह्रामी
28_029.png,ज्ञाब
28_031.png,त्यागी
28_034.png,चुर्म
28_038.png,जर्न
28_041.png,युवावरण
28_044.png,हुने
28_045.png,दिखाती
28_049.png,फाइन
28_050.png,मामा
28_052.png,आदार
28_057.png,गर्मे
28_058.png,ब्वनि
28_061.png,लुलाई
280_017.png,विकी
280_030.png,क्वोंत्र
280_036.png,हु
280_037.png,हु
281_000.png,ऊपर
281_003.png,नाप
281_004.png,डुन
281_005.png,चे
281_010.png,चुनिए
281_015.png,णु
281_025.png,ज़मान
281_028.png,निजन
281_029.png,ध्वन
281_034.png,मामल
281_035.png,अगस्त्यमा
281_041.png,फाइना
281_043.png,शवि
281_046.png,ज़रूषाओं
281_048.png,लाते
281_049.png,१६
281_051.png,भजन।
281_053.png,प्रचाह
281_054.png,शरी
281_055.png,कू
281_062.png,जयपुर
281_064.png,जर्न
281_072.png,अध्ययन
281_078.png,चिढ़ाए
281_080.png,चंदी
281_082.png,निष्कपटार
281_087.png,निष्कार
281_090.png,हू
281_091.png,र्च
281_094.png,डून
281_097.png,नया
281_100.png,उज्ति
281_103.png,रोजगाने
281_107.png,श्रवण
281_108.png,ज़रू
281_110.png,सहज
281_112.png,चढ
281_116.png,प्रज्जार
281_126.png,इनारिया
282_008.png,ना
282_018.png,ईं
282_035.png,ने
282_036.png,ऋष
282_042.png,२ं
282_048.png,२ं।
282_050.png,जश्न
282_077.png,बू
282_095.png,शोक।
283_008.png,मू
283_013.png,पूर
283_017.png,शूद्धि
283_022.png,ब्रांडेड
283_027.png,पूछा
283_029.png,सद्भव
283_030.png,ख़ा
283_059.png,थें।
283_065.png,ख़ा
283_093.png,ईं
283_107.png,ईं
283_118.png,गुजारिश
283_120.png,भयानक
284_000.png,गर्मागर
284_019.png,२़
284_042.png,४५
284_063.png,ङ्क्ष
284_066.png,ऊँ
284_067.png,लड़का
284_072.png,१४८०
284_086.png,डूब
284_092.png,४८
284_098.png,हू
285_001.png,रो
285_012.png,कीबि
285_014.png,चोटा
285_024.png,क्षु
285_027.png,मेल्यू
285_036.png,क्षे
285_061.png,नू
285_064.png,पोल
285_074.png,ख़ाई
286_000.png,तेज
286_003.png,विद्यालयों
286_005.png,सम्बन्धी
286_013.png,विद्यालय
286_014.png,रिक्त
286_016.png,निपाली
286_019.png,तृतीय
286_021.png,शिक्षा
286_025.png,क्राँट
286_027.png,शिक्षुक
286_028.png,पढ़ुर्ति
286_031.png,यो
286_032.png,सुचना
286_033.png,प्रमाशन
286_042.png,तत्कासन
286_044.png,४०
286_057.png,तिथी
286_058.png,दरवासत
286_069.png,साथ
286_071.png,प्रमाण
286_072.png,पत्र
286_075.png,प्रमांण
286_077.png,प्रमाणित
286_078.png,प्रतिनिधि
286_079.png,पेम
286_082.png,देशभक्त
286_084.png,रू
286_085.png,४०
286_087.png,विद्यालय़
286_088.png,निषाल
286_096.png,मा
286_100.png,संकलक
286_101.png,भौचाएं
286_105.png,रिज्ञाण
286_108.png,पप
286_113.png,विष्ण
286_116.png,किसिए
286_118.png,तया
286_119.png,अन्तरवर्ती
286_121.png,न्युत्मकता
286_122.png,योग्यता
286_126.png,स्नातक
286_128.png,उत्ती
287_003.png,जन्म
287_011.png,एसआईपीआरआई
287_013.png,श्री
287_015.png,लेम्बुको
287_018.png,रातेका
287_019.png,दिन्न
287_026.png,छुसेनी
287_028.png,सुधार
287_036.png,आत्माकों
287_037.png,चिर
287_038.png,शान्तिको
287_040.png,राहँ
287_042.png,श्रद्धांजली
287_046.png,सॉफ़्टवेयर
287_047.png,परीक्षाओं
287_052.png,ट्रिअमार
287_056.png,ईनाम
288_005.png,रो
288_021.png,४८
288_023.png,क्ष
288_024.png,चे
288_033.png,रु
288_046.png,रि
288_048.png,कैन
289_029.png,त्रा
289_044.png,लेखा।
289_052.png,रोका।
289_058.png,बढ़ा।
289_060.png,१६
289_062.png,श्रीव
289_071.png,ऊँ
29_000.png,साफ
29_012.png,पढ़कर
29_015.png,करैं
29_029.png,लेट
29_037.png,मेफी
29_038.png,तक़की
29_044.png,श्री
29_047.png,दक्षिणिक
29_049.png,मामला
29_050.png,पात्रो
29_056.png,फ़ायनला
29_065.png,पढ़ियाँ
29_067.png,आवान
29_069.png,ऋणदाताने
29_075.png,एक्जील
29_077.png,मनेक्ष
29_080.png,प्रजनना
29_081.png,तीकी
29_083.png,सांगठनिकी
29_084.png,पतना
29_086.png,ज़ाकर
29_090.png,निष्कांग
29_091.png,पर्यटक
29_096.png,संता
29_097.png,षष्ठे
29_101.png,अश्लि
29_107.png,जानक्र
29_108.png,अति
29_109.png,तिमीलाई
29_111.png,पात्रा
29_115.png,निन
29_124.png,अमेरिका
29_125.png,गानु
29_126.png,मात्रकों
29_130.png,भविष्य
29_131.png,पात्रों
29_132.png,ब्लाड
290_009.png,नहि़
290_014.png,रू
290_016.png,चुन
290_024.png,ईं
290_027.png,१४
290_035.png,भौगोलिक
291_003.png,श्री
291_009.png,तर्कशक्ता
291_040.png,थोड़ा
291_042.png,रिटा
291_054.png,श्रान्ति
292_015.png,कहान।
292_021.png,बढ़ा।
292_026.png,कहॉं
292_033.png,ऊँ
292_050.png,ऋषि
292_066.png,कहॉं
292_067.png,रों
292_077.png,धू
292_079.png,कहॉं
292_080.png,४५
292_084.png,क्यूं
292_088.png,तक़ल
293_003.png,दिनूँ
293_006.png,प्रवा
293_009.png,भाषाओं
293_010.png,श्रीष्टिकी
293_011.png,लागि
293_015.png,नीपाली
293_017.png,प्रेमीफो
293_023.png,होउस
293_025.png,प्रदान
293_026.png,गरिश्वरों
293_035.png,गाम
293_036.png,थर
293_038.png,साम
293_039.png,प्रसाद
293_040.png,शर्मा
293_041.png,लोथडा
293_044.png,रेगाना
293_045.png,युध्द
293_048.png,सुषुण
294_005.png,पोस्ते
294_013.png,रो
294_015.png,घर्षों
294_019.png,श्रिधानं
294_020.png,ऋष
294_023.png,फ़र्ज़
294_026.png,ङ्क्ष
295_000.png,तेज
295_004.png,शासनका
295_007.png,विजापना
295_015.png,रिक्र
295_019.png,माध्यमिक
295_022.png,शिष्क
295_024.png,स्तुला
295_030.png,गर्बुर्थ
295_031.png,सफाने
295_035.png,गरिश्की
295_037.png,योग्यता
295_042.png,जूना
295_045.png,मिलि
295_047.png,पैक्सि
295_048.png,दिन्नियम
295_050.png,आच्छान
295_053.png,उक्त
295_054.png,भीगि
295_055.png,सात
295_056.png,दिनभर
295_059.png,तीरी
295_060.png,दरबार
295_061.png,हिन
295_064.png,दरवाजा
295_065.png,साथ
295_066.png,पारम्पर्ट
295_067.png,सातव्दी
295_068.png,फोटी
295_070.png,प्रमि
295_073.png,क्षण
295_077.png,प्रमाणस्वरूप
295_078.png,प्रतिनिधि
295_083.png,रूं।
295_085.png,अश्वघोषि
295_086.png,क्षय
295_091.png,नेत्याल
295_093.png,निर्मिटेड
295_094.png,व्यक्तिवाचक
295_098.png,मा
295_102.png,सक्कन
295_103.png,भैर
295_111.png,विषय
295_112.png,नेपाली
295_113.png,पर्यवसा
295_118.png,आयरन
295_125.png,इत्मी
295_129.png,ग्रहे
296_003.png,थो।
296_013.png,नि
296_015.png,नि
296_027.png,श्रद्धाँ
296_030.png,५।
297_006.png,ऊँ
297_021.png,ज़मां
297_041.png,मे
297_046.png,हड्डिं
297_057.png,४५
298_000.png,प्रखर
298_001.png,१९
298_004.png,ऊचास
298_007.png,प्रश्रयोग
298_010.png,वृटा
298_011.png,रसायनों
298_018.png,प्रशस्त
298_019.png,४०
298_020.png,प्रबन्धन
298_021.png,अनुसूचित
298_023.png,घटनाक्रम
298_027.png,बिष्कालु
298_028.png,रसायन
298_032.png,राद्दा
298_037.png,उपयोगकर्ताओं
298_039.png,ढीका
298_040.png,खींने
298_041.png,प्रयोर
298_042.png,उतार्दी
298_044.png,ग्राव्यस
298_049.png,लगाऒने
298_050.png,चारनुन
298_051.png,हुर्ने
298_052.png,पुर्ण
299_004.png,रव्याकरण
299_007.png,दुर्लभी
299_011.png,मत्स्य
299_013.png,चार्ड
299_015.png,१६
299_016.png,फ्रा
299_017.png,पार्ड
299_019.png,निवावरण
299_030.png,दुःखीत
299_033.png,भरप्बा
299_041.png,कामना
299_043.png,भावपूर्ण
299_045.png,अर्पण
299_046.png,गर्दे
299_050.png,गर्भी
299_051.png,कमेन्ट।
299_052.png,व्यक्त
299_053.png,गर्दे
3_001.png,चेतावनी
3_003.png,चिंदू
3_007.png,दिक्भार्थ
3_011.png,चार्न
3_014.png,शिव
3_020.png,ज्ञात
3_024.png,शिन
3_025.png,नाजान
3_026.png,प्रज्तों
3_028.png,बेलै
3_032.png,चित्ता
3_034.png,ताना
3_036.png,विचार
3_038.png,ज़्ञान
3_040.png,इज़ह
3_046.png,चर्च
3_047.png,पाची
3_050.png,वीक्वल
3_052.png,चर्चेल्ट
3_054.png,लोकसंस्कृत्स
3_055.png,ॠण
3_057.png,नजर
3_060.png,पीन
3_068.png,पंजा
3_071.png,नारामा
3_072.png,चलेंटे
3_077.png,विचार
3_081.png,चित्र
3_082.png,चंडी
3_087.png,शिव
3_088.png,नाचाने
3_089.png,प्रणव
3_100.png,वेटो
3_107.png,जिनिदार
3_108.png,पीत
3_112.png,चिर्धा
30_001.png,खोसा
30_008.png,लाजी
30_010.png,हो
30_012.png,गर्बे
30_013.png,बाबीजे
30_014.png,इमीलाई
30_015.png,महान
30_017.png,मेरे
30_020.png,पगले
30_028.png,हमी
30_029.png,खराव
30_032.png,पुलश्करों
30_035.png,चौताओं
30_037.png,रार्ब
30_038.png,सक्जें
30_042.png,शुराष्टमा
30_043.png,हुने
30_044.png,दिम्दारी
30_049.png,झामा
30_050.png,बाबालाई
30_051.png,सादर
30_056.png,गर्बे
30_057.png,बाबी
30_060.png,जुलाई
30_063.png,मिकॉर्ड्स
300_003.png,२।
300_014.png,पड़र
300_017.png,एंटन
300_018.png,ईं
300_022.png,पृथु
300_023.png,चढ़ें
300_024.png,ह्रदय
300_025.png,ङ्क्षचतः
300_040.png,हू
300_050.png,४५
300_056.png,१६
300_061.png,ॠषि
300_068.png,करते
300_069.png,कहॉं
300_073.png,पेज
300_080.png,वध
300_081.png,फ़ैल
301_001.png,श्री
301_003.png,च्चू
301_005.png,मनोहर
301_008.png,विषय
301_010.png,सद्व्यवहा
301_012.png,स्वरूपान
301_014.png,मनोहरा
301_015.png,नया
301_017.png,निवासो
301_018.png,श्यायी
301_020.png,हँ
301_021.png,जय
301_022.png,वडाना
301_026.png,भरको
301_027.png,कारणवश
301_031.png,दिसा
301_032.png,पिसाब
301_037.png,कारणवश
301_042.png,आपको
301_045.png,जय
301_046.png,पहाने
301_048.png,टोलमा
301_049.png,सार्वजनिक
301_053.png,छुड़को
301_054.png,शंभाव
301_056.png,तत्पश्चाई
301_057.png,मनान्
301_060.png,लगाया
301_061.png,रहेको
301_063.png,हाथो
301_065.png,सार्वजनिक
301_068.png,लारो
301_071.png,दुआ
301_072.png,निष्काली
301_074.png,जार्य
301_077.png,मनोहरा
301_082.png,कार्रवाईयां
301_087.png,हु
301_089.png,जांची
301_090.png,हो
301_091.png,लुटा
301_092.png,ठहरे
301_095.png,बुल्गाऊं
301_096.png,शर्ते
301_098.png,१७६१
301_101.png,चेते
301_103.png,भगीरथ
302_001.png,न्यूनरल
302_008.png,युप्लिन
302_010.png,परामर्शदाता
302_015.png,धर्मनिरपूर्ण
302_016.png,पारदर्शन
302_020.png,अड़चना
302_028.png,पति
302_036.png,षष्ठी
302_039.png,कंचालन
302_043.png,फ्यून
302_044.png,प्रयोग
302_045.png,वर्नु
302_046.png,पर्देश्वर
302_051.png,विकारक्षुत्र
302_054.png,पर्वे
302_055.png,विज्ञानुओं
302_058.png,चित्रका
302_059.png,घेटी
302_062.png,जिज्ञानयज्ञ
302_083.png,वस्तुत्मा
302_084.png,बल
302_085.png,लगाऒय
302_088.png,प्रकाशन
302_090.png,क्यों
303_042.png,लेखा।
303_043.png,ईं
303_045.png,ऊँ
303_053.png,वोक्त
303_057.png,मूर्इ
303_061.png,क्षु
303_064.png,वेद
303_073.png,कर्मठ
304_007.png,घ्वन
304_012.png,कॄष
304_016.png,३२
304_031.png,गुड़
304_032.png,पड़ी।
304_038.png,डिंक
304_042.png,इक़बाल
304_046.png,सुविधानुसार
304_050.png,सुविधानुसार
304_055.png,सुविधानुसार
305_001.png,बढ़ा।
305_004.png,डोकने
305_005.png,नं
305_014.png,लेखा।
305_031.png,ज़
305_050.png,मे
306_005.png,न्याया।
306_006.png,फ़र्ज़
306_022.png,फफक्र
306_027.png,घ्वनि।
306_029.png,ङ्क्षचति
307_000.png,अनित्य
307_002.png,चुनने
307_004.png,प्लनेग
307_006.png,खाधान्य
307_012.png,मा
307_018.png,बांचेत्र
307_020.png,उपभोक्ता
307_021.png,हो
307_024.png,आह्लार
307_035.png,श्राह्याचारों
307_036.png,रूपया
307_038.png,सर्प
307_039.png,तृतिय
307_044.png,तृतिय
307_050.png,रिश्तेदार
307_051.png,हो
308_001.png,चिर्इ
308_002.png,श्री
308_025.png,तिनाक्षी
308_035.png,जय
308_037.png,पॉक्नो
308_041.png,प्रत्याकरण
308_042.png,गूम
308_043.png,हथार
308_053.png,गंधेन
308_056.png,पायलट
308_059.png,चितान
308_063.png,जयात
308_066.png,घूमीले
308_067.png,पारदर्शन
308_078.png,तैयालना
308_080.png,चतार्थी
308_084.png,बाणस
308_085.png,मोत्तम
308_087.png,धाँ
308_092.png,तर्न
308_094.png,हैत
308_108.png,प्रत्याकरण
308_110.png,हु
308_113.png,हु
308_116.png,भाष
308_118.png,क्षय
309_010.png,ॠषि
309_029.png,७२
309_039.png,ऋषि
309_048.png,डू
309_057.png,ऊँ
309_063.png,ऊँचूछ
309_068.png,ऊँ
309_103.png,मा
31_000.png,नाम
31_005.png,मादापुरे
31_009.png,आश्रिवाद
31_016.png,व्यक्तिवाचक
31_027.png,ग्रामी
31_032.png,मंत्रालया
31_037.png,रार्न
31_043.png,हुने
31_049.png,जामा
31_053.png,मिकॉर्ड्स
31_054.png,किताब
31_057.png,बनी
310_000.png,नंया
310_001.png,वर्णना
310_002.png,दिन
310_005.png,फा
310_009.png,क्षण
310_010.png,जानें
310_011.png,पिषया
310_013.png,प्रूतेश्वर
310_015.png,ठार्के
310_016.png,सूचना
310_017.png,फा
310_018.png,नमुना
310_019.png,तथार
310_021.png,शैक्षिक
310_023.png,सम्बाधी
310_024.png,सूचना
310_025.png,नंया
310_027.png,दिनभर
310_030.png,पा
310_031.png,सम्पूर्ण
310_032.png,पित्यार्थी
310_036.png,शैक्षिक
310_037.png,भ्रमण
310_038.png,लाने
310_039.png,विचार
310_043.png,विवीगत
310_047.png,नृण्य
310_051.png,सुनाइये
310_058.png,फ़ाक्सा
310_060.png,फो
310_061.png,आदित्यन
310_062.png,क्षमा
310_066.png,राम्रोसंग
310_067.png,दिनूँ
310_070.png,चर्चि
310_071.png,व्यवस्था
310_080.png,पारेफो
310_081.png,भाजपो
310_082.png,फला
310_087.png,विद्यापारियों
310_090.png,पदस्थी
310_093.png,हुन
310_096.png,ब्यादार
310_099.png,शैक्षिक
310_100.png,भ्रमण
310_102.png,पैगाश्रम
310_107.png,विद्यालय
310_117.png,आजा॑
310_119.png,शुभकामनी
310_121.png,हार्दिक
310_122.png,श्रद्धालुजली
310_127.png,राम
310_129.png,शर्म
310_130.png,फरीबा
310_135.png,लागि
310_137.png,मंस्का
310_139.png,हामीसंग
310_145.png,क्वों
310_150.png,छप्छा
310_152.png,सा
310_153.png,पन्बो
310_160.png,पियोग्राफों
310_161.png,मय
310_165.png,स्वर्गीय
310_168.png,शान्ति
310_173.png,श्रद्धावलं
310_176.png,परिशासन्ता
310_179.png,प्रफ्ट
310_180.png,शंदु
310_182.png,परिवार
311_004.png,चेट
311_009.png,ङ्क्षलग
311_014.png,६६
311_015.png,यह्
311_018.png,फी
311_029.png,ब्रांडेड
311_035.png,यूं
311_041.png,चूह
311_045.png,पत्थर
311_069.png,ॠषित्थ
311_070.png,फ़
311_082.png,रिक्श्वर
311_091.png,१७६१
311_100.png,हु
311_108.png,फ़ी
312_011.png,नूर
312_018.png,श्रद्धि
313_020.png,मोहल
313_022.png,छरहरा
313_029.png,विराटनगर
313_030.png,जैविक
313_031.png,विकिर्दी
313_032.png,ऋषीश
313_037.png,आध्यात्मा
313_044.png,विज्ञान
313_045.png,निबन्ध
313_046.png,लेखनुसेरस
313_047.png,तिब्बत
313_049.png,उत्पत्ति
313_050.png,निर्के
313_052.png,वर्ष
313_055.png,रो
313_062.png,तारा
313_065.png,घ्वन
313_069.png,वा
313_070.png,चरम
313_071.png,अन्तरवर्तीय
313_076.png,ख़ोज
313_081.png,जि
313_082.png,जारी
313_087.png,उबापित
313_091.png,रिफाइनरी
313_097.png,श्रुद्ध
313_099.png,तारा
313_104.png,१५
313_105.png,ब्रह्माण्ड
313_106.png,सम्बन्धि
313_112.png,जनक
313_114.png,अनुसूचान
313_116.png,रू
313_118.png,बन्दे
314_001.png,प्री
314_005.png,मनोहरा
314_008.png,विषय
314_015.png,नया
314_017.png,निवासी
314_020.png,हूँ
314_025.png,अभाव
314_033.png,वर्न
314_034.png,गरिश्की
314_036.png,सकना
314_041.png,हुईँ
314_042.png,षष्ठी
314_043.png,अवस्था
314_044.png,घघ
314_045.png,मय
314_047.png,मान
314_051.png,शैचान्य
314_055.png,अंभाव
314_058.png,मन्न
314_060.png,मेरी
314_061.png,लगामा
314_062.png,उर्फी
314_066.png,सार्वजनिक
314_078.png,मनोहरा
314_080.png,४८
314_081.png,क्री
314_088.png,छह
314_090.png,भाँची
314_091.png,हो
314_092.png,कुष्ठा
314_098.png,मीनि
314_100.png,चैत्र
314_101.png,४५
314_104.png,भवीय
314_105.png,सहि
314_106.png,कुमार
315_002.png,मेला
315_006.png,क्षाल
315_007.png,वर्ष
315_011.png,दिन
315_013.png,मिल्ल
315_015.png,मार्ट
315_017.png,हरेश्वर
315_021.png,सस्त्रों
315_022.png,वा
315_023.png,बिक्री
315_027.png,४०
315_035.png,फाइन
315_039.png,साथा
315_041.png,मात्र
315_043.png,टब
315_048.png,हॊस
316_001.png,टोका
316_002.png,खुलते
316_003.png,ऋणदाता
316_009.png,चमकते
316_011.png,गडी
316_025.png,उत्तराखण्ड
316_030.png,जोधपात्र
316_034.png,गर्ते
316_036.png,तया
316_039.png,क्षणभार
316_041.png,लगी
316_048.png,रसायन
316_050.png,के
316_053.png,देतिक
316_054.png,जीवनसाथा
316_055.png,प्रयोग
316_056.png,ऊ।
316_058.png,एसएचओ
316_060.png,तनाई
316_064.png,रयोगिता
316_066.png,ओम्फेरिक
316_067.png,रसायना
316_068.png,धनेको
317_008.png,ऋष
317_010.png,श्रमदान
317_016.png,उत्स्नीह
317_019.png,पण्ड्य
317_022.png,एड्ह
317_024.png,ईंड
317_031.png,चंच
317_038.png,थर्रे
317_039.png,चंदी
317_045.png,टेक्नीकली
317_054.png,ॠष्मेन्द्र
317_064.png,डाइन्डियन
317_074.png,ब्लडप्रेशर
317_082.png,धॄन्येशिक्षा
318_005.png,चिन्न
318_006.png,क्षणा
318_007.png,१९
318_012.png,मसूलन
318_013.png,जाने
318_016.png,ऋणदाताओं
318_017.png,जार्श
318_020.png,नमूना
318_021.png,तथार
318_035.png,सूचना
318_036.png,गयां
318_037.png,वर्ष
318_039.png,का
318_044.png,१९
318_050.png,चिन्ने
318_052.png,भुषण
318_054.png,भाषोगना
318_058.png,सबे
318_064.png,रार्श्य
318_065.png,कम्फर्के
318_066.png,लार्ड
318_069.png,मीना
318_070.png,कार्कोरेट
318_071.png,फोन
318_074.png,कृपणा
318_075.png,चैत
319_002.png,मे
319_013.png,पड़ी।
319_019.png,रू
319_021.png,ठाक।
319_027.png,ऊँचाई
319_031.png,ग़
319_037.png,थो
319_039.png,ऊँ
319_044.png,डिवाइन
319_064.png,कर्मठ
32_000.png,सिध्यान्न
32_001.png,कार्की
32_004.png,मिति
32_009.png,जनाबर
32_012.png,पर्वे
32_013.png,जनाक्री
32_014.png,नाम
32_015.png,गर्दन
32_018.png,हार्मा
32_020.png,जनाबर
32_021.png,हूर्क
32_027.png,वटा
32_028.png,कल्न
32_032.png,नाक
32_034.png,आँखों
32_038.png,रिन्दु
32_039.png,गाई
32_042.png,सिंगा
32_046.png,हमी
32_047.png,ल्यूनी
32_048.png,पत्नि
32_051.png,ध्रास
32_054.png,हूमी
32_055.png,पुजा
32_057.png,गारुकी
32_058.png,मल
32_060.png,पत्नि
32_062.png,काम
32_063.png,लाग
32_065.png,लुभी
32_071.png,जर्न
32_072.png,फ़त्त
320_000.png,जगत
320_007.png,रग्बों
320_008.png,सिच
320_010.png,बहुकोचित
320_011.png,हन्न
320_017.png,रिट्चर
320_019.png,लगत
320_024.png,हुन्न
320_027.png,मा
320_030.png,अमै
320_032.png,गारे
320_033.png,प्रजनन
320_034.png,ङ्क्षसह
320_040.png,लामों
320_041.png,सिक्की
320_043.png,बनारने
320_044.png,ग्रामसभाई
320_047.png,नेटवाल
320_049.png,ऊर्धाको
320_050.png,अयोग
320_052.png,ऊर्धाकों
320_060.png,प्रणाली
320_066.png,मानिस
320_067.png,फेरा
321_006.png,४५
321_035.png,चित्र।
321_036.png,मण्डी
321_042.png,१९
321_061.png,चंड
321_062.png,हुईं
321_073.png,ॠषित
321_081.png,ॠषि
321_088.png,रा
322_025.png,यह्
322_028.png,फ़र्ड
322_035.png,चेह
322_040.png,नून
322_045.png,क्षु
323_015.png,श्रेन
323_016.png,ने
323_024.png,रू
323_036.png,चे
323_040.png,हुईं
323_054.png,सक्षे
323_060.png,लंकल
323_068.png,भौगोलिक
324_002.png,कक्षा
324_016.png,रो
324_046.png,ऊँ
324_064.png,री
325_036.png,फ़ि
325_037.png,ईं
325_070.png,पोसा।
325_073.png,नेर्इ
325_075.png,४०
325_084.png,क्षै
325_091.png,४०
326_022.png,हिंह
327_002.png,रौह
327_007.png,मनोहरा
327_011.png,हारा
327_013.png,कार्यकलाई
327_014.png,उपहार
327_015.png,स्वरूप
327_018.png,आपको
327_020.png,प्रचान
327_022.png,विवरण
327_023.png,कमपिवाह
327_029.png,नाम
327_030.png,सामग्री
327_031.png,रूकम
327_033.png,वा
327_034.png,पुष्कर
327_041.png,१८५७
327_042.png,चैत
328_020.png,देह
328_024.png,बातें।
328_039.png,मे
328_051.png,यथासंभव
329_010.png,मिति
329_011.png,भगवत्सागरूप
329_012.png,श्री
329_015.png,प्रथा
329_017.png,कमलाई
329_018.png,कामज़ा
329_021.png,प्रकारित
329_022.png,पुस्तक
329_023.png,पगडीनु
329_024.png,बारे
329_027.png,विषमा
329_029.png,भस
329_031.png,वित
329_032.png,लामों
329_037.png,पुस्तक
329_040.png,क्षुए
329_043.png,यात्रा
329_045.png,द्व
329_047.png,षब्क
329_051.png,प्रकारीत
329_053.png,पुस्तक
329_054.png,जमीनाई
329_057.png,विनिमू
329_060.png,पम्का
329_062.png,पर्वे
329_063.png,जाने
329_064.png,स्वम
329_066.png,रक्षों
329_069.png,बैंक
329_072.png,हु
329_076.png,सामान
329_077.png,उपलक्ष्य
329_078.png,भाषाई
329_080.png,हु
329_083.png,धन्यवाद
33_003.png,विनको
33_005.png,समस्याक
33_011.png,२५०००
33_012.png,बियालो
33_021.png,प्रश्न
33_026.png,समस्तीपुरी
33_028.png,त्वच्छ
33_037.png,करणसापेक्षता
33_041.png,दूध
33_046.png,समन्मन
33_048.png,समझे
33_049.png,क्वाँन
33_050.png,हे
33_051.png,यो
33_053.png,सम्भावन
330_007.png,रो
330_021.png,निश्चत्र
331_004.png,पड़ी।
331_047.png,चे
331_055.png,ईंड्स
331_069.png,२।
332_001.png,रूह
332_009.png,चित्री
332_012.png,ईं
332_023.png,थि
332_037.png,क्षु
332_055.png,बढ
333_000.png,सम्मान
333_005.png,अखाबारो
333_010.png,भोगोबले
333_013.png,प्रजाञा
333_014.png,गर्दु
333_016.png,दिन्दुरों
333_027.png,शर्ते
333_028.png,प्रविते
333_030.png,भ्रमरग्ती
333_031.png,केा
333_042.png,बोग्ना
333_051.png,बिंहान
333_056.png,संक्ष
333_058.png,चित्र
334_003.png,ऊपर।
334_005.png,ऊंच
334_013.png,ईं
334_015.png,कैफ़े
334_016.png,चंकी
334_025.png,ईं
334_029.png,गोला।
334_035.png,ना
334_036.png,तेलूं
334_039.png,लिल
334_043.png,चले
334_044.png,तुईं
334_052.png,निबंध्
334_060.png,ज़ल
334_065.png,ना
335_000.png,मेली
335_002.png,शक्त्रै
335_005.png,बढ़ा।
335_011.png,क्वें
335_019.png,ना
335_029.png,फ़ें
335_037.png,गाया।
335_040.png,रो
335_043.png,ॠषि
335_047.png,ज्ञान
335_048.png,नान
335_061.png,ऊँ
336_004.png,ड्रेब
336_005.png,ईं
336_007.png,नूना
336_014.png,फ़र्ड
336_020.png,डिस्ट्रियाँ
336_032.png,क्षै
336_035.png,फेरा।
336_042.png,ऋष
336_044.png,ग्रेच्य
337_001.png,भी
337_007.png,विषय
337_009.png,सम्बध्धा
337_013.png,कुरीरकारी
337_014.png,मनोहर
337_017.png,निवासी
337_019.png,बासिन्ना
337_020.png,हूँ
337_022.png,वडामा
337_023.png,सार्वजनिक
337_025.png,भ्रभाव
337_028.png,सार्वजनिक
337_029.png,स्वतत्रता
337_033.png,रान्त
337_034.png,शरिष्कु
337_041.png,दुर्इ
337_042.png,राष्ट्री
337_045.png,वडाले
337_047.png,टोलमार
337_048.png,सार्वजनिक
337_049.png,श्रौच्याल
337_051.png,लागि
337_055.png,श्रौचालय
337_057.png,लागि
337_059.png,आवश्यलक
337_060.png,दुर्दशा
337_061.png,निवाली
337_063.png,लागि
337_067.png,को
337_070.png,राणी
337_071.png,सुनी
337_072.png,साथ
337_080.png,ठहरे
337_084.png,इति
337_090.png,भवादीय
337_091.png,सही
338_005.png,मनोहरा
338_014.png,क्यों
338_015.png,वर्ष
338_016.png,श्रवण
338_019.png,पञ्च
338_022.png,वश्र
338_029.png,भूषण
338_030.png,अण्डमान्दी
338_039.png,राष्ट्रपतु
338_048.png,सम्पन्न
338_051.png,मिती
338_053.png,चैन
338_061.png,राशन
338_062.png,फुयाज्ञ
338_063.png,जीन
339_000.png,समस्तीपुरी
339_009.png,नर
339_011.png,श्रुत्र
339_021.png,श्रुक्र
339_026.png,न।
339_029.png,नर्न
339_039.png,न्यूब
339_051.png,ङ्क्ष
339_088.png,श्रवण
339_099.png,ज़्यादा
339_103.png,क्षत्रिा
339_104.png,चुर्इ
339_106.png,क्ष
339_110.png,पेज
339_111.png,पिछड़े
339_115.png,द्व
339_121.png,विदर्भ
339_139.png,दर्भ
339_152.png,थू।
339_172.png,श्रद्ध
339_187.png,र्दज
339_191.png,पेज
34_000.png,नामं
34_006.png,गृहणार्थ
34_012.png,बिगड़तों
34_013.png,रहिले
34_014.png,जनकपुर
34_017.png,साम्प्रदाय
34_025.png,गोलू
34_027.png,नाग
34_029.png,ज्यादै
34_032.png,बस्ते
34_040.png,चाहूँ
34_043.png,स्वर
34_047.png,व्यस्स
34_051.png,हुन
34_052.png,पुरो
34_054.png,राजपथ
340_009.png,विषय
340_017.png,क्षत्रिा
340_020.png,ऋषी
340_021.png,नासिदा
340_027.png,अभान
340_028.png,भरको
340_029.png,कारण
340_030.png,सार्वजनिक
340_034.png,पिस्तान
340_035.png,गार्वे
340_038.png,मजमा
340_041.png,कै
340_053.png,निर्ञाणा
340_061.png,मेरो
340_066.png,टोलमा
340_067.png,सार्वजनिक
340_070.png,लाती
340_071.png,चार्डिने
340_082.png,केा
340_083.png,इन्हा
340_085.png,एक्जीक्यूटिव
340_088.png,दिक्सों
340_089.png,हु
340_090.png,व्योग्राफ
340_092.png,हो
340_094.png,ठहरे
340_097.png,मुंजा
340_099.png,इत्ति
340_101.png,१७६१
340_102.png,चैत्र
340_103.png,१९
340_104.png,ऐसे
340_108.png,प्रजनन
340_109.png,अर्थोप
341_001.png,श्री
341_003.png,ड्यू
341_006.png,नंप।
341_011.png,सत्यथाना
341_016.png,मनोहरा
341_019.png,निवासी
341_026.png,न्यानेव
341_028.png,सभाव
341_031.png,यार्ब
341_036.png,पिताश
341_040.png,छू
341_050.png,छह
341_060.png,भाभाव
341_063.png,एनान
341_064.png,शेर्दे
341_065.png,मर्त्य
341_069.png,ब्लाग्राफ
341_072.png,सार्वभोव
341_079.png,निवाजी
341_081.png,लागिन
341_084.png,मनोहर
341_085.png,नूरप
341_091.png,याय
341_093.png,नाम।
341_094.png,द्विपूर्ण
341_096.png,जयदोर
341_097.png,यांचें
341_098.png,हाँ
341_100.png,ऊँ
341_106.png,१४८०
341_111.png,सबसीय
341_112.png,सही
341_114.png,लामा
342_000.png,बुल्गार
342_004.png,खोशिको
342_009.png,दिश्कों
342_010.png,चित्र
342_015.png,रूठ
342_016.png,निवु
342_018.png,चित्रग्मा
342_019.png,प्रयोग
342_024.png,नाम
342_029.png,डाँटे
342_035.png,यहि
342_042.png,तौड़न
342_044.png,क्वी
342_045.png,श्रोट
342_046.png,श्रेष
342_050.png,गर्वपूर्वक
342_052.png,पथ
342_057.png,फ़िन्दु
342_060.png,श्रेष्ट
342_064.png,भूम
342_066.png,के
342_068.png,पर्चा
342_069.png,पथ
342_072.png,परिवर्ता
342_077.png,हो
343_000.png,श्राई
343_005.png,ज्ञान
343_006.png,गणेश्य
343_007.png,श्रा
343_011.png,कॄषि
343_013.png,नया
343_015.png,विषय
343_021.png,उपमा
343_024.png,को
343_026.png,ज्ञान
343_030.png,निवावरण
343_033.png,यो
343_041.png,श्रम
343_045.png,थापा
343_048.png,पोलु
344_000.png,पैटर्नि
344_006.png,सनीदात
344_013.png,फ्रमा
344_020.png,कयासा
344_021.png,शेषांग
344_025.png,लॉ
344_031.png,प्रकंश
344_039.png,प्रयासरत
344_042.png,क्षय
345_001.png,हो
345_008.png,चिरायत
345_012.png,हू
345_013.png,यो
345_015.png,लेफ्टाओं
345_016.png,कुन
345_020.png,प्राप्त
345_021.png,शुभमे
345_024.png,मिदान्त
345_029.png,लगाऒया
345_031.png,आकार
345_033.png,परिवर्तीन
345_036.png,यो
345_037.png,कुन
345_038.png,प्रकाशकों
345_042.png,तान्ते
345_043.png,वल
345_045.png,क्लोगशेयर
345_047.png,कुन
345_050.png,रार्न
345_052.png,दिक्भो
345_053.png,क्रिस
345_054.png,विधिबाट
345_058.png,खुत्र
345_059.png,के
345_060.png,हो
345_061.png,चिल्ले
345_062.png,सर्वथाई
345_063.png,खान्ह
345_064.png,सर्पे
345_067.png,ऋणदाते
346_000.png,दब
346_011.png,ज़मा
346_012.png,नं
346_022.png,ऊँ
347_003.png,विषालय
347_004.png,योगाश्रमी
347_014.png,सूचा
347_016.png,वर्ष
347_017.png,२००८
347_021.png,तेज
347_023.png,मार्श
347_028.png,ना
347_029.png,अध्ययन
347_039.png,अवस्था
347_040.png,समूर्ण
347_041.png,तियार्थोप
347_042.png,अपर्याप्त
347_049.png,२००८
347_050.png,वैशायर
347_054.png,तात्सल
347_058.png,र्मार्त
347_061.png,१६
347_063.png,जार्गनग
347_064.png,लाई
347_067.png,फान
347_068.png,नाचर
348_005.png,नाक
348_006.png,निन्न
348_011.png,वनस्पति
348_020.png,वृद्धि
348_027.png,गायी
348_030.png,यात्रु
348_033.png,हुर्द
348_035.png,द्विनि
348_038.png,खन्ति
348_042.png,पारदर्श
349_003.png,केनी
349_005.png,काना
349_008.png,खो
349_014.png,नि
349_015.png,रोटा
349_019.png,निर्भर
349_021.png,क्षित्वी
349_055.png,शंघी
349_060.png,ऋष
35_005.png,सभ्ययन
35_007.png,बनीले
35_009.png,ग्रान
35_011.png,साक्षर
35_015.png,सम्यग्दर्शन
35_017.png,तर्कशक्ते
35_022.png,सराब
35_024.png,त्यागी
35_026.png,सँसदा
35_033.png,मध्यप्लन
35_040.png,मध्यप्रदार
35_045.png,सादर
35_046.png,गर्ब
35_048.png,क्विब
35_049.png,ज़वन
35_051.png,बानी
350_005.png,शंक्षा
350_017.png,शिक्षुओं
350_025.png,१७६१
350_033.png,बंधा
350_034.png,पेज
350_037.png,श्रद्धान
350_038.png,ना
350_051.png,क्षु
350_070.png,निर्न
350_071.png,श्रीब
350_078.png,रोटा
351_004.png,नि
351_005.png,नं
351_006.png,केफ़ी
351_010.png,लें।
351_015.png,चू
351_018.png,ने
351_026.png,न्यूड
351_029.png,तीतर
351_033.png,क्षे
351_046.png,थे।
351_065.png,डि
351_069.png,लेखा।
351_070.png,जेका
352_003.png,४५
352_007.png,ब्रह्मचारी
352_014.png,जागि
352_017.png,निर्बा
352_025.png,न्युत्ना
352_027.png,प्रीम
352_031.png,इतवार
352_039.png,सम्बन्ध
352_047.png,विषमा
352_049.png,पुरा
352_054.png,हु
352_058.png,पार्ते
352_061.png,त्या
352_074.png,चार्च
352_078.png,अर्ज
352_080.png,पारित्स्न
352_084.png,थो
352_088.png,ठागी
352_089.png,सिरसा
352_098.png,भई
352_101.png,अनुष्ठानी
352_115.png,हो
352_123.png,४०००
353_000.png,श्री
353_002.png,च्यू
353_010.png,अपुक्त
353_012.png,थर्स
353_013.png,तहामा
353_016.png,सार्वजनिक
353_023.png,यार्न
353_024.png,चालुन
353_029.png,सार्वजनिक
353_031.png,निर्ञाण
353_032.png,रार्न
353_039.png,खानी
353_040.png,धमकाने
353_041.png,दुऊंगा
353_047.png,उपशार्ड
353_050.png,ग्वालाई
353_052.png,साथ
353_055.png,हु
353_056.png,जयप्रोश
353_058.png,हो
353_059.png,क्षुबा
353_062.png,नमोनिम
353_063.png,सँला
353_065.png,इति
353_066.png,स्वत
353_068.png,पैत
353_069.png,१९
353_070.png,सांगवार
353_072.png,अर्ब
354_005.png,सम्पादक
354_021.png,चमचे
354_023.png,समस्या
354_026.png,चुन्ने
354_031.png,हो
354_033.png,रूपया
354_038.png,प्रयाक्ष
354_040.png,अफजर
354_043.png,जोकसो
354_045.png,बबेका
354_052.png,कोयेना
354_055.png,तोष
354_056.png,रूपया
354_057.png,फिल्मुना
354_060.png,मूर्खताने
354_061.png,रूही
354_064.png,ठप्चार
354_066.png,वातावरण
354_069.png,पृथ्वीको
354_070.png,तापमान
354_072.png,रूपया
354_074.png,हु
354_075.png,भाहेले
354_080.png,मात्र
354_085.png,मूलतः
354_086.png,सवारी
354_087.png,साधन
354_094.png,उत्सर्जन
354_095.png,हु
354_102.png,ब्रारक
354_107.png,भर्ते
354_109.png,देशे
354_111.png,कारणवश
354_113.png,सखी
354_114.png,सकों
354_120.png,लारो
354_121.png,पेंट्रोल
354_132.png,र्दज
354_133.png,अग्रसर
354_147.png,सब्नि
354_154.png,चर्क
354_158.png,दुःध
354_162.png,एकत्रा
354_164.png,जेलो
354_166.png,फारूको
354_169.png,सहयोग
354_170.png,पुर्ने
354_178.png,सामर्थ्यवा
354_180.png,थर्ठे
354_182.png,सचेत
354_183.png,ख़
354_184.png,लापरवाब
354_185.png,बन्बे
354_186.png,पेय
354_188.png,पत्रिकाने
354_189.png,द्वि
354_191.png,अब्बेमा
354_193.png,शिवव्रत
354_194.png,हु
355_004.png,परी
355_007.png,परोक्षा
355_008.png,निमन्त्रण
355_009.png,कांर्यालय
355_014.png,दिक्कतों
355_015.png,मोण्ड्य
355_021.png,त्रि
355_022.png,स्ड
355_027.png,पर्नि
355_029.png,उपस्थित
355_030.png,मर्डर
355_031.png,ट्राइवर
355_032.png,क्रिण
355_033.png,लिन
355_034.png,असमय
355_036.png,अत
355_037.png,पो
355_041.png,बिनाल
355_044.png,मेरो
355_050.png,परख
355_051.png,सम्यग्दर्शन
355_056.png,दैन
355_058.png,पो
355_061.png,परास्तकों
355_063.png,निचको
355_064.png,नमुना
356_004.png,ईं
356_016.png,ऋषि
356_032.png,रू
356_060.png,नी
356_063.png,री
356_064.png,लड़का
357_013.png,चढ़
357_024.png,कर्मठ
357_042.png,ॐकों
357_052.png,में।
357_057.png,ब्रांडेड
357_078.png,१९४६
357_100.png,नह़
357_117.png,चढ़
357_123.png,ऋषि
357_127.png,१४
357_157.png,ईंड
357_182.png,चुन्न
357_183.png,चंदू
357_195.png,मण्डी
358_003.png,ईं
358_010.png,किए
358_021.png,मैँ
358_044.png,थो
358_056.png,कहा।
359_016.png,के।
359_021.png,र।
359_022.png,र।
359_028.png,पित्रकार
359_038.png,चित्र।
359_039.png,ऋषि
359_040.png,४५
359_041.png,थे
359_042.png,पर्वों
359_059.png,५००
36_001.png,धमनु
36_005.png,मन्ना
36_006.png,ध्वनि
36_007.png,थिरा
36_010.png,सम्पत्ति
36_013.png,पर्दा
36_014.png,उन्कैन्यू
36_015.png,पुराधे
36_016.png,कुरेर
36_018.png,महत्त
36_025.png,गयो
36_026.png,उनको
36_032.png,रोइन
36_033.png,तैते
36_036.png,चुप
36_037.png,थिर
36_038.png,गणेश
36_039.png,चार्ति
36_042.png,पमहन
36_043.png,तोड़ा
36_044.png,मन्ने
36_045.png,मौकानो
36_047.png,थिरा
36_052.png,४५
36_053.png,भौगोरी
360_002.png,वश्र
360_014.png,डूबेन
360_025.png,नं
360_036.png,कै
360_044.png,रोकगे
360_049.png,रिलाई
360_051.png,नं
360_052.png,ने
360_054.png,ने
360_056.png,रो
360_057.png,ने
360_058.png,यथासंभवा
361_020.png,नाल।
361_024.png,नीत
361_027.png,शत्र्त
361_030.png,कफ़
361_032.png,चित्राएं
361_035.png,वणे
361_041.png,नं
361_053.png,बढ़े
361_054.png,नंत
361_062.png,ऊँ
361_064.png,ऋषि
361_067.png,श्री
361_071.png,शाई
361_077.png,रो
361_085.png,मे
361_092.png,बढ़ा।
361_095.png,मे
361_108.png,रो
361_110.png,भौगोलिक
362_003.png,शी
362_004.png,रीन
362_006.png,क़ी
362_041.png,डू
362_042.png,न।
362_048.png,श्रे
362_053.png,क्षु
362_054.png,श्री
362_064.png,थें।
362_077.png,नर्इ
362_079.png,नी
362_080.png,त्रिव
363_001.png,लौ
363_003.png,हैँ
363_004.png,आयों
363_008.png,रखिलो
363_009.png,कथाऊ
363_010.png,आये
363_011.png,सस्तों
363_016.png,मिल्ये
363_018.png,रसिलो
363_020.png,आयो
363_021.png,केड़ी
363_024.png,चुईं
364_010.png,चेल
364_016.png,ने
364_027.png,शेत्र
364_028.png,क्षे
364_029.png,शंक्षा
364_032.png,एफ
364_043.png,त्रा
364_046.png,ऊँचा
364_055.png,ठेका
364_067.png,लोका।
365_001.png,ऋषि
365_022.png,श्रद्धों
365_026.png,श्रद्ध
365_028.png,की
365_032.png,क्रुङ्क
365_033.png,श्रद्धि
365_034.png,क्षुक्र
365_036.png,शोक।
365_042.png,कहॉं
365_044.png,ॐका
365_058.png,ध्रु
365_072.png,ऊँ
365_085.png,ऋष
366_018.png,लें।
366_049.png,ता।
366_061.png,ईं
366_062.png,नी
367_002.png,ना
367_003.png,पीं
367_011.png,ऋणदाता।
367_014.png,पडा
367_015.png,रो
367_023.png,ईश्वरी
367_029.png,बीचूछ
367_039.png,क्वाँळज्ञ
367_043.png,ने
367_051.png,नं
368_004.png,भर्ना
368_007.png,शुल्यों
368_008.png,वर्णन
368_009.png,२०१५
368_011.png,उच्छ्वार
368_015.png,शिक्षा
368_017.png,राई
368_026.png,लारे
368_031.png,वश
368_035.png,सहयक
368_036.png,जानकारी
368_039.png,गिर्मा
368_041.png,जाऊँ
368_048.png,१५
368_051.png,विशेषताएं
37_012.png,नी
37_026.png,प्रस्तुल
37_036.png,रायशनागर
37_038.png,देकिं
37_040.png,जाते
37_048.png,चिल्का
37_056.png,हास्यफुहार
37_069.png,पापा
370_000.png,लेतो
370_002.png,क्षि
370_037.png,वितरों
370_040.png,फ़ैड़
370_052.png,गयें।
370_064.png,त्रात्मक
370_068.png,श्रानः
370_097.png,लंका
371_000.png,मे
371_029.png,ने
371_041.png,क्ष
371_051.png,गू
371_056.png,शेड्स
372_000.png,फजाई
372_002.png,पो
372_003.png,जगत
372_004.png,मा
372_011.png,नाम
372_012.png,हात
372_014.png,पर्स
372_015.png,को
372_018.png,मोहन
372_020.png,चश्मा
372_022.png,परे
372_029.png,औपचोरिक
372_030.png,रक्षायन
372_032.png,कारखाना
372_033.png,माट
372_036.png,हो
372_037.png,हामी
372_041.png,क्वों
372_043.png,खाट
372_044.png,खाना
372_045.png,ख़ाना
372_046.png,क्रो
372_047.png,लागी
372_048.png,टेवल
372_050.png,वरन
372_051.png,क्वै
372_056.png,रसायन
372_058.png,हो
372_060.png,चाल
372_061.png,सम्बन्धि
372_067.png,कुनै
372_070.png,हुने
373_003.png,जश्नू
373_005.png,मनोक्षा
373_009.png,विष्क
373_017.png,नया
373_020.png,स्थार्थी
373_024.png,व्यथा
373_029.png,कारण
373_032.png,खुल्ला
373_035.png,गर्वे
373_045.png,अवस्था
373_049.png,तामो
373_050.png,टोला
373_051.png,सार्वजनिक
373_054.png,तार्ना
373_055.png,दुश्कों
373_056.png,अंभाव
373_062.png,जगमगा
373_064.png,ऊ।
373_066.png,त्रामों
373_073.png,भारतक
373_075.png,निव्दाली
373_077.png,लारि
373_079.png,कारोखरी
373_080.png,मनोरा
373_088.png,दीक्षरों
373_089.png,हु
373_091.png,जायें
373_097.png,बुल्गना
373_099.png,र्मिता
373_100.png,१७६१
373_102.png,मर्ती
373_103.png,शुस्ति
373_104.png,पैथेल
374_008.png,लोका।
374_019.png,ज़रा।
374_035.png,ॠषि
374_044.png,द्वि
374_063.png,लड़के
374_064.png,यज्ञशाप
375_001.png,क्व
375_003.png,न्यूनरल
375_004.png,नाम
375_005.png,ङ्क्ष
375_006.png,श्रे
375_008.png,चित्रका
375_014.png,चार्डे
375_015.png,सप्तान
375_016.png,ग्रा
375_021.png,कोष
375_026.png,एएसआई
375_030.png,यार्क्रम
375_033.png,तार्त
375_035.png,अनुयाली
375_036.png,मान्त
375_038.png,ङ्क्षसह
375_041.png,वर्षि
375_047.png,तर्क
375_054.png,गवर्ड
375_061.png,अव्यवस्थान
375_064.png,कै
375_069.png,गाँवे
375_072.png,कार्म
375_076.png,बिकास
375_080.png,र्ष
375_083.png,क्षुब
375_085.png,व्याकरण
375_086.png,राई
375_091.png,ऊपरा
375_097.png,षक्तार
375_102.png,क्षु
375_103.png,क्रान्तों
375_106.png,हु
375_114.png,फ़ाक्ट
375_124.png,ङ्क्ष
376_012.png,रो
376_022.png,हु
376_026.png,च्च
376_027.png,भयानक
376_036.png,चूँड़
376_054.png,ऋत
376_060.png,ब्रांडेड
377_025.png,जे
377_027.png,ऊँ
377_036.png,ड्रेड
377_040.png,४५
377_041.png,शक्तीन
378_001.png,चीठी
378_002.png,मीच
378_003.png,ऊर्ध्वगमन
378_005.png,सम्पादक
378_009.png,धर्मग्रन
378_011.png,बिष्य
378_019.png,प्रबुण
378_021.png,चले
378_033.png,रुपया
378_039.png,रुक्म
378_042.png,हु
378_047.png,सहिले
378_054.png,भारतकों
378_066.png,हु
378_067.png,वात्सल्य
378_069.png,राई
378_071.png,तात्म्य
378_081.png,मात्र
378_086.png,हब
378_087.png,कुत्र
378_098.png,प्रमुब
378_100.png,नक्को
378_102.png,हु
378_107.png,कारणवश
378_111.png,मत्स्यपालन
378_114.png,हु
378_115.png,यम्बा
378_116.png,लारि
378_119.png,डिजेक्शन
378_120.png,चल्त
378_125.png,प्रयोर
378_128.png,ङ्क्षु
378_130.png,सकै
378_134.png,चाहे
378_137.png,कर्तव्य
378_142.png,भरने
378_144.png,थक
378_147.png,हु
378_150.png,हु
379_002.png,ला।
379_030.png,ॠषि
379_031.png,ज़्यूर
379_038.png,न।
379_039.png,रोटा।
38_001.png,नेपाल
38_003.png,एफ
38_004.png,क्षा
38_008.png,हो
38_010.png,आपको
38_012.png,पुरा
38_026.png,द्वि
38_029.png,यहि
38_031.png,याहुक
38_037.png,स्पूर्ण
38_038.png,र्दज
380_001.png,ती
380_011.png,न।
380_026.png,चड़ा
381_018.png,२।
381_027.png,र्दज
381_030.png,रो
381_035.png,चेन्न
381_037.png,चीड
381_043.png,ईं
381_057.png,ॠष्ण
381_073.png,खां
381_091.png,ऊँ
381_097.png,ऋषि
381_107.png,चिं
381_108.png,छ़प
382_019.png,विवाही
382_024.png,रो
382_028.png,क्षण
382_032.png,रो
382_036.png,१९
382_047.png,चूह
382_050.png,पड़ी।
382_051.png,५५
382_060.png,गया।
383_011.png,रे।
383_020.png,क्षै
383_022.png,रोकगा।
383_033.png,नं
383_034.png,यूं
383_051.png,लक्ष्मी
383_054.png,झु
383_058.png,थीं
383_085.png,ऋष
384_036.png,नान्त।
384_041.png,चांट
384_044.png,वध
384_063.png,लोका।
385_014.png,ना
385_019.png,पड़ी।
385_033.png,ने
385_041.png,४८
39_001.png,पप्पो
39_002.png,सबे
39_005.png,नाम
39_006.png,क्यें।
39_015.png,जायगा
39_018.png,बाइबला
39_020.png,पोटो
39_026.png,व्याम
39_028.png,तर
39_032.png,गर्बुर्द
39_035.png,हे
39_044.png,जरुरी
39_046.png,हामीले
39_048.png,चलाइये
39_051.png,शरे
39_054.png,हामीले
39_055.png,फेअसबुरा
39_056.png,बाषी
39_060.png,शमी
39_061.png,माथी
39_066.png,परिणाम
39_068.png,छवे
39_069.png,हरेष
39_070.png,पृथ्व
39_073.png,धर्मनिरपेक्ष
39_077.png,परेशाम
39_083.png,प्रयो
39_086.png,जम्तों
39_087.png,स्थानवी
39_090.png,अपर्याप्त
39_099.png,तया
39_100.png,भूषणाओं
39_102.png,प्रयोग
39_103.png,गर्दु
39_104.png,पर्द
39_105.png,पब
39_106.png,मात्र
39_107.png,फेसबुक
39_108.png,रूप
39_111.png,मेत्र
39_112.png,बरते
4_001.png,दैनिकी
4_003.png,बिह्नान
4_006.png,बच्चे
4_010.png,मैँने
4_011.png,मूराव
4_013.png,मूरूव
4_016.png,मू
4_024.png,मैँने
4_028.png,औषध
4_032.png,मांचि
4_034.png,ब्लागि
4_036.png,गरम
4_041.png,आपको
4_054.png,पुछि
4_057.png,गर्र
4_058.png,गृहण्य
4_059.png,गर्रे
4_060.png,पृथ्वि
4_065.png,ख्वना
4_066.png,रफ़र
4_067.png,रखना
4_071.png,चड़ता
4_073.png,चड़ता
4_076.png,डगर
4_077.png,पुछि
4_078.png,पान्ती
4_080.png,क्यान्यों
4_083.png,कारण
4_084.png,ले
4_087.png,सास्।
4_090.png,पड़ें
4_093.png,गरम
4_096.png,पत्नि
4_097.png,मैँते
4_098.png,मौबाइन
4_102.png,मौबाइल
4_104.png,पढ़ि
4_105.png,मैँने
4_107.png,मा
4_108.png,गैम
4_110.png,प्रूफ़रि
4_114.png,गृहणार्थ
4_125.png,ज्ञान्त
4_127.png,पिएँ
4_128.png,पालना
4_129.png,मेँ
4_130.png,टिफ्का
4_133.png,मैँ
4_136.png,रू
4_139.png,तिर
4_141.png,पर
40_006.png,पर्यटक
40_008.png,प्रात्य
40_009.png,त्यार
40_018.png,परिचय
40_020.png,गिव्स
40_026.png,४५
40_027.png,गते
40_032.png,ब्लागि
40_041.png,कष्ट
40_042.png,पाते
40_044.png,वट
40_054.png,यावा
40_065.png,पीग
40_067.png,विवरण
40_069.png,जम्मो
40_070.png,लगाएगा
40_072.png,बजे
40_073.png,तिर
40_074.png,पोखराश
40_076.png,प्रणाला
40_085.png,व्यवस्थित
40_087.png,समस्याग्रस्त
40_089.png,त्वच्छों
40_092.png,कूटनाई
40_096.png,स्वर
40_111.png,रहेखाय
40_112.png,रिष्ठजना
40_114.png,बड़बी
40_120.png,त्वच्तों
40_121.png,जादों
40_124.png,प्रणो
40_130.png,पिठानमे
40_133.png,तारणहारा
40_135.png,४५
40_137.png,बामीबार्ड
40_150.png,देहत्या
41_000.png,श्रीति
41_001.png,दुर्बा
41_002.png,टामी
41_005.png,बीच
41_006.png,भाषा
41_009.png,गर्दन
41_013.png,वंद
41_018.png,पुण्ड
41_019.png,बार
41_026.png,मेरा
41_027.png,व्यापारी
41_028.png,सर
41_029.png,मितव्यय
41_033.png,खुशी
41_034.png,देखियों
41_036.png,शम्मीले
41_037.png,पोषणा
41_042.png,जुब
41_047.png,यात्रा
41_048.png,गर्वपेक्ष
41_050.png,पाचक
41_051.png,तृत
41_052.png,घोषणा
41_053.png,कष्ट
41_054.png,व्यावहारियों
41_055.png,वणो
41_058.png,क्षणभ
41_060.png,सुब्बई
41_061.png,नर
41_068.png,रखे
41_072.png,पोखराण्ड
41_081.png,पृथ्वि
41_082.png,घामी
41_089.png,पित्र
41_091.png,व्यावहारिक
41_092.png,ब्याबा
41_095.png,पुराष्ट्रो
41_096.png,भण्डात
41_101.png,पृथि
41_103.png,क्षेच
41_104.png,ब्यूर्ण
41_107.png,व्यवस्थित
41_109.png,र्दज
41_110.png,बयानबा
41_116.png,पाइप
41_118.png,माया
41_120.png,गर्दन
41_121.png,देबा
41_123.png,पेया
41_128.png,प्रेत
41_133.png,जल्दीरी
41_134.png,चढ़
41_135.png,गित
41_136.png,परवरदास
42_000.png,पावरप्ले
42_007.png,त्वचाछ
42_010.png,भाग्यसालय
42_020.png,ज्ञाना
42_032.png,हाम्रो
42_035.png,डाँडा
42_037.png,हल्केमा
42_038.png,कपा
42_041.png,प्रबन्ध
42_044.png,संवेदको
42_055.png,जाए
42_058.png,भोगाली
42_060.png,हर्षे
42_061.png,बेसी
42_062.png,सोलामा
42_064.png,वाइपर
42_074.png,पारीफो
42_076.png,पण्ड्या
42_077.png,गर्बे
42_080.png,व्यवस्थित
42_084.png,सबेको
42_086.png,४५
42_096.png,समस्याएं
42_097.png,निराशाजनक
42_099.png,जसम्ता
42_102.png,मार्प
42_114.png,बुलें
43_003.png,अनुरोध
43_009.png,बबी
43_011.png,क्रैश
43_015.png,पाबीबो
43_019.png,देवप्ना
43_031.png,वश
43_034.png,पानीको
43_036.png,परिपूर्णता
43_045.png,नाम
43_047.png,डाँड
43_049.png,प्रमुण
44_000.png,पार
44_002.png,जोरा
44_007.png,पारिणे
44_010.png,राणा
44_014.png,पंनि
44_016.png,राजगढ
44_019.png,प्रणाएग
44_021.png,एग्जाज
44_025.png,रचा
44_026.png,प्लाशग्तों
44_030.png,वैयवधा
44_031.png,विषया
44_034.png,रुपयोग
45_000.png,सर्वों
45_006.png,नियाली
45_007.png,सार्वभौम
45_010.png,मर्त्य
45_012.png,प्रवर्तक
45_015.png,सम्यग्दर्शन
45_016.png,आंचल
45_018.png,ज़र्ते
45_021.png,सद्भव
45_023.png,शान्तिपूर्ण
45_027.png,संस्मरण
45_033.png,बुद्धन
450_000.png,प्रजनन
450_005.png,जज्बाली
450_014.png,तर्क
450_015.png,प्रत्यक्षदर्शी
450_028.png,तक
450_031.png,पप्प
450_034.png,राजकुमार
450_043.png,जार्गने
450_049.png,तर्क
450_053.png,फिन
450_057.png,पर्वन
450_061.png,वीकिन
450_062.png,ऊर्ध्वगमन
450_070.png,उत्तराखण्ड
450_072.png,नेनिल्ल
450_075.png,पुण्न
450_087.png,गर्वपूर्व
450_096.png,पर्दा
450_100.png,ॠष्ण
450_103.png,प्रश्न
450_104.png,वर्क
450_107.png,फ़िस्त्र
450_110.png,र्दज
450_111.png,चिं
450_113.png,पर्दि
450_115.png,मुर्दा
450_118.png,निम्नल्ल
450_123.png,पीर्इ
450_127.png,फ्रूता
450_131.png,व्युत्क्रमंत्र
450_132.png,प्रणव
450_134.png,फा
450_146.png,प्रत्यक्षदर्श
450_148.png,तर्क
450_149.png,सप्र
451_006.png,बोलीने
451_008.png,वाकर
451_011.png,सकीन्द्र
451_012.png,भाषा
451_015.png,देश
451_016.png,हड्सा
451_022.png,प्रयोग
451_023.png,मा
451_031.png,प्रवारने
451_032.png,भाजपाओं
451_036.png,तरपफ
451_037.png,ङ्क्षसह
451_044.png,क्वेन
451_047.png,भाषाओं
451_049.png,भरको
451_052.png,देशभक्ति
451_053.png,चर्चि
451_059.png,ऊँ
451_060.png,ताजाड़
451_064.png,मणार
451_065.png,जातियों
451_066.png,ज्ञाणा
451_069.png,दूं।
451_075.png,ङ्क्षसह
451_079.png,अर्ध
451_080.png,दिन्दु
451_081.png,संस्कृति
451_086.png,ऐसे
451_087.png,जार्गनग्रह
451_091.png,फ़रूब
451_092.png,ङ्क्षसह
451_094.png,सबेरे
451_095.png,ठाकंको
451_096.png,ऊँ
451_113.png,चंदी
451_116.png,ज़्ञाण
452_003.png,वात्सल्य
452_005.png,अलमस्त
452_011.png,कानूनी
452_013.png,फ़र्ज़
452_018.png,बढ़ी
452_021.png,प्रकृष्ण
452_022.png,मा
452_035.png,प्रयोजना
452_039.png,पेसीमा
452_045.png,ज्युरी
452_047.png,आदि
453_004.png,पढ़
453_008.png,हिन्न
453_009.png,श्रद्धालिय
453_010.png,जाएँ
453_012.png,ठप्पा
453_036.png,चर्चाएं
453_037.png,मिल्नर्न
453_047.png,प्रूँ
453_051.png,प्रित
453_054.png,छत्रपति
453_064.png,लिन्न
453_065.png,पात
453_066.png,ऋणदाता
453_071.png,ङ्क्षचता
453_081.png,चर्चाईं
453_085.png,श्रद्धार्थ
453_092.png,ॠष्ण
453_094.png,शुर्ख्यि
453_095.png,ष्णु
453_103.png,पत्थर्रा
454_004.png,सरियेगा
454_007.png,नो
454_024.png,रीन
454_025.png,प्रतीवादी
454_034.png,तर्फ
454_038.png,यमज़ारे
454_040.png,रिल
454_042.png,हेप
454_048.png,माथो
454_052.png,एमएसएमई
454_062.png,ज़ज़र
454_072.png,बोटे
454_083.png,हान
454_088.png,टा
454_103.png,हु
454_105.png,डर
454_106.png,ची
454_108.png,२५०००
455_001.png,स्थान
455_004.png,चाते
455_007.png,वजे
455_010.png,जिन्हा
455_013.png,मान
455_018.png,आई
455_020.png,नाम
455_026.png,प्रेल
455_028.png,खेवन
455_031.png,तालं
455_032.png,जाने
455_033.png,त्रणमा
455_034.png,रेम
455_037.png,४०००ि
455_039.png,क्वो
455_043.png,रेखी
455_044.png,एफ
455_047.png,र्दज
455_053.png,चिंगो
455_054.png,शती
455_059.png,पुत
455_061.png,लेख़
455_065.png,त्रणमा
455_069.png,नीर्वे
455_071.png,डाक्षस
455_072.png,नम्ने
455_077.png,बूल
455_079.png,ऐसे
455_085.png,फेला
455_086.png,परि
455_093.png,चेंके
455_095.png,मैले
455_096.png,रत्न
455_098.png,चला
455_099.png,चोरी
455_104.png,प्रतिवादी
455_105.png,एफ
455_106.png,परियालके
455_107.png,अनुस्तान
455_108.png,अधिकारी
455_109.png,एग्रा
455_110.png,सप्रे
455_115.png,मिति
455_119.png,कम्पना
455_120.png,जि
455_126.png,हू
455_127.png,जोवा
455_132.png,रहेंगे
455_133.png,गा
455_135.png,जा
455_138.png,तो
455_141.png,नाम
455_145.png,आसन्दा
455_146.png,जि
455_147.png,चित्त
455_150.png,ताड़ा
455_152.png,११
455_159.png,परियाले
455_160.png,चोरी
455_165.png,मस्तों
455_166.png,हो
455_168.png,मेट
455_173.png,मत
455_176.png,लक्ष्मीर
455_181.png,चढ़ा
455_183.png,ग्राह्मण
455_188.png,जेरी
455_189.png,येको
455_195.png,मन्य
456_003.png,रुर्ता
456_005.png,लार्त
456_013.png,चेरा
456_024.png,नाम
456_029.png,सोलें
456_033.png,नायाजिकता
456_051.png,सूचना
456_059.png,अनुसार
456_060.png,ज्यान
456_067.png,ताता
456_074.png,पिल्ला
456_082.png,नालें
456_085.png,करुर
456_088.png,बाबु
456_098.png,ना
456_099.png,परिचाल
456_102.png,निवराश
456_104.png,प्रारा
456_105.png,कार्की
456_109.png,शुरा
456_113.png,ऊँ
456_115.png,पाल्को
456_124.png,यातो
456_130.png,स्थान
456_131.png,नारं
456_132.png,र्ञानि
456_133.png,सामय
456_138.png,नवा
456_149.png,ब्बे
456_154.png,निवावरण
456_157.png,१७६१
456_167.png,लाएं
456_172.png,ज्ञा
456_175.png,स्थल
456_181.png,ब्ले
456_183.png,शोली
456_194.png,याचियो
456_197.png,प्रतिभावी
456_198.png,ताता
456_201.png,रेगा
456_202.png,यापाएं
456_206.png,लातो
456_211.png,रुपए
456_215.png,शेली
456_220.png,ब्यों
456_224.png,सम्भाला
456_225.png,जागरू
456_227.png,रेला
456_232.png,नियमाना
456_237.png,शा
456_238.png,पाएँ
456_241.png,मूलों
456_250.png,साइबर
456_271.png,ईश्वर
456_272.png,हूं।
457_004.png,ज़रा
457_005.png,जीरिने
457_006.png,प्रकरण
457_010.png,आब
457_015.png,जोरा
457_017.png,ज़ाराय
457_020.png,प्रतिपल्ला
457_025.png,डूवी
457_027.png,उपचार
457_040.png,ज़रारी
457_042.png,काम
457_044.png,उत्ती
457_045.png,फैला
457_050.png,पीए
457_057.png,रीई
457_062.png,११
457_065.png,१४
457_066.png,१४
457_067.png,१६
457_071.png,४०
457_073.png,७२
458_001.png,लाते
458_003.png,१७६१
458_007.png,सार्वजनिय
458_008.png,ताई
458_010.png,१७६१
458_016.png,४५
458_021.png,१७६१
458_023.png,४८
458_027.png,याये
458_032.png,एक्जाल
458_033.png,जाते
458_036.png,स्थापनिक
458_037.png,लाते
458_040.png,नी
458_047.png,न्यायपालिका
458_051.png,शासनक
458_057.png,पराया।
458_061.png,कप्र
458_066.png,निष्काल
458_072.png,शा
458_073.png,रोषन
458_075.png,पीये
458_083.png,चेल
458_085.png,तुस्सा
458_087.png,केन्द्रभा
458_092.png,स्पेल
458_111.png,याज्यम
458_113.png,नर्न
458_114.png,सा
458_124.png,१४
458_140.png,व्यवस्था
458_142.png,थियों
458_145.png,अजमेरवासे
458_148.png,१४
458_153.png,१६
458_157.png,निर्ञापना
458_160.png,१७६१
458_161.png,जलाने
458_162.png,स्थल
458_163.png,उम्मेश्वर
458_164.png,रीक्षा
458_171.png,शर्ता
458_172.png,आम
458_177.png,मारु
458_179.png,अमेबार
458_180.png,युत्क्रमानु
458_186.png,एन्वायर्नमेंटल
458_189.png,बाले
458_190.png,तात्रकों
458_193.png,जल्दालें
458_202.png,जलाके
458_204.png,जेंचेंने
458_205.png,व्यक्तिवो
458_206.png,आशाषा
458_209.png,तर
458_222.png,रेफ्टियों
458_226.png,स्थानिय
458_229.png,त्रणमा
458_231.png,क्यों
458_233.png,गंसा
458_240.png,पाये
458_241.png,बाणस
458_242.png,पानि
458_243.png,जायें
458_246.png,याते
458_249.png,कार्यालय
458_250.png,गणतांत्र
458_254.png,तल
458_259.png,रोमा
458_261.png,राजपथ
458_264.png,यातनाओं
458_270.png,प्रमानों
458_273.png,व्यवस्थित
458_279.png,पातानान
458_282.png,रू
458_293.png,जानक्र
458_299.png,उल्लेखन
458_301.png,कहा
458_306.png,स्था
458_308.png,परिवेदन
458_311.png,पारे
459_000.png,मुचुल।
459_001.png,कुनै
459_003.png,भैटीक
459_007.png,एडवास्ट
459_008.png,मिती
459_011.png,अन्यानी
459_014.png,जिल्ला
459_016.png,पोखरा
459_021.png,जेक
459_022.png,चित
459_027.png,गा
459_028.png,वाव
459_031.png,नं
459_032.png,को
459_035.png,तात्र
459_036.png,४५
459_037.png,बटन
459_042.png,एल्व
459_043.png,नगार
459_047.png,पित्व
459_048.png,लम्ते
459_049.png,तर्व
459_051.png,एम
459_053.png,चोरी
459_056.png,हुआ
459_058.png,कून
459_060.png,कारवादी
459_061.png,गरि
459_062.png,पोर
459_063.png,कूने
459_067.png,घटना
459_068.png,स्थल
459_069.png,चुल्का
459_075.png,सित
459_076.png,प्रम
459_082.png,उत्तपमा
459_083.png,शितके
459_086.png,पक्की
459_088.png,ऋषि
459_089.png,रेखि
459_091.png,तर्प
459_092.png,ज़ाने
459_094.png,संक्ष
459_095.png,याति
459_098.png,भिन्न
459_100.png,किलाए
459_105.png,कष्ट
459_107.png,को
459_109.png,पोरी
459_113.png,सहिके
459_114.png,घटना
459_120.png,खान
459_123.png,मुज़बला
459_126.png,पेगा
459_131.png,घार्र
459_134.png,खण्डा
459_136.png,चत्नाओं
459_139.png,गा
459_149.png,ट्यूलर
459_152.png,भाज़ों
459_154.png,प्रख्यात
459_156.png,पेयजल
459_166.png,वरामी
459_168.png,प्रतिवादी
46_007.png,मिलाऊ
46_008.png,फोटा
46_014.png,क्रीवास
46_015.png,पैमा
46_020.png,पूर्ण
46_027.png,जमा
46_028.png,उर्ती
46_031.png,सर्प
46_035.png,एजोजेर
46_037.png,स्पष्टता
46_039.png,कप्ताओं
46_046.png,सातव
460_001.png,जाबन
460_003.png,देवानी
460_006.png,सर्वप्रथम
460_010.png,हो
460_016.png,देश
460_019.png,बाहिर
460_027.png,हो
460_030.png,छक्को
460_033.png,नियम्त्रण
460_036.png,शर्तु
460_038.png,कार्प
460_041.png,पा
460_042.png,के
460_043.png,डालत
460_048.png,दुःध
460_053.png,लगावी
460_058.png,चर्चा
460_059.png,अपराध
460_062.png,हरेक्ष
460_066.png,रहे
460_067.png,काम
460_069.png,पर्द
460_070.png,क्लाइन
460_072.png,देवानी
460_074.png,भिन्न
460_075.png,भार।
460_077.png,महछे
460_078.png,देवानी
460_079.png,क़ाबुन
460_085.png,हो
460_087.png,ब्लाबुन
460_090.png,पंनी
460_093.png,अपराध
460_102.png,चोरी
460_105.png,ऊँदी
461_000.png,रेंट
461_002.png,प्रलान
461_006.png,आरोप
461_007.png,लारोको
461_008.png,झल्लाई
461_009.png,चार
461_012.png,सप्ताप
461_014.png,ब्लाट
461_018.png,राम
461_022.png,ब्लडप्रे
461_028.png,सन्देस
461_031.png,प्रतिबध्दी
461_032.png,औरतों
461_036.png,समिकल्प
461_039.png,क्युरी
461_040.png,रचि
461_042.png,पक्षपा
461_044.png,मुलजी
462_000.png,प्रश्न
462_001.png,नं
462_004.png,भाषा
462_005.png,रचनाले
462_006.png,सामान्य
462_007.png,र्दजा
462_008.png,त्वच्त
462_009.png,नोल
462_010.png,ना
462_011.png,गायी
462_013.png,शुर्ज़
462_020.png,परंभाषा
462_027.png,याज्ञवल्न
462_030.png,रत्नि
462_031.png,पत्रीले
462_033.png,समस्या
462_035.png,ज्ञा
462_039.png,जाट
462_040.png,उच्चारण
462_045.png,ज्ञा
462_048.png,मार्तागर
462_050.png,निवावरण
462_062.png,नामा
462_064.png,चार्च
462_069.png,आचासा
462_071.png,सेम्स
462_073.png,सामाना
462_074.png,अन्त्रों
462_077.png,व्याकरण
462_082.png,गौरिला
462_083.png,जेल
462_094.png,गौ
462_098.png,प्रयो
462_106.png,जेह
462_112.png,भाषाली
462_123.png,संकल्पन
462_125.png,लेखन
462_127.png,पाठान
462_132.png,लाएं
462_134.png,लालपरा
462_137.png,फाल
462_142.png,हरु
462_146.png,ज़रु
462_147.png,शाषा
462_148.png,बोले
462_154.png,पौरेन
462_155.png,जेज़ा
462_156.png,घरें
463_000.png,लालुनी
463_001.png,नेपाली
463_003.png,लानुनी
463_012.png,हो
463_014.png,नेपाली
463_016.png,जानूनी
463_018.png,भाषा
463_019.png,क्विन
463_022.png,लानुनी
463_023.png,भाषा
463_026.png,विद्यालय
463_031.png,हेरे
463_036.png,लाबुनी
463_037.png,भाषा
463_041.png,प्रचोड़ा
463_044.png,वाक्पटुन
463_045.png,लानुनी
463_046.png,नेपाली
463_048.png,हो
463_049.png,उत्त
463_051.png,लाबूनी
463_053.png,प्रोण
463_055.png,उदाहरण
463_056.png,राजने
463_061.png,मेरो
463_062.png,मुड़ा
463_063.png,हिनो
463_065.png,ज़जूरे
463_067.png,कान्तुनी
463_068.png,वाइपर
463_069.png,हर्षे
463_070.png,प्रयोग
463_073.png,रचो
463_074.png,राषट्रपत
463_082.png,प्रयो
463_084.png,शवगृह
463_092.png,बन्नाले
463_094.png,परेक्षो
463_098.png,बुल्हाने
463_100.png,हो
463_104.png,निन्दी
463_105.png,तामेल
463_109.png,रचता
463_111.png,तरपराम
463_113.png,बढी
463_115.png,जार्गनग्रह
464_000.png,भोग
464_002.png,डोप
464_006.png,तय
464_008.png,चेल़
464_013.png,तय
464_018.png,गर्न
464_020.png,भावना
464_027.png,जारी
464_032.png,गर्दन
464_037.png,जिरह
464_042.png,छटा
464_044.png,पर्दन
464_048.png,प्रवर
464_050.png,ठहर
464_051.png,गर्दन
464_053.png,गर्दन
464_061.png,गर्दन
464_064.png,बिषमा
464_069.png,पोल्डे
464_076.png,शरू
464_079.png,प्रक्ट
464_080.png,गर्दन
464_081.png,आय्तों
464_084.png,गर्दन
464_087.png,तय्य
464_089.png,हुते
464_090.png,साधार
464_096.png,अधिकार
464_097.png,अधिकार
464_100.png,अन्तर्गत
464_103.png,अंश
464_106.png,पूतु
464_108.png,निवेचन
464_109.png,क्षेत्र
464_110.png,मेत
464_114.png,१५
464_116.png,४८
464_117.png,११
464_120.png,१४
464_121.png,११
465_004.png,प्रतिवेदन
465_005.png,परिचय
465_006.png,कामज़ा
465_008.png,स्कूल
465_009.png,जाए
465_012.png,शिक्ष
465_013.png,त्वचा
465_015.png,जॉले
465_020.png,सार्वजनिकता
465_024.png,एा
465_025.png,रायशन
465_027.png,तेली
465_029.png,स्तर
465_034.png,नोली
465_037.png,फाम
465_041.png,विषय
465_043.png,यों
465_056.png,एफएमसीज
465_062.png,प्रथा
465_067.png,प्रणमा
465_068.png,लातों
465_072.png,अत्यधिक
465_077.png,जेले
465_081.png,पाने
465_083.png,सम्भालिकता
465_086.png,विवरण
465_087.png,उत्त
465_090.png,तथार
465_092.png,पाएगा
465_097.png,लारी
465_100.png,सेंक्स
465_108.png,पापालो
465_109.png,एफ
465_110.png,पालना
465_111.png,लागों
465_113.png,प्रखर
465_115.png,थियों
465_117.png,अन्यथा
465_121.png,ज़र
465_123.png,लारी
465_126.png,कार्यकलो
465_128.png,सत्ताह
465_133.png,पाति
465_135.png,योगे
465_137.png,पातो
465_144.png,फारामा
465_145.png,उल्लेखन
465_149.png,पालागर
465_155.png,ताई
465_156.png,तेाली
465_158.png,प्रयोग
465_161.png,ताईँ
465_167.png,प्रयो
465_171.png,तपराई
465_173.png,नाजाने
465_175.png,हर्षे
465_178.png,पचपन
465_181.png,ताई
465_182.png,नेपाली
465_183.png,मालिक
465_184.png,लेज
465_193.png,नायाली
465_198.png,ऊँकै
465_209.png,आश्रार्द
465_215.png,टाइप़
465_219.png,उल्लेखन
465_224.png,तेचाली
465_225.png,साफो
465_228.png,शौला
465_230.png,प्राय
465_232.png,ब्लोग
465_233.png,१६३२
465_235.png,प्रयो
465_237.png,११
465_240.png,थैँ
465_241.png,प्रयोग
465_242.png,रौला
465_250.png,पाठशाया
465_253.png,प्रयो
465_254.png,यार्ले
465_257.png,अश्लेजी
465_258.png,साया
465_259.png,प्रयो
465_263.png,तॉली
465_264.png,रास्टेजी
465_266.png,प्रयो
465_275.png,नेपाली
465_287.png,नेपाली
465_290.png,१६
465_297.png,पुस्तक
465_303.png,प्रखर
465_309.png,लेलें
465_312.png,योग्यता
465_313.png,शालों
465_314.png,स्तर
465_319.png,मानें
465_320.png,१४३२
465_321.png,शौल
465_323.png,माले
466_005.png,स्वर्गीय
466_015.png,जार्ग
466_019.png,णित्र
466_022.png,हड़न
466_023.png,राष्ट्रपति
466_024.png,मत्स्यपालन
466_025.png,गिर्मि
466_035.png,फर्ग्या
466_041.png,पंच
466_050.png,तर्क
466_054.png,क्षि
466_066.png,त्रणमा
466_067.png,लिएँ
466_068.png,तिलमाली
466_069.png,यात्राएं
466_074.png,हुर्न
466_081.png,दब्र
466_087.png,त्रणम्र
466_093.png,अश्रि
466_096.png,जयकीर्ण
466_097.png,प्रत्यक्षदर्शी
466_100.png,फार्प
466_105.png,पवन
466_106.png,श्रद्धुपूर्ण
466_107.png,प्रक्तृति
466_118.png,कायम
466_124.png,स्वर्गी
466_133.png,क्षण्तु
466_134.png,पर्वे
466_137.png,दन
466_142.png,ऊर्ध्वगमन
466_144.png,ॠषिक्षा
466_147.png,४०००
466_148.png,मर्तु
466_150.png,नू
466_151.png,त्रिफ
466_152.png,मर्तु
466_160.png,मर्त्य
466_162.png,पॄनि
466_163.png,यैँ
466_165.png,प्रण
466_170.png,क्षण
466_171.png,पर्वों
466_172.png,लुत्स्य
466_176.png,पुत्र
466_186.png,पत्नि
466_189.png,प्राप्त
467_016.png,तियारीस
467_018.png,पोले
467_023.png,लेली
467_031.png,माले
467_036.png,शौल
467_037.png,क्वें
467_041.png,तातो
467_042.png,गाले
467_053.png,ऑपरेका
467_056.png,शॉलें
467_057.png,मजाने
467_065.png,रीगि
467_066.png,ज्वैश्वरी
467_067.png,प्रजातीय
467_068.png,रेलो
467_070.png,सुलगार
467_072.png,संस्मरणा
467_073.png,जानी
467_075.png,रचनाकाल
467_076.png,स्वास्थ्यवर्धक
467_077.png,रिला
467_082.png,तेाले
467_083.png,साया
467_085.png,सार्वजन
467_094.png,लेल
467_096.png,प्रशिष्ठा
467_097.png,शायोजन
467_099.png,पुलस्तान
467_100.png,तेालो
467_103.png,पुलस्तों
467_104.png,उपलब्धता
467_113.png,चेतना
467_115.png,सामाजिक
467_128.png,प्रकाशन
467_132.png,कानी
467_138.png,शॉली
467_145.png,हुनें
467_151.png,सामाजीकरण
467_156.png,ताया
467_160.png,नारी
467_161.png,ताया
467_164.png,बोरा
467_165.png,प्रारोपण
467_167.png,रजाल
467_169.png,लेती
467_171.png,तानुनी
467_172.png,पात्र
467_173.png,प्रकाशन
467_176.png,स्कलाधिकार
467_177.png,रेना
467_178.png,रू
467_182.png,अर्थुक
467_192.png,रॉली
467_193.png,लानी
467_197.png,उत्पादकत
467_200.png,दैन
467_202.png,याले
467_207.png,पानि
467_211.png,तेजाबी
467_212.png,लालुनी
467_216.png,स्पेशलानी
467_217.png,रार्न
467_224.png,याज्ञवल्का
467_225.png,प्रयो
467_227.png,नोली
467_229.png,जावा
467_234.png,सामान्यत
467_240.png,त्रणमा
467_241.png,लार्ग
467_244.png,प्राल
467_246.png,लार्ऌ
467_247.png,माऩ
467_249.png,निर्ञापित
467_250.png,सा
467_253.png,लारी
467_256.png,राजाला
467_261.png,कार्यालय
467_269.png,सोरी
467_272.png,सप्ताल
467_273.png,शुर्ले
47_004.png,कमान
47_006.png,प्रणाया
47_007.png,पापुर
47_040.png,सजों
47_041.png,त्वचा
47_043.png,प्रवाण
47_048.png,पप
47_053.png,चार्ऌ
47_055.png,पाऊँ
47_060.png,क्षय
47_074.png,शिला
47_075.png,क्लों
47_092.png,यात्रि
47_104.png,४५
47_105.png,वर्षे
47_106.png,जीवनीया
47_112.png,साता
47_113.png,हुन्ने
47_129.png,जुर्बों
47_130.png,लूँगा
47_131.png,बयाना
47_133.png,पत्नि
47_141.png,थिर
47_161.png,१९४६
47_177.png,निवर्षरों
47_184.png,प्रफुरी
47_205.png,शिल्लों
47_207.png,मरूंगा
47_232.png,क्ली
47_235.png,वर्षे
47_239.png,बेला
47_240.png,प्रकाशनों
47_241.png,सियार
47_246.png,त्राफ़
47_260.png,ब्रीफ़
472_001.png,स्वतत्रता
472_013.png,ऋणदाना
472_015.png,ऋणदाने
472_016.png,ज़्ञा
472_021.png,जॉजिन
472_024.png,प्या
472_029.png,त्रणमाता
472_031.png,ग्रा
472_035.png,मॉलि
472_038.png,एवयव
472_039.png,ॠषि
472_043.png,प्रमाता
472_056.png,डायर
472_057.png,चंत्र
472_059.png,श्रद्धांगी
472_067.png,तर्रों
472_068.png,ऋषि
472_069.png,त्यागपत्रा
472_086.png,ऋषि
472_089.png,व्यवस्था
472_091.png,तर्रा
472_094.png,क्राँति
472_101.png,लॅडि
472_112.png,वर्ष
472_119.png,काफ
473_005.png,ऋणदाता
473_006.png,प्रथा
473_007.png,परंपना
473_009.png,वा
473_013.png,वर्ष
473_015.png,शोषणों
473_024.png,ऋणदाजे
473_026.png,तर्न
473_028.png,रॉस
473_033.png,श्रद्धीराज
473_043.png,तौ
473_063.png,र्दज
473_068.png,परिस्थार्थ
473_071.png,क्षय
473_088.png,क्षणभ
473_095.png,प्रणव
473_097.png,क्ष
473_107.png,श्रा
474_010.png,एफएमसीजों
474_011.png,ऋणदाता
474_022.png,स्थापना
474_026.png,एएनएम
474_027.png,राजगढ
474_035.png,पुण्यतिथि
474_036.png,पुरारी
474_037.png,मिकृत
474_038.png,गर्मे
474_046.png,ज़राने
474_050.png,चकार्मे
474_053.png,र्दज
474_054.png,प्रजाय
474_058.png,गरी
474_059.png,राजा।
474_067.png,दरबार
474_070.png,कागजाते
474_071.png,श्राप
474_074.png,पत्नी
474_080.png,नाच
474_084.png,यज्ञशाना
474_085.png,एल
474_086.png,फलस्वरूप
474_088.png,गजा
474_095.png,रचनाकारों
474_098.png,च्याह
474_101.png,एकतरफो
475_009.png,सत्याना
475_019.png,पाखे
475_020.png,नार्ग
475_023.png,रोगा
475_025.png,ज़्ञा
475_035.png,राजाना
475_039.png,एशियाट
475_040.png,लोकसभाने
475_043.png,चिजि
475_044.png,सिरामित
475_054.png,हुके
475_057.png,समस्योग
476_000.png,कप्तान
476_013.png,र्दज
476_019.png,र्दज
476_022.png,युना
476_023.png,नर्ज
476_028.png,हत्या
476_035.png,र्दज
476_038.png,पर्यवसार
476_041.png,वर्ष
476_046.png,र्दज
476_047.png,पर्वत
476_048.png,र्दज
476_052.png,र्दज
476_054.png,ताथा
476_058.png,नुनित्त
476_060.png,वर्ष
476_062.png,तन्जा
476_064.png,वर्ष
476_071.png,१७६१
476_082.png,पकड़कर
476_084.png,ऋषार
476_088.png,१७६१
477_010.png,टचा
477_013.png,निर्ञान
477_020.png,प्राप्त
477_021.png,१५
477_035.png,क्रुक्ता
477_046.png,चर्चाई
478_004.png,ङ्क्षसह
478_005.png,४५
478_009.png,व्यवस्थार्थ
478_013.png,न्यायालय
478_017.png,४०
478_018.png,४५
478_027.png,क्षैब
478_036.png,भई
478_039.png,घबरूप
478_043.png,चौदह
478_044.png,१८५७
478_048.png,१४८०
479_014.png,ॠष
479_016.png,४५
479_017.png,१७६१
479_019.png,४५
479_033.png,ब्रह्म
479_038.png,वर्ष
479_039.png,१६३२
479_040.png,यह्
479_042.png,ईश्वरीय
479_050.png,यात्रार्थ
479_051.png,ट्रोन
48_000.png,१७६१
48_001.png,हरू
48_003.png,न्बत
48_004.png,रिमझिला
48_006.png,ज़रा।
48_011.png,न्याय
48_018.png,न्याय
48_022.png,साज
48_026.png,ज्ञानज
48_029.png,पंनि
48_042.png,पाऊँ
48_047.png,रिया
48_056.png,शिलो
48_064.png,ताता
48_068.png,गिता
48_089.png,वर्ते
48_091.png,याच
48_094.png,पॼकारियों
48_099.png,साशा
48_102.png,लिखिया
48_131.png,कब्र
480_003.png,विष्ठा
480_005.png,हर्षे
480_006.png,चिड़ा
480_007.png,पाठक
480_009.png,ईश्वर्यु
480_017.png,हथान
481_001.png,श्रेता
481_010.png,हथाय
481_012.png,जाचाही
481_027.png,१७६१
482_002.png,उज्याली
482_003.png,कवितानी
482_004.png,उज्याली
482_009.png,कविता
482_011.png,कविता
482_012.png,कविता
482_014.png,यात्रा
482_015.png,मूल
482_018.png,श्री
482_019.png,मानव
482_020.png,जीवन
482_021.png,अमल
482_022.png,कर्म
482_026.png,कर्मचारी
482_028.png,कविताओं
482_032.png,उद्यत
482_034.png,लाणि
482_035.png,मा
482_037.png,कीलिये
482_038.png,लोकमान्य
482_040.png,मिलिनेगी
482_046.png,उत्त
482_047.png,लाणि
482_049.png,ही
482_050.png,रू
482_053.png,यॉ
482_054.png,माव
482_055.png,मुल
482_058.png,धर्मीले
482_063.png,यात्रा
482_064.png,कर्मको
482_065.png,इन
482_066.png,उद्धार
482_074.png,बबन्त
482_075.png,तथा
482_076.png,रू
482_077.png,मर्इ
482_078.png,बल्लन
482_082.png,ऑफ़
482_085.png,काम
482_086.png,पर्वि
482_089.png,गर्वपूर्ण
482_091.png,कमर्ति
482_092.png,कर्तव्य
482_093.png,सदग्रस
482_094.png,मनमा
482_095.png,निष्ठ
482_096.png,मर्इ
482_097.png,कर्म
482_100.png,कम
482_102.png,यदि
482_103.png,बाच्च
482_108.png,ङ्क्ष
482_112.png,सक्रिब्रह
482_113.png,गर्व
482_114.png,प्रति
482_115.png,साथ
482_118.png,रू
482_119.png,रू
482_120.png,क्यूँ
482_121.png,आदर्श
482_123.png,आत्मनिर्भर
482_124.png,कर्मकों
483_002.png,लाणि
483_003.png,बन्धका
483_007.png,चात्रा
483_008.png,तिलमा
483_010.png,जार्वपूर्ण
483_012.png,संवाद
483_013.png,ख़ा
483_015.png,गुंडागर्च
483_019.png,मलाई
483_020.png,कति
483_026.png,३२
483_030.png,रू
483_033.png,रू
483_035.png,स्तन
483_043.png,एयरबस
483_050.png,नमस्कार
483_052.png,फर्रा
483_053.png,फैरी
483_057.png,धन्यवाद।
483_059.png,पर्चो
483_060.png,यहाँ
483_061.png,यहाँ
483_062.png,ज्ञामी
483_063.png,समस्यान
483_066.png,किन्त
483_072.png,चार्तियों
483_074.png,तैरो
483_075.png,तैल
483_076.png,लिखकर
483_083.png,हो
483_085.png,इति
483_086.png,लिए
483_087.png,की
483_088.png,चाहिन्दु
483_089.png,मलाई
483_093.png,सँख
483_094.png,रू
483_099.png,क्षति
483_100.png,मर्यों
483_102.png,परेर
483_105.png,तपाई
483_106.png,मों
483_107.png,४०००
483_108.png,पुण्ड
483_110.png,नमस्कार
483_114.png,ट्रिय
484_000.png,संवार
484_001.png,रामाजिक
484_004.png,सद्व्यवहाव
484_005.png,शीर्षका
484_007.png,पात्र
484_008.png,बीच
484_013.png,घऱ
484_014.png,मित्रीय
484_016.png,पन्ने
484_019.png,संस्कॄ
484_020.png,कानी
484_025.png,आदर्श
484_029.png,स्पष्ट
484_033.png,हु
484_036.png,अनि
484_037.png,तिम्री
484_039.png,तिमी
484_049.png,किन
484_051.png,यियों
484_054.png,नी
484_056.png,कून
484_058.png,यियो
484_060.png,मस्तकों
484_061.png,सामाजिक
484_062.png,पढ़ाइए
484_069.png,सामाजिक
484_072.png,सके
484_073.png,समानता
484_075.png,सामाजिक
484_076.png,सदग्रसाव
484_083.png,फाइन
484_084.png,चाही
484_089.png,स्थाय
484_091.png,हु
484_094.png,मानवा
484_101.png,धार्मिक
485_000.png,खर्च
485_001.png,उद्धात
485_002.png,कर्मों
485_003.png,यात्रा
485_006.png,बबन्ध
485_007.png,माई
485_008.png,नमुना
485_009.png,आश्वरी
485_020.png,कविताह
485_022.png,डू
485_024.png,यात्रा
485_026.png,नाम
485_027.png,कविताओं
485_028.png,रू
485_030.png,निकालियों
485_032.png,कविताओं
485_039.png,आदर्शवादी
485_045.png,परित्रम
485_047.png,बन्न
485_048.png,कर्म
485_049.png,मात्र
485_051.png,सफल
485_053.png,आदर्श
485_054.png,रू
485_055.png,हमी
485_058.png,लालपरि
485_059.png,फल
485_064.png,माद्दा
485_068.png,पत्नि
485_073.png,सुखी
485_075.png,यात्रा
485_076.png,तत्र
485_079.png,रू
485_084.png,आपत्ति
485_085.png,मर्बे
485_086.png,रू
485_087.png,आदर्श
485_089.png,बेबन
485_090.png,सींने
485_092.png,बीएमसी
485_093.png,नम्रवा
485_094.png,तिरशाई
485_095.png,आदर्श
486_002.png,४५
486_006.png,पर्यवसार्थी
486_007.png,शवित
486_008.png,तागत
486_009.png,सामर्थ्य
486_012.png,पाठ
486_013.png,मिति
486_018.png,प्रेम
486_019.png,मामा
486_021.png,स्वेह
486_023.png,पृथ्वी
486_024.png,मुड़ी
486_026.png,शिर
486_030.png,कर्म
486_031.png,काम
486_032.png,कार्य
486_034.png,शर्मी
486_035.png,मनीहर
486_037.png,डीवन
486_039.png,बूलों
486_041.png,हावा
486_042.png,पवनं
486_044.png,समीर
486_045.png,आकाश
486_046.png,सागर
486_047.png,गणन
486_049.png,वहन
486_051.png,चतु
486_053.png,७२े
486_054.png,तल
486_056.png,शब्दी
486_057.png,विपरीता
486_058.png,शब्द
486_059.png,लेख
486_060.png,निगम
486_063.png,ज्ञान
486_064.png,असमय
486_065.png,अक्षर्कि
486_066.png,न्याय
486_068.png,अपनो
486_069.png,सम्भवत
486_071.png,हुस्खी
487_003.png,मित्र
487_005.png,दुःखी
487_008.png,ज्ञान्त
487_009.png,श्रमदान
487_014.png,न्याय
487_022.png,साबाश
487_027.png,हावा
487_029.png,पवन
487_036.png,जीवन
487_042.png,बंक्ष
487_043.png,कर्ब
487_048.png,थर्ती
487_049.png,षष्ठी
487_052.png,क्षमा
487_058.png,शाति
487_062.png,पर्यवसार्थी
487_063.png,शब्द
487_065.png,अग्रसर
488_000.png,बोट
488_004.png,स्प
488_005.png,ज़म़
488_007.png,इच्च
488_009.png,चे
488_012.png,माण
488_013.png,संसार
488_014.png,कम्
488_018.png,क्षय
488_024.png,ह्रदय
488_025.png,यात्रा
488_027.png,ता
489_000.png,वर्ण्य
489_005.png,नफरत
489_006.png,तत
489_009.png,प्रयोग
489_010.png,रुन्न
489_021.png,क्षय
489_032.png,चर्चा
489_041.png,बल
489_044.png,ब्रा
489_076.png,व्यक्षा
489_078.png,तिमीने
489_081.png,कब्र
49_004.png,मामाज़ित
49_006.png,लंगियों
49_017.png,तालिंका
49_019.png,प्रस्तुति
49_025.png,शिक्षा
49_040.png,योतो
49_041.png,अतान्त
49_043.png,ट्वो
49_046.png,विरुया
49_049.png,ताताले
49_050.png,प्राप्त
49_052.png,सॢवन
49_053.png,योतो
49_054.png,राजैले
49_055.png,आर्टस
49_058.png,योतो
49_059.png,सम्मानंज
49_062.png,पातो
49_063.png,टोतो
49_064.png,पोतो
49_065.png,छरहरा
49_066.png,विजय
490_001.png,व्यंग्यात्रा
490_002.png,ग्रात
490_005.png,चर्चें
490_015.png,चर्च्छे
490_018.png,तल
490_020.png,ष्त्र
490_024.png,विष
490_029.png,क्षणभ
490_041.png,षात्र
490_042.png,ज्ञानयज्ञ
490_046.png,बेरे
490_048.png,म्र
490_049.png,शत्र्त
490_053.png,पावरप्ले
490_055.png,सत्यपालन
490_064.png,कंक
491_004.png,दुःध
491_007.png,ने
491_015.png,कून
491_019.png,कर्तव्य
491_021.png,ऊपर
491_025.png,आह
491_030.png,स्तर
491_031.png,क्ष
491_036.png,रू
492_021.png,क्षमा
492_022.png,माघ
492_028.png,माया
492_038.png,जोबन
492_040.png,मृदान
492_041.png,दुर्ला
492_044.png,वायु
492_050.png,लोनं
492_056.png,४५
492_057.png,निन्न
492_060.png,रच
492_062.png,क्षण
492_070.png,न्याय
493_004.png,मीति
493_011.png,शिश
493_013.png,फेंश
493_015.png,क्वं
493_018.png,श्रिल्ला
493_023.png,शास्त्री
493_027.png,भस्म
493_032.png,व्याप्रायोज
493_033.png,त्रणम्र
493_035.png,श्रामंत्र
493_036.png,नरपत
493_042.png,एन्क्र
493_045.png,श्रवण
493_059.png,क्रोनेका
493_068.png,ङ्क्षसह
493_071.png,नरहरपुर
493_075.png,व्यवस्थ
493_076.png,श्रद्धालु
494_002.png,रेडियो
494_006.png,मार
494_007.png,लिनीले
494_013.png,चॉर्डवेन
494_023.png,क्षणभ
494_026.png,नर्न
494_027.png,गर्दन
494_032.png,जुर्गे
494_034.png,चार्ड
494_039.png,फ़रि
494_042.png,क्षम
494_048.png,धन्यवाद
494_050.png,मार्काई
494_051.png,र्दज
494_054.png,ग्रह
494_056.png,भाग्यसाली
494_057.png,हु
495_002.png,जीवन
495_011.png,४५
495_016.png,ब्रह
495_017.png,कुष्स
495_025.png,पर्चे
495_026.png,ख़ाई
495_036.png,लानी
496_001.png,संरचना
496_002.png,भाषा
496_003.png,पहिलो
496_007.png,विद्यार्थी
496_008.png,गुफ्को
496_009.png,क्रियापरक
496_011.png,नाम
496_012.png,नाम
496_017.png,हो
496_020.png,स्क
496_022.png,निर्ञाण
496_025.png,क्रियायेगी
496_029.png,शब्दा
496_034.png,नियायेगी
496_035.png,अन्तिमा
496_036.png,निस्स्यो
496_037.png,निस्ज्ञित
496_039.png,व्यवस्थित
496_042.png,प्रयोग
496_043.png,सक्सा
496_044.png,बिगड़ा
496_045.png,प्रयोग
496_046.png,प्रयोग
496_049.png,भरमा
496_050.png,प्रयोग
496_053.png,बिच
496_054.png,दुर्इ
496_057.png,नीति
496_058.png,इकार
496_059.png,गर
496_061.png,टिपोप्टर
496_062.png,रू
497_000.png,पाठक
497_002.png,सभ्यात्म
497_003.png,करुणाने
497_007.png,पप
497_009.png,पृथक
497_011.png,४८
497_012.png,नय
497_017.png,पर्यवसारी
497_018.png,१७६१
497_021.png,समता
497_023.png,सामर्थ्य
497_024.png,माया
497_026.png,समता
497_027.png,स्टेह
497_031.png,मही
497_032.png,क्षमा
497_033.png,पशुचाए
497_034.png,शिर
497_035.png,माथ
497_037.png,काम
497_038.png,कर्म
497_039.png,सुन्दर्
497_040.png,राम्रो
497_041.png,नीवन
497_043.png,महानू
497_046.png,हावा
497_049.png,समीर
497_053.png,त्योम
497_054.png,नयनन
497_055.png,आंखा
497_056.png,नेत्र
497_061.png,यात्रा
497_062.png,कविताह
497_063.png,खोजेर
497_066.png,शब्दर
497_068.png,नल
497_072.png,दुःखी
497_075.png,आपको
497_077.png,न्याय
497_079.png,ज्ञान
497_080.png,सुखी
498_003.png,कल्पना
498_008.png,श्रौतिक
498_011.png,जीक्वल
498_014.png,ज्ञान
498_016.png,आराम
498_025.png,हार्रो
498_030.png,सॢखन
498_031.png,सुविधा
498_033.png,जाए
498_035.png,भौतिक
498_036.png,ज्ञानज
498_038.png,प्रेम
498_045.png,जीवनसे
498_046.png,जीवन
498_049.png,क्षणभ
498_054.png,आदर्श
498_057.png,कल्पना
499_002.png,रेहान
499_008.png,फेरी
499_011.png,बाटो
499_019.png,त्रको
499_025.png,हो
499_027.png,पाँच
499_029.png,साल
499_030.png,मैने
499_032.png,सरमा
499_035.png,मिलैन
499_036.png,हजुराली
499_038.png,जूनूरता
499_043.png,फार्मे
499_044.png,यो
5_002.png,कुछा
5_004.png,द्विच्च
5_008.png,विषय
5_009.png,विरामी
5_010.png,बिदा
5_011.png,बारे
5_014.png,मिटे
5_022.png,क्षमा
5_027.png,का
5_030.png,पाने
5_031.png,आपत्तुओं
5_033.png,विद्यालय
5_037.png,हुँ
5_041.png,कुम
5_047.png,सकें
5_048.png,भाषुले
5_051.png,लागे
5_052.png,पाने
5_056.png,चु
5_057.png,दुर्इ
5_059.png,विदाएं
5_061.png,भण्डेमा
5_063.png,धन्यवाद
5_066.png,दिनेश
5_068.png,कुछा
5_070.png,रोट
5_071.png,४५
50_001.png,ईंटि
50_002.png,सामाजिक
50_004.png,सामाजिक
50_007.png,सामाजिक
50_014.png,सामाजिक
50_016.png,तया
50_018.png,शिक्षांकों
50_021.png,माजिक
50_022.png,विद्यालय़
50_024.png,फ़ुण
50_026.png,स्प
50_042.png,टूपर
50_045.png,पार्ते
50_046.png,शास्त्री
50_047.png,सामाजिकत
50_050.png,फ़ायद
50_058.png,समाजशास्त्र
50_059.png,मापदण्ड
500_000.png,फाट
500_005.png,अश्वास
500_006.png,१४८०
500_007.png,वट
500_012.png,उत्तर
500_014.png,नर्न
500_015.png,१६३२
500_017.png,ख़ार
500_018.png,भगाएगा
500_019.png,नया
500_020.png,कन्या
500_022.png,४०
500_024.png,सांगठनित
500_036.png,कुन
500_039.png,हब
500_046.png,कुन
500_047.png,कुन
500_048.png,पत्रको
500_049.png,प्रणमान
500_056.png,एजेन्द्र
500_058.png,लक्ष्मी
500_061.png,हू
500_062.png,शाक्षकों
500_066.png,शाह
500_069.png,घटना
500_070.png,कुन
500_071.png,उज्ज्येश्वर
500_075.png,गल्त
500_076.png,परे
500_077.png,घटना
500_079.png,चौथे
501_001.png,पाठक
501_004.png,मिति
501_005.png,खर्चे
501_007.png,मत्स्यास
501_009.png,डिस्का
501_012.png,शब्द
501_018.png,शक्ति
501_024.png,माया
501_025.png,ममता
501_026.png,भर्ती
501_029.png,मही
501_030.png,क्षमा
501_032.png,शिर
501_033.png,माथ
501_035.png,कर्म
501_036.png,कालम
501_037.png,सून्दर्
501_039.png,मिलंदगी
501_040.png,जीवन
501_041.png,महान
501_044.png,ह्रदय
501_047.png,समीर
501_050.png,आकाश
501_052.png,सार
501_057.png,अक्ष
501_060.png,शब्दी
501_061.png,विपरीतों
501_062.png,शब्द
501_066.png,दुःखी
501_067.png,सुर्खी
501_069.png,ज़ब
501_074.png,अन्याय
501_075.png,न्याय
502_000.png,रव
502_001.png,भाषिक
502_002.png,संरचना
502_005.png,पहिचान
502_007.png,अं
502_008.png,परिवी
502_012.png,सक़
502_013.png,सक
502_018.png,नाम
502_019.png,नाम
502_021.png,विशेषता
502_022.png,गुरूकी
502_023.png,क्रियापरक
502_024.png,हो
502_025.png,आ॓
502_028.png,स्क
502_030.png,नाम
502_031.png,रू
502_033.png,शब्द
502_037.png,झाड़
502_038.png,सर
502_039.png,पढ़ाई
502_040.png,पेरू
502_042.png,हड़
502_047.png,बिन
502_048.png,रू
502_049.png,दूरसोटा
502_050.png,शब्द
502_052.png,अन्तिमा
502_054.png,इकार
502_055.png,प्रयो
502_060.png,किंताब
502_063.png,दिमाल
503_003.png,पढी
503_006.png,उत्तर
503_010.png,केलें
503_011.png,मनोहर
503_020.png,कर्म
503_023.png,कस्तों
503_025.png,कर्म
503_027.png,जिन्दगी
503_028.png,सुन्दर्
503_032.png,कस्बा
503_034.png,शिर
503_042.png,समर्पित
503_043.png,डूने
503_045.png,शिर
503_046.png,ऊँ
503_052.png,कै
503_053.png,सन्देश
503_057.png,सदि
503_059.png,सँधे
503_061.png,मन्ने
503_062.png,कर्मचारी
503_063.png,संन्देश
503_066.png,रू
504_000.png,मीम
504_001.png,पात्र
504_002.png,इनका
504_003.png,माँखामा
504_005.png,काश
504_011.png,चलाइये
504_012.png,कम्मा
504_014.png,मनेक्षो
504_016.png,ग़म
504_019.png,विष
504_021.png,तात्पर्य
504_025.png,कणामा
504_026.png,विष
504_028.png,तात्मय
504_032.png,देख्यु
504_033.png,हों
504_036.png,पात
504_037.png,प्रतिधान
504_038.png,किन
504_039.png,मिलूँ
504_044.png,माथि
504_048.png,चाहिं
504_051.png,घाट
504_052.png,प्रतिपात
504_053.png,चंदु
504_054.png,गयें।
505_000.png,पाठक
505_002.png,समस्याग्रस
505_005.png,मिटि
505_019.png,कथाका
505_020.png,पात्र
505_022.png,रू
505_026.png,विशेषताओं
505_027.png,तूलना
505_029.png,नेपाल
505_031.png,नायक
505_033.png,नारायण
505_035.png,मृत्युयु
505_037.png,मता
505_038.png,शासनकों
505_040.png,अनुसार
505_044.png,प्रताप
505_045.png,सिंह
505_050.png,मा
505_052.png,मदर
505_059.png,पटर
505_062.png,प्रतात्य
505_064.png,मृत्युयु
505_065.png,भयों
505_067.png,इनको
505_068.png,पहनी
505_072.png,सर्ती
505_074.png,बाह्य
505_075.png,पारे
505_076.png,तर
505_077.png,चर्चें
505_080.png,प्रताप
505_091.png,बचार
505_092.png,पेड़
505_096.png,होए
505_098.png,बहादुर
505_100.png,सत्तामा
505_102.png,शाहरुंग
505_107.png,गर्ब
505_108.png,योजिंब
505_111.png,बनी
505_113.png,कन्फूलों
505_114.png,कुए
505_119.png,शाहुईं
505_120.png,बखबख्ता
505_123.png,थिरू
505_128.png,सक
506_005.png,कम्फर्ट
506_007.png,बीले
506_008.png,सार्वजनिक
506_009.png,हु
506_012.png,पिन
506_013.png,याहा
506_015.png,हार्ऌ
506_020.png,पालन
506_028.png,तत
506_030.png,कर्तव्य
506_031.png,हैँ
506_032.png,यती
506_033.png,पत्नि
506_035.png,राना
506_039.png,लीन
506_041.png,ऊँ
506_042.png,तत
506_046.png,सब
506_048.png,आजा॑ली
506_049.png,काम
506_053.png,तिर्म
506_054.png,काम
506_056.png,चर्चें
506_057.png,कार्यक्रम
506_059.png,दर्ज़न
506_064.png,आपूर्ति
506_071.png,राना
506_075.png,पॉपस्ती
506_077.png,लार्ग
507_001.png,बहादुर
507_002.png,शाह
507_009.png,बहादुर
507_012.png,प्रेमों
507_016.png,आर्ग
507_019.png,ईं
507_021.png,कथाश
507_022.png,मॉन
507_023.png,पवन
507_024.png,गर्भ
507_025.png,सीचिकता
507_030.png,मार्शिक
507_032.png,कुन
507_033.png,सन्दर्भाग
507_035.png,हैँ
507_037.png,बहादुर
507_038.png,शाह
507_039.png,राम्री
507_042.png,हेलान
507_043.png,सन्ना
507_044.png,इन्नाँ
507_047.png,आश्रकों
507_050.png,उल्लेखन
507_054.png,भेनी
507_055.png,थिन्न
507_058.png,पात्र
507_059.png,उनका
507_064.png,हर्ष
507_066.png,पात्र
507_067.png,उनका
507_069.png,आंखामा
507_072.png,द्वेश
507_073.png,वा
507_074.png,चलाइया
507_076.png,पार्लर
507_077.png,उनका
507_078.png,विचार
507_084.png,गा
507_086.png,कणामा
507_087.png,विष
507_091.png,हैँ
507_093.png,कणामा
507_094.png,विष
507_101.png,परि
507_104.png,हैँ
507_106.png,कथाशा
507_107.png,चात
507_109.png,किन
507_111.png,गयीँ
507_113.png,पात्र
507_122.png,विरीध
507_124.png,घात
507_126.png,चलूँ
508_007.png,प्रकाकी
508_011.png,राजनाता
508_012.png,चलाए
508_016.png,चित्र
508_019.png,ब्लाई
508_022.png,सत्रह
508_024.png,तर
509_001.png,कविताएं
509_005.png,दीचे
509_007.png,रिवाइन
509_009.png,पहुँने
509_017.png,ईं
509_028.png,हर्ष
509_031.png,कविताएं
509_032.png,प्री
509_035.png,उत्तर
509_037.png,क़
509_038.png,धर्मनार्इ
509_039.png,कैले
509_040.png,मनोहर
509_044.png,नुर्का
509_048.png,रव
509_049.png,कर्मक्री
509_051.png,निन्दगी
509_052.png,कर्ता
509_053.png,बनइ
509_054.png,कर्म
509_056.png,जिन्दगी
509_063.png,शिरु
509_064.png,रचो
509_065.png,हुन्ह
509_067.png,हू
509_070.png,समर्पित
509_074.png,रचा
509_075.png,हुन्ह
509_077.png,हू
509_084.png,दर्ती
509_087.png,निर्ञाण
509_090.png,काम
509_091.png,गर्मैँ
509_093.png,जीवन
509_094.png,सुन्दर्
509_095.png,हड़न
509_099.png,शिर
51_002.png,तत्का
51_009.png,समापेश
51_012.png,मूर्गोल
51_013.png,इतिहास
51_015.png,समस्याग्रस्त
51_016.png,वास्तविकता
51_021.png,अध्यायन
51_030.png,मूर्गोल
51_032.png,तात
51_038.png,त्रणमा
51_040.png,ह्रदय
51_043.png,लार्ड
510_000.png,पाव
510_001.png,वश
510_005.png,पृष्ठ
510_007.png,खच॔
510_009.png,एब
510_010.png,४५
510_011.png,दिखलाना
510_017.png,उत्तर
510_019.png,क़
510_020.png,प्रवचनस्थल
510_025.png,हर्ष
510_029.png,सान्तिकता
510_033.png,शिक्षा
510_040.png,कस्तों
510_044.png,एएनएम
510_051.png,क्रियापरकी
510_054.png,किन
510_063.png,गुरू
510_065.png,विद्याशी
510_071.png,समया
510_075.png,सुर
510_082.png,हुर्न
510_084.png,तथार
510_085.png,गर्वे
510_086.png,कठिन
510_087.png,पर्दाओं
510_088.png,पूर
510_090.png,शिष्य
510_092.png,हुर्न
510_093.png,गर्न
510_094.png,स्व
510_095.png,भाषिक
510_097.png,रू
510_099.png,प्रदिधान
510_102.png,पहिला
510_103.png,अन्तरवर्ती
510_105.png,वाक्पटुवाट
510_109.png,नाम
510_110.png,विशेषा
510_114.png,नाम
510_118.png,क्रियापरक
511_000.png,रू
511_002.png,शब्द
511_003.png,लैस
511_004.png,शक्ति
511_009.png,माया
511_014.png,अण्णी
511_018.png,रिशर
511_020.png,मस्तक
511_022.png,कर्मों
511_023.png,काम
511_024.png,सन्दर्
511_025.png,राग्रो
511_027.png,मनोहर
511_028.png,जिन्दगी
511_029.png,जीवन
511_031.png,दूबा
511_032.png,असमय
511_033.png,हावा
511_034.png,पवन
511_037.png,आकाश
511_039.png,पानांत
511_041.png,अन्तर्गत
511_044.png,नेत्र
511_049.png,शब्द
511_050.png,लेख
511_052.png,एच
511_053.png,दुःखी
511_056.png,नान
511_060.png,आकांक्षों
511_061.png,अन्याय
512_003.png,यतीलाई
512_004.png,क्वेलें
512_005.png,मनोहर
512_006.png,बनायकों
512_010.png,चालने
512_011.png,मनोहर
512_017.png,जिन्दगी
512_018.png,कस्तों
512_019.png,बव्द
512_020.png,कर्म
512_021.png,पार्को
512_023.png,सुन्दर्
512_024.png,बच्द
512_026.png,कविताएं
512_027.png,कस्ता
512_029.png,शिर
512_032.png,मनीष्य
512_038.png,ऊँ
512_039.png,हुन्द
512_040.png,गतियाँ
512_045.png,सन्देश
512_047.png,यंस
512_048.png,कविताव
512_050.png,सर्च
512_054.png,भविष्य
512_056.png,गर्वपूर्ण
512_059.png,समर्पित
512_060.png,हुने
512_062.png,शिर
512_063.png,रचो
512_064.png,इन्व
512_065.png,पन्ने
512_066.png,सन्देश
513_000.png,पाठ
513_002.png,कल्काएं
513_003.png,मिति
513_006.png,पथ
513_010.png,ज़वाली
513_011.png,जन्म
513_013.png,स्पं
513_015.png,ग़ल्मी
513_016.png,चिल्ला
513_018.png,कुत्तावेदी
513_021.png,शिक्षा
513_022.png,संस्कृता
513_026.png,नेपालीमा
513_029.png,प्रम
513_031.png,प्रणम
513_032.png,स्नातकोत्तर
513_033.png,तहसा
513_034.png,कृति
513_035.png,विवा
513_039.png,परिवर्ती
513_041.png,उपन्यास
513_045.png,उपन्यास
513_048.png,फूलमत
513_049.png,महाकाव्य
513_052.png,पारिज्ञात
513_053.png,समाजीकरण
513_058.png,कविता
513_060.png,१८५७
513_064.png,सानी
513_072.png,कविता
513_075.png,सम्पत्ति
513_080.png,प्राध्यायन
513_081.png,द्वन्दावादी
513_084.png,गीतकार
513_086.png,कार
513_088.png,लेखक
513_089.png,ह्रात
513_092.png,नेपाल
513_094.png,रू
513_099.png,प्राध्यापक
514_001.png,बेच
514_002.png,शब्द
514_004.png,रू
514_006.png,गर
514_007.png,सम्भवत
514_008.png,उच्च्य
514_009.png,निर्ञाण
514_010.png,संसार
514_011.png,लालपर
514_013.png,उद्यत
514_014.png,यात्रा
514_016.png,आदर्श
514_017.png,माणि
514_019.png,सम़
514_022.png,सार
514_023.png,च्च
514_027.png,त्रा
514_028.png,सं
514_034.png,स्प
514_036.png,या
514_038.png,चि
515_004.png,मिडियो
515_005.png,सुन
515_007.png,याक्त
515_008.png,लायाङ्क
515_010.png,मा
515_011.png,पति
515_012.png,तात
515_017.png,थिरा
515_020.png,घावान
515_027.png,मा
515_028.png,बनेको
515_031.png,तत
515_038.png,प्रयोग
515_040.png,मालेसिकत
515_041.png,एव
515_043.png,निन
515_044.png,कुर्त
515_048.png,ले
515_051.png,बच्चा
515_053.png,निर्क
515_055.png,उन्मे
515_056.png,मोबाइल
515_057.png,हो
515_060.png,हौ
515_063.png,मोबाइल़
515_064.png,तीमी
515_067.png,नागर
515_072.png,स्पूँ
515_073.png,हो
515_074.png,सूचना
515_076.png,गर्नु
515_077.png,हो
515_085.png,आं
515_087.png,क्षम
515_088.png,गाँ
516_002.png,सप्त
516_003.png,नाम
516_004.png,गया
516_005.png,निर्ञाण
516_006.png,धातुबाह
516_009.png,शब्द
516_011.png,नाम
516_012.png,परवारू
516_015.png,आर्यसमा
516_019.png,कोठिब
516_023.png,उन्हीले
516_026.png,सुरु
516_027.png,शब्द
516_028.png,क्विंच
516_030.png,सुरु
517_002.png,ज़रुर
517_004.png,प्रज्ज्वलन
517_008.png,चार
517_009.png,पाउ
517_012.png,भावना
517_016.png,मर्त्य
517_019.png,बांचल्न
517_020.png,रामलला
517_021.png,चांद्रानी
517_023.png,ज्ञा
517_025.png,चार्ऍ
517_027.png,पांचें
517_028.png,हस्तक
517_033.png,भावना
517_037.png,जिन्दगी
517_038.png,चौथे
517_039.png,चांदी
517_045.png,दीर्घ
517_048.png,एप
517_050.png,भावना
517_053.png,तेत्रो
517_060.png,पाठका
518_000.png,टू
518_001.png,ज़र्तों
518_002.png,उत्तर
518_007.png,ब्लाखों
518_011.png,नाचले
518_012.png,मनोहर
518_016.png,कर्म
518_018.png,जिन्दगी
518_024.png,सुन्दर्
518_025.png,ब्रह्म
518_028.png,करता
518_032.png,ङ्क्षसह
518_034.png,हं
518_037.png,लाणि
518_040.png,मान्यताओं
518_043.png,चाँ
518_051.png,कै
518_054.png,ज्ञान
518_057.png,धार्मिकता
518_060.png,सर्वों
518_062.png,आवाण
518_065.png,कामर्तों
518_067.png,मात्व
518_076.png,फ्राप्त
518_077.png,पार्ले
518_083.png,सुख्य
518_087.png,नयनता
519_001.png,र्मित
519_008.png,रू
519_009.png,दिग्दर्शन
519_019.png,माया
519_021.png,स्टेड
519_022.png,थर्ती
519_023.png,भूमि
519_029.png,माथ
519_035.png,सुन्दर्
519_038.png,मोहर
519_039.png,जिन्दगी
519_040.png,जीवन
519_042.png,उज्ज्य
519_047.png,पवन
519_049.png,माकाश
519_054.png,साँसा
519_055.png,नेत्र
519_059.png,अन्तर्गत
519_062.png,व्यवस्थाओं
519_063.png,पिजीतार्थी
519_064.png,शब्द
519_069.png,सुन्नी
519_071.png,ज्ञान
52_003.png,रूपगढा
52_006.png,न्यायने
52_010.png,स्थिप
52_011.png,मध्यप्रता
52_013.png,जख्मा
52_016.png,सिप्तकों
52_017.png,त्रिवास
52_021.png,समापना
52_023.png,संस्कृतार
52_025.png,पर।
52_031.png,समायोजन
52_034.png,सिप्तको
52_039.png,सामाजिक
52_041.png,रूटिवादी
52_044.png,समाज
52_049.png,उत्सुकता
52_050.png,लाणि
52_054.png,गर्वपूर्वक
52_056.png,पारदर्तों
52_057.png,हि
52_060.png,अधिकार
52_063.png,कर्तव्यय
52_066.png,योद्ध
52_067.png,पारेतो
52_069.png,राजित
52_076.png,समझता
52_082.png,बताइए
520_001.png,कार्यकलाप
520_003.png,करतो
520_005.png,जीवन
520_009.png,न्यू
520_014.png,राम
520_015.png,प्रजाश
520_018.png,सं
520_023.png,यात्रा
520_025.png,अनुष्ठा
520_027.png,लिखियत
520_029.png,कार्यता
520_035.png,कार्य
520_036.png,रग्मों
520_037.png,कर्म
520_040.png,हैँ
520_041.png,मर्ने
520_043.png,डू
520_045.png,कार्रवाईयों
520_049.png,विषेकी
520_051.png,जिज्ञान्यू
520_053.png,जीवनसाथ
520_055.png,बनाइए
520_059.png,नेस्तन
520_060.png,पार्श्रम
520_061.png,गर्वपूर्ण
520_062.png,मर्न
520_063.png,फ्रों
520_064.png,ह्र
521_005.png,जख्ता
521_008.png,प्रेमका
521_009.png,पुराशी
521_010.png,थिरू
521_014.png,सफल
521_015.png,पी
521_017.png,मायावाट
521_018.png,क्वाँ
521_020.png,मन
521_021.png,जिल्ल
521_027.png,यात्रा
521_028.png,गर्दन
521_029.png,जर्जे
521_033.png,नमुना
521_035.png,ब्रह्म
521_036.png,रिश्मा
521_044.png,संक
521_045.png,४०००
521_049.png,यात्रा
521_050.png,नामवर
521_054.png,हैँ
521_057.png,जज्बा
521_061.png,प्राधारित
521_064.png,हैँ
521_065.png,मान्त
521_068.png,महानु
521_072.png,पष्चि
521_077.png,ब्लिस्टर
521_082.png,पर्धि
521_088.png,बाब
521_090.png,पुणा
521_096.png,ब्रुद्व
521_102.png,श्री
521_110.png,महाब
521_112.png,चर्चे
521_115.png,वर्ष
521_118.png,फ्ल
521_121.png,फ्र
521_125.png,ॠषि
521_127.png,बाटो
521_136.png,कर्में
521_141.png,मानिस्ते
521_146.png,ब्ल़त
521_148.png,मददर
521_149.png,टेंगा
521_151.png,बुद्ध
521_154.png,भार्दा
521_155.png,लनुना
521_156.png,ब्रह्मा
521_157.png,ज्ञानि
521_159.png,गर्बुर्थ
522_009.png,नानी
522_015.png,मान
522_016.png,मगढ़न
522_017.png,नि
522_018.png,पत्नि
522_019.png,फ़ैरी
522_027.png,चार
522_029.png,सपो
522_030.png,मय
522_034.png,पर्यटक
522_036.png,चारू
522_037.png,स्मय
523_002.png,एयरबस
523_004.png,नौ
523_008.png,लिखुलों
523_009.png,तात्पर्य
523_012.png,कयामा
523_017.png,गर्मो
523_018.png,कयामा
523_021.png,लैंगन
523_025.png,फार्न
523_029.png,गये
523_030.png,प्रणव
523_033.png,मित्रित
523_036.png,खच॔
523_037.png,पृथ्व
523_038.png,श्रमदार
523_043.png,स्व
523_044.png,व्यक्तिवा
523_045.png,मनमा
523_046.png,कून
523_056.png,एम
523_058.png,तीन
523_059.png,प्राकृतिक
523_060.png,गुण
523_063.png,मन
523_070.png,प्राप्त
523_072.png,सामाजिक
523_075.png,मन्त्रे
523_080.png,वस्तुतः
523_081.png,संलग
523_089.png,पत्नि
523_091.png,इत्यि
523_093.png,प्राप्त
523_095.png,ङ्क
523_101.png,चारू
524_000.png,पाव
524_001.png,४५
524_004.png,पृथ्व
524_008.png,टच
524_010.png,पञ्च
524_011.png,संवाद
524_015.png,बैंक
524_025.png,चर्चें
524_035.png,माइं
524_040.png,पर्वे
524_045.png,लागर
524_046.png,हैँ
524_047.png,तत
524_049.png,युण
524_057.png,रत्नि
524_060.png,गर्दे
524_063.png,त्वची
524_072.png,धर्मनि
524_083.png,त्वची
524_085.png,नमस्स
524_087.png,मानिस्ते
524_093.png,प्रख्यात
524_094.png,मजबूबों
524_096.png,घड़ीले
524_098.png,राशन
524_099.png,सब्सिन
524_101.png,जांदा
524_104.png,लगिन्ध
524_105.png,हमी
524_106.png,तत
524_107.png,सहिले
524_109.png,सामान
524_110.png,मात्र
524_115.png,बोंही
524_117.png,सड़बेल
524_119.png,पायों
524_121.png,माइं
524_127.png,गुराबानी
524_131.png,समाप्त
525_000.png,कू
525_005.png,उच्च
525_006.png,दुःखी
525_007.png,सुखी
525_009.png,ज्ञान
525_012.png,आपको
525_016.png,एप
525_020.png,टच
525_022.png,मिति
525_024.png,४५
525_026.png,पृथ्व
525_035.png,यंत्र
525_037.png,चारु
525_038.png,प्रय
525_044.png,मनमा
525_045.png,शर्मिनी
525_047.png,नसबा
525_050.png,रातमा
525_053.png,श्रा
525_055.png,चर्चें
525_056.png,पाखों
525_057.png,पांचाँ
525_058.png,ङ्क्ष
525_065.png,देश्यों
525_077.png,पाखों
525_079.png,दीर्घ
525_084.png,प्रय
525_087.png,पाऊ
525_088.png,रागीनी
525_090.png,प्रथ
525_091.png,निश्चयी
525_098.png,पाठका
525_100.png,वर्ष
525_101.png,ऋषाश
525_102.png,रूख
525_106.png,स्सी
526_000.png,रव्ब
526_001.png,भाषिक
526_008.png,पीलों
526_010.png,परिलो
526_012.png,स्क
526_014.png,नाम
526_017.png,क्रियापरक
526_019.png,नाम
526_021.png,विशेषता
526_023.png,क्रियापरक
526_025.png,झा
526_027.png,धारवाट
526_030.png,नाम
526_032.png,क्रियाचेगी
526_033.png,शब्द
526_034.png,निर्मांग
526_037.png,पेपर
526_038.png,नाम
526_039.png,हे
526_042.png,बिच
526_044.png,अल्मिमा
526_045.png,दुस्स्व
526_046.png,इकार
526_047.png,प्रयोग
526_048.png,भस्का
526_049.png,दुईं
526_050.png,दुर्दशोटा
526_052.png,ट्रोण
526_054.png,खुश्मा
526_055.png,इकार
526_059.png,इकार
526_060.png,मरिले
526_061.png,कठिन
526_062.png,अन्तिमा
526_063.png,इकार
526_064.png,उग्गि
526_065.png,नीति
527_006.png,वणों
527_009.png,परिलो
527_010.png,पाउ
527_013.png,पाउ
527_014.png,रागिनी
527_016.png,पाउ
527_017.png,निन्दुणी
527_018.png,चाँगे
527_019.png,पाउ
527_021.png,हे
527_023.png,चारें
527_024.png,पफो
527_027.png,वर्ण
527_029.png,वल
527_032.png,पांड
527_033.png,भावनु
527_036.png,राणिनी
527_038.png,पाउ
527_041.png,पाउ
527_042.png,चाँवरी
527_047.png,सातेँ
527_048.png,वर्ण
527_049.png,क्रमाश
527_050.png,लेख
528_000.png,पाठ
528_004.png,४०
528_009.png,शब्द
528_011.png,शवित
528_012.png,तागत
528_013.png,सामर्थ्य
528_014.png,ज़मता
528_015.png,प्रेम
528_016.png,काया
528_017.png,समता
528_018.png,स्तेह
528_019.png,दर्ती
528_021.png,पृथ्वी
528_022.png,वयस्कता
528_025.png,शिखर
528_026.png,माय
528_027.png,टाठकों
528_028.png,मस्तक
528_030.png,काम
528_033.png,राम्रो
528_034.png,अमल
528_037.png,जीवन
528_039.png,असल
528_040.png,दुलों
528_041.png,कूवा
528_042.png,पवन
528_044.png,समीर
528_046.png,स्मरण
528_047.png,गगनत
528_054.png,लोचन
528_056.png,तुयालो
528_059.png,खोजेर
528_060.png,तल
528_062.png,शब्दों
528_063.png,विपरितीयों
528_064.png,शब्द
528_067.png,उच्च्य
528_068.png,दुःखी
528_069.png,सुखों
528_070.png,क्षमान
528_071.png,ज्ञान
528_072.png,सम्भवत
528_075.png,अक्षरों
528_076.png,अन्याय
528_077.png,न्याय
529_000.png,कलाकार्थ
529_001.png,मीति
529_002.png,खच॔
529_012.png,संक
529_013.png,२०११
529_014.png,गुन्नी
529_016.png,माता
529_017.png,पीता
529_018.png,कुन्ता
529_019.png,देवी
529_023.png,संस्कृता
529_028.png,पम
529_029.png,रू
529_030.png,प्रणम
529_031.png,श्रेणीमा
529_033.png,स्नातकोत्तर
529_035.png,कूति
529_037.png,आँसु
529_038.png,नाटकक
529_039.png,२०१५
529_042.png,उपन्यास
529_043.png,२०१५
529_046.png,उपन्यास
529_047.png,रूप
529_049.png,फूलमत
529_051.png,२०१५
529_053.png,पारिजात
529_055.png,२०१५
529_059.png,कोवेता
529_061.png,१८५७
529_063.png,सगुणवास
529_065.png,सानी
529_066.png,परे
529_069.png,बालकना
529_071.png,मसू
529_073.png,कविता
529_075.png,१७६१
529_076.png,समर्पित
529_080.png,पेश
529_081.png,पाध्यापन
529_083.png,कवि
529_085.png,गीतकार
529_088.png,एल
529_089.png,त्रिमुख
529_090.png,विश्वविद्यालय
529_091.png,मा
529_093.png,भाषा
529_096.png,पाठक
529_097.png,कार्यभा
529_098.png,कार्यत
53_003.png,प्रणाणी
53_005.png,स्तर्तों
53_008.png,रुरोत
53_011.png,समाजा
53_015.png,ज्या।
53_017.png,जीवनसामा
53_022.png,सामाजिकत
53_023.png,शिष्टा
53_024.png,तर्तो
53_030.png,प्रताचाच
53_031.png,पांतर्न
53_035.png,सामाजिकत
53_037.png,हथाय
53_039.png,१७६१
53_041.png,४५
53_044.png,सम्बंधित
53_047.png,विकास
53_048.png,पार्षद
53_050.png,मर्या
53_052.png,सामाजिक
53_053.png,विज्ञानिकती
53_056.png,पूर्ण
53_059.png,मत्स्या
53_061.png,शिक्षाले
53_063.png,सामाजिकत
53_064.png,ज्ञाण
53_070.png,सिफटते
53_074.png,सामाजिक
53_075.png,मध्यपालने
53_076.png,वयस्कता
53_078.png,सीपलाई
530_000.png,तिमी
530_004.png,मैँ
530_005.png,हो
530_006.png,तीमों
530_008.png,पत्तिले
530_010.png,मेरों
530_013.png,मोबाइल
530_015.png,नरेगे
530_018.png,मलाई
530_020.png,टेलिफोन
530_022.png,तत
530_024.png,तर
530_027.png,स्वार्थी
530_029.png,नॉया
530_032.png,बिसीजन
530_033.png,मोबाइल
530_036.png,सर्बेले
530_040.png,लारे
530_042.png,झुब
530_043.png,गर्मीले
530_045.png,गर्वे
530_046.png,झो
530_054.png,तत
530_056.png,बराबर
530_059.png,टेलिफोन
530_060.png,मानिस्ते
530_063.png,मेरों
530_066.png,होला
530_071.png,मन्न
530_075.png,राम्मो
530_077.png,आख़िरकार
530_082.png,हूँन
530_083.png,टेलिफोन
530_088.png,मोबाइल
530_091.png,गरुर
530_092.png,ऊँ
530_093.png,टेलिफोन
530_096.png,पर्वि
530_098.png,धन्यवाद
530_099.png,मोबाइल
530_100.png,धन्यवाद
531_002.png,श्रमिलो
531_003.png,रू
531_008.png,कर्ते
531_010.png,विश्वंों
531_013.png,कर्म
531_019.png,सबैरें
531_020.png,मनंत
531_023.png,वीन
531_029.png,श्रेष्ठ
531_030.png,कर्मकों
531_031.png,यात्रामा
531_034.png,त्वचित
531_035.png,विश्वंका
531_036.png,निमित्त
531_040.png,व्यक्ति
531_042.png,समाज
531_043.png,राष्ट्रम
531_044.png,मात्र
531_047.png,लाणि
531_050.png,अनुभवहीर
531_054.png,एक्मीले
531_056.png,आदर्श
531_057.png,रू
531_058.png,नमूना
531_062.png,कैँ
531_063.png,माइल़
531_064.png,कर्म
531_065.png,नंतुर्थ
531_067.png,भाव
532_000.png,सामाजिक
532_008.png,शीर्षक्षा
532_010.png,ब्रां
533_002.png,लेखनुमा
533_004.png,हर्ष
533_010.png,मत्स्यपालन
533_020.png,हर्ष
533_030.png,माल
534_001.png,नक्षत्र
534_007.png,चर्च
534_009.png,षष्ठी
534_010.png,चर्चि
534_023.png,ईश्वरत्वान
534_025.png,व्यक्ति
534_026.png,अभिव्यक्त
534_029.png,रत्न
534_032.png,आचार
534_038.png,ङ्क
534_040.png,सुर्खे
534_042.png,स्तर
534_043.png,माल
534_046.png,पर्वे
534_059.png,बीलाकर
534_063.png,स्लू
534_066.png,ब्लेल
534_070.png,नं
534_073.png,ज्ञा
534_077.png,गए
534_078.png,तत्व
534_079.png,एएनएम
534_083.png,बेले
534_088.png,तत्कार
534_098.png,तप
534_101.png,फ्र
534_106.png,ज्ञान
535_012.png,जीते
535_014.png,चित्ते
535_017.png,त्रिकार
535_020.png,क्षि
535_021.png,समक्ष
535_023.png,शत
535_026.png,कैँ
535_034.png,चल़
535_038.png,ज्ञान
535_039.png,अर्ज्ञ
535_044.png,लिन्तो
535_055.png,च्च
535_060.png,कब्र
535_066.png,मत्स्यपालना
535_075.png,कैँ
535_076.png,श्रीषक्ती
535_079.png,हाँ
535_086.png,बाषाब
535_089.png,प्रश्ना
535_092.png,४५
535_105.png,श्रितंगानगर
535_106.png,राजकास
535_108.png,क्ष
535_110.png,रेषि
535_111.png,प्रखर
535_118.png,पोत्राया
535_129.png,रामललाल
535_130.png,राजेल्स
535_132.png,साफ्रोग
535_144.png,करुणा
536_005.png,दफ्र
536_006.png,क्षत्र
536_007.png,ईं
536_016.png,हू
536_022.png,हू
536_025.png,कष्ट
536_027.png,स्थार
536_032.png,कै
536_034.png,लिबुल्डर
536_045.png,थर्रों
536_047.png,ताना
536_051.png,बस्ते
536_053.png,श्रवण
536_055.png,तुल्फ़
536_057.png,क्ष
536_059.png,ति
536_061.png,शत्र्त
536_065.png,गुजारा
536_066.png,चलेंका
536_071.png,ऍं
536_072.png,केरि
536_073.png,फ्रेट
536_076.png,तेब़
536_081.png,खुजी
536_082.png,लुईस
536_089.png,लालपरा
536_090.png,चो
536_094.png,ऋष
536_098.png,मिर्म
536_102.png,क्वली
537_002.png,परित्या
537_005.png,रेन्को
537_009.png,चुनना
537_013.png,विषमता
537_017.png,पक्कै
537_018.png,पानि
537_019.png,केही
537_020.png,निवर्तम
538_001.png,पञ्च
538_003.png,लीख
538_011.png,जुटेका
538_012.png,ज्ञानल
538_013.png,मनोहर
538_021.png,बद्ध
538_022.png,कर्म
538_024.png,जिन्दगा
538_030.png,कस्ता
538_032.png,शिर
538_033.png,रचो
538_038.png,न्यायाका
538_039.png,लागि
538_040.png,समर्पित
538_048.png,घ्य
538_049.png,कविताबाद
538_050.png,के
538_054.png,कर्म
538_061.png,पारदर्श
539_000.png,अभ्याव
539_002.png,के
539_003.png,उत्साली
539_004.png,यात्रा
539_005.png,कवितावे
539_006.png,सुलभता
539_007.png,दुर्दशोण
539_008.png,श्लीकों
539_010.png,वर्णन
539_014.png,घटना
539_015.png,मातृत्वार
539_018.png,दारा
539_021.png,यात्रा
539_022.png,कविता
539_024.png,ज्ञानव
539_028.png,लाणि
539_029.png,ट्वे
539_033.png,कम्पना
539_036.png,विंवेकी
539_043.png,रचाच
539_048.png,गर्वपूर्ण
539_051.png,अध्याल
539_052.png,कर्म
539_059.png,वा
539_062.png,गैने
539_063.png,सॉकिन्ह
539_070.png,कानार
539_075.png,फ्लूको
539_076.png,प्रयाक
539_081.png,क्षम
539_082.png,पत्नि
539_085.png,सक्रियत
539_088.png,रुह्च
539_089.png,फ्यूट्स
539_091.png,प्रतिज्ञा
539_093.png,मापर्चे
539_095.png,कर्तव्य
539_096.png,पराजय
539_098.png,मिर्स्टिन
539_099.png,परेमा
539_100.png,कूने
539_104.png,हुईं
539_106.png,कूरा
539_107.png,सम्भवत
539_110.png,पानामा
539_111.png,स्वर्ग
539_113.png,नाम
539_114.png,लेखारन
539_115.png,स्थल
539_117.png,मत्स्यपालन
539_119.png,इच्च
539_121.png,कंगेर
539_124.png,कर्मयोग
539_125.png,रू
539_128.png,स्थल
539_130.png,हुन्न
54_000.png,औपचारिकता
54_006.png,पर्दाय
54_007.png,कूमते
54_008.png,यही
54_010.png,पारू
54_013.png,समाज
54_017.png,ज्ञानज
54_019.png,रचत
54_026.png,सामाजिक
54_027.png,शिक्षा
54_028.png,अध्ययन
54_035.png,निचोडा
54_039.png,सामाजिक
54_043.png,तरो
54_044.png,आचार
54_052.png,माजिक
54_064.png,उस्तै
54_065.png,उस्त्रों
54_067.png,सामाजिक
54_071.png,सुकेरतों
54_074.png,सामाजिकत
54_075.png,अण्ण्य
54_077.png,क्षतामा
54_079.png,दुर्दश
540_000.png,कक्षार्थ
540_001.png,लीकलान
540_002.png,सर्वोच्च
540_003.png,कविता
540_005.png,किन्ते
540_014.png,बनाइए
540_015.png,कै
540_018.png,आवश्यलक
540_019.png,हद
540_021.png,यात्रा
540_023.png,वावा
540_024.png,मन्भावकों
540_026.png,उत्तर
540_027.png,मात्रिका
540_028.png,कविताओं
540_031.png,पाठकों
540_032.png,आधारणा
540_036.png,उत्साली
540_037.png,बाबान
540_043.png,लिस्टर
540_047.png,ज्ञामीले
540_048.png,ईश्वर्या
540_049.png,दैष्प
540_050.png,त्यागंर
540_051.png,प्रेमकां
540_052.png,स्मौसम
540_055.png,उपकारा
540_057.png,उत्मी
540_062.png,ट्राम्पना
540_063.png,ज्ञान्हूल
540_069.png,कम्मलें
540_073.png,क्वे
540_074.png,विश्वंभरा
540_078.png,लागिंग
540_082.png,लोकतान्त्र
540_084.png,बाट
540_086.png,न्यायक
540_087.png,खातिर
540_089.png,समर्पित
540_090.png,दुन्यू
541_002.png,निन
541_003.png,रिटियी
541_005.png,वास्तविक
541_009.png,पार्देहर
541_013.png,दिनकर्कों
541_016.png,प्रत्याश
541_021.png,मोबाइल
541_023.png,नर्इ
541_028.png,सर्वाधों
541_030.png,ठीक
541_032.png,तिम्मीले
541_033.png,सर्बे
541_039.png,पूछना
541_040.png,कुरान्ह
541_042.png,गड़
541_047.png,भीलि
541_054.png,ठिंके
541_056.png,अब
541_057.png,मोंलि
541_062.png,नि
541_064.png,सामान
541_067.png,मस्द
541_072.png,पंके
541_074.png,भीलि
541_076.png,गलैं
541_077.png,मस्त्य
541_078.png,घ्रस
541_079.png,तर्फ
541_081.png,रू
541_083.png,साम
541_084.png,लिस्प
542_003.png,४५
542_005.png,२०१५
542_006.png,वार
542_008.png,पृथ्व
542_010.png,क्स
542_017.png,उत्तर
542_019.png,नर
542_020.png,प्रवचनस्थल
542_021.png,स्क
542_024.png,कै
542_028.png,ज़रूको
542_036.png,स्थान
542_037.png,हू
542_043.png,रिश्त्यों
542_049.png,रू
542_051.png,किन
542_053.png,समग्रता
542_054.png,पत्नि
542_055.png,औपचारिक
542_059.png,गुरु
542_061.png,शिष्य
542_064.png,ङ्के
542_066.png,गुर्ले
542_068.png,बेलामा
542_075.png,बेलागा
542_076.png,पत्नि
542_080.png,उन्म्यै
542_081.png,र्दज
542_083.png,शिष्य
542_084.png,कमरी
542_088.png,रगडा
542_090.png,पष्चि
542_097.png,सिव्य
542_100.png,ख़ें
542_102.png,संरचना
543_001.png,उज्यालों
543_004.png,खींजेर
543_005.png,तल
543_006.png,रिस्स्का
543_009.png,शब्ब
543_012.png,उच्च्य
543_013.png,चुर्खी
543_015.png,अन्नान
543_016.png,ज्ञान
543_022.png,न्याय
544_000.png,म़
544_003.png,परिलो
544_005.png,क्षत्र
544_019.png,क्षय
544_023.png,नाम
544_026.png,राजगढ
544_027.png,निर्ञाण
544_029.png,नक्षत्र
544_040.png,प्रयोग
544_045.png,शब्द
544_054.png,अन्तिम
544_056.png,नीति
545_001.png,कविताएं
545_005.png,वर्ण
545_006.png,रेकगायक
545_010.png,भावना
545_011.png,योत्रो
545_016.png,जिन्दगी
545_019.png,चाँचरी
545_022.png,कविताएं
545_023.png,पी
545_025.png,प्रकरणों
545_026.png,उत्तर
545_032.png,मनोहर
545_033.png,बनाएगे
545_036.png,जुटेका
545_037.png,ज्ञानले
545_038.png,मनोहर
545_039.png,गरात्रकों
545_040.png,हद
545_042.png,कर्म
545_043.png,गर्मेकी
545_045.png,बस्तों
545_047.png,कर्म
545_048.png,गर्मेको
545_049.png,ज़िन्दगी
545_051.png,बन्द
545_054.png,कसता
545_056.png,रिशर
546_004.png,चार
546_005.png,पाउ
546_009.png,भावना
546_011.png,मन्मा
546_013.png,फर्रा
546_016.png,बाँचन्द्र
546_018.png,चाँचरी
546_020.png,झा
546_023.png,पाठकों
546_024.png,पॉर्मों
546_026.png,वर्ण
546_031.png,परितोलों
546_032.png,पाउ
546_033.png,एग्जिनी
546_034.png,चोत्रो
546_035.png,पाउ
546_040.png,चौथो
546_041.png,पाउ
546_044.png,चार्ऍ
546_048.png,वर्ण
546_049.png,रेखाड़
546_052.png,हास्ना
546_055.png,मूंरी
546_056.png,चेंत्रो
546_057.png,पाउ
546_062.png,चौथे
546_063.png,पाऊ
546_068.png,त्रान्तागर
547_004.png,मोते
547_005.png,१८५७
547_007.png,४०
547_011.png,कविताओं
547_012.png,पार
547_013.png,पाउ
547_019.png,मनमा
547_020.png,रापोनी
547_023.png,निन्दगी
547_027.png,घ्री
547_030.png,चारे
547_034.png,वर्ण
547_035.png,रेखाल़
547_043.png,मजमा
547_047.png,घाँचने
547_054.png,दीर्घा
547_055.png,वर्ण
547_062.png,राणेनी
547_067.png,शताका
547_068.png,चांचनी
547_069.png,हर्षा
547_071.png,कविताएं
547_072.png,चार्ड
547_073.png,पाश्रा
547_075.png,वर्ण
547_078.png,कविताएं
547_081.png,क्वाँ
547_082.png,वर्ण
548_001.png,आर्यसमा
548_002.png,मातापेता
548_003.png,विद्यार्थी
548_005.png,सुरुमा
548_006.png,बिचाए
548_007.png,नीति
548_009.png,इकार
548_010.png,इस्तक
548_011.png,धारवाट
548_015.png,पढ़
548_017.png,रूक
548_018.png,नाम
548_020.png,क्रियेगी
548_021.png,शब्द
549_005.png,४५
549_006.png,शार्के
549_007.png,तात्परत
549_008.png,सामर्थ्य
549_010.png,प्रेम
549_011.png,माया
549_014.png,थर्तों
549_019.png,शेर
549_027.png,रात्रों
549_029.png,मनोहर
549_030.png,जिन्दगी
549_035.png,हावा
549_036.png,पवन
549_037.png,वायु
549_039.png,आकाश
549_041.png,गणन
55_000.png,सामाजिक
55_001.png,पिज्ञान
55_005.png,राजगढा
55_007.png,तास्ट
55_013.png,पिराजले
55_015.png,परिशासन
55_016.png,पुणी
55_019.png,उपयोग
55_022.png,समायोजन
55_023.png,पार्ते
55_025.png,पढ़्लाई
55_026.png,टोड
55_030.png,अच्छाले
55_034.png,तत
55_035.png,जीवनाए
55_042.png,त्वच्छाई
55_043.png,लाणु
55_050.png,प्योड
55_053.png,सामाजिक
55_061.png,सिवाह
55_062.png,निरर्थक
55_064.png,नमस्काले
55_065.png,समाजित
55_067.png,सामाजिकत
55_072.png,प्रणव
550_005.png,प्रमों
550_006.png,उत्तर
550_009.png,कि
550_011.png,केले
550_012.png,मनोरू
550_014.png,द्व
550_015.png,रुशर
550_016.png,धर्मनार्थ
550_017.png,नुटेका
550_019.png,मनोरू
550_021.png,द्व
550_023.png,कर्फ
550_025.png,निन्दगी
550_026.png,कर्तो
550_027.png,बनइ
550_028.png,३२
550_029.png,कर्फ
550_034.png,बन्द
550_035.png,गय
550_036.png,कंवेताओं
550_037.png,कस्ता
550_039.png,शेर
550_043.png,द्व
550_045.png,कविताएं
550_047.png,लागे
550_052.png,ऊँ
550_054.png,क्रीन्द्रकों
550_056.png,घे
550_059.png,सन्देश
550_069.png,सन्देश
550_070.png,पारूद्ध
551_006.png,पाने
551_016.png,नर्न
551_019.png,प्रबन्द
551_020.png,पेल
551_021.png,कटास
551_022.png,गल्ई
551_023.png,प्रयोग
551_024.png,गर्दन
551_025.png,पाठशा
551_027.png,खुश्री
551_033.png,हो
551_034.png,नेन
551_036.png,तेमी
551_039.png,नगार
551_040.png,शारु
551_043.png,क्ष
551_045.png,इन्ने
551_047.png,तित्रो
551_049.png,मैँरो
551_054.png,ग्रेले
551_056.png,पर्द
551_059.png,यसरी
551_060.png,तेनीदूर
551_061.png,बिच
551_063.png,साकेन्द्र
552_001.png,स्पे
552_004.png,पिल्लो
552_005.png,तात्रवाट
552_006.png,स्क
552_009.png,तिरोमण
552_013.png,ग्रम
552_015.png,विशेष
552_019.png,स्था
552_022.png,स्क्र
552_024.png,नाम
552_027.png,शब्द
552_028.png,लित्राण
552_040.png,हो
552_041.png,हे
552_044.png,थि
552_046.png,अनितमा
552_049.png,प्रयो
552_050.png,संस्का
552_054.png,टिप्पेंट
552_056.png,सुस्ता
552_057.png,ङ्क्ष
552_058.png,इकार
552_059.png,प्रयो
552_061.png,शब्द
552_062.png,विद्यालय
552_063.png,शिष्ट्य
552_067.png,प्रयो
552_071.png,तालिका
552_072.png,अन्तिमा
552_075.png,प्रयो
553_001.png,दिखो
553_002.png,कविताश
553_003.png,पट्ठी
553_005.png,प्रश्नों
553_011.png,कविताओं
553_012.png,चार
553_013.png,पाउ
553_017.png,भागवता
553_019.png,मनमा
553_020.png,क्षणिनी
553_023.png,जिन्दगी
553_026.png,चाँक्नी
553_027.png,क्षी
553_029.png,कविताओं
553_031.png,पाखों
553_033.png,ह्रदय
553_037.png,राणिनी
553_038.png,चिन्दगी
553_040.png,कविताएं
553_041.png,चार्स
553_042.png,पात्रो
553_044.png,दीर्घ
553_048.png,राणिनी
553_049.png,भरपूरी
553_050.png,जिन्दगी
553_060.png,पहिलो
553_061.png,पाऊ
553_064.png,पाउ
553_074.png,कविता
553_077.png,प्रखर्को
553_078.png,उत्फ
554_006.png,निन्न
554_008.png,दुःखों
554_010.png,संन्नाब
554_014.png,आपको
554_016.png,मन्याय
554_017.png,न्याय
555_002.png,केले
555_006.png,जुटेगा
555_007.png,ज़ाने
555_013.png,कर्म
555_014.png,गर्मे
555_015.png,जिन्दगी
555_021.png,सुन्दर्
555_025.png,करुता
555_027.png,थिर
555_036.png,रचो
555_038.png,भलिस्तों
556_000.png,बोध
556_002.png,एन्क्रिप्टिव
556_006.png,सुम
556_007.png,भूव
556_008.png,रूच्च
556_009.png,रच
556_013.png,माण
556_014.png,संसार
556_016.png,सार
556_018.png,तात्र
556_022.png,कैव
556_026.png,यात्रा
556_027.png,या
556_028.png,त्रा
557_007.png,४०
557_008.png,तय
557_021.png,पेम
557_022.png,मारा
557_023.png,समता
557_025.png,शर्तो
557_027.png,पुर्बी
557_031.png,शिर
557_032.png,माघ
557_034.png,मसलन
557_039.png,रमों
557_043.png,नीरव
557_046.png,बूलों
557_047.png,ज्ञाब
557_048.png,पवन
557_049.png,वारु
557_050.png,शर्मीर
557_057.png,सांठगां
557_061.png,४०
557_063.png,ग्रा
557_066.png,तल
557_070.png,शब्ब
557_074.png,दुःखी
557_077.png,ज्ञान
557_078.png,समयबद
558_003.png,गिति
558_005.png,४०
558_006.png,४५
558_008.png,पुष्ट
558_011.png,बाबी
558_016.png,गुजी
558_022.png,ऊर्ध्वगमन
558_023.png,नवाली
558_026.png,शास्त्री
558_032.png,प्रम
558_039.png,साँसु
558_041.png,एयरबस
558_043.png,मोग्मा
558_052.png,महाकाव्य
558_062.png,जसवन्त
558_066.png,व्यवस्थ
558_067.png,सानी
558_070.png,बान
558_072.png,ब्रह्मा
558_075.png,क्षित
558_085.png,क़नि
558_087.png,गीतरूप
558_090.png,ज़ल्व
558_091.png,त्रिमुख
558_097.png,पात्स्यायन
559_000.png,४५
559_005.png,वर्गीबाग
559_010.png,मनुष्ये
559_015.png,नाम
559_018.png,त्रिष्ठान
559_020.png,नाम
559_021.png,विवाही
559_022.png,विशेषता
559_024.png,त्रियापरक
559_026.png,ज्ञा
559_031.png,नाम
559_034.png,शब्द
559_035.png,निर्ञाण
559_039.png,नाम
559_044.png,बिच
559_047.png,रूख
559_051.png,ईंर्इ
559_055.png,गर्बागर्म
559_056.png,सूरमा
559_059.png,र्दज्ञा
559_061.png,ख़ार
559_064.png,आर्यसमाम
559_066.png,सर्ग
559_067.png,नीर्त
56_000.png,मेरो
56_001.png,नेपाली
56_004.png,लामों
560_001.png,पाव
560_013.png,ज़र
560_017.png,ग्राए
560_020.png,ईश्वरोग
560_023.png,वर्णन
560_029.png,मामलान
560_030.png,जवाजी
560_032.png,ज्ञान
560_033.png,लिंग्सित
560_043.png,ला
560_044.png,मर्तिष्ठा
560_045.png,टच
560_047.png,कर्मचारी
560_050.png,मिलिनेती
560_057.png,ब्लागन
560_064.png,सफल
560_068.png,ब्लडप्रेशर
560_078.png,पसमा
560_083.png,क्षै
560_086.png,पाती
560_090.png,बॉलियों
560_091.png,क्व
560_093.png,प्रणमा
560_094.png,पार्श्वन
560_104.png,गणतांत्र
560_107.png,मसलन
560_111.png,मनमा
560_112.png,बच्च
560_115.png,प्रतिज्ञा
560_119.png,कर्तव्य
560_122.png,मिलिनेत
560_127.png,समयबद्ध
560_128.png,क्षैन
560_130.png,कुश
560_134.png,पानामा
560_137.png,नाम
560_142.png,पीन
560_157.png,श्रद्धालों
560_158.png,ठात्रा
560_162.png,श्लोबले
560_163.png,वर्णन
561_005.png,माव
561_006.png,के
561_007.png,ली
561_008.png,इच्छालों
561_009.png,गात्रा
561_017.png,पारी
561_018.png,कर्मठ
561_019.png,मार्द्रा
561_026.png,क़ष्ण
561_029.png,ज़न
561_030.png,ज्ञामी
561_035.png,बेखबरा
561_036.png,श्राण
561_043.png,रवितामा
561_045.png,पर्द
561_059.png,श्रद्धालों
561_060.png,सम्पादि
561_061.png,नवान
561_064.png,बल्ब
561_068.png,मर्देश
561_070.png,मुक्त
562_000.png,५़
562_003.png,पढी
562_004.png,सोचिक्षा
562_006.png,उत्तर
562_010.png,केलें
562_011.png,मनोहर
562_015.png,श्रुटेका
562_017.png,मनोहर
562_018.png,बनाइएँ
562_022.png,कर्म
562_023.png,गल्के
562_026.png,बन्ध्य
562_027.png,कर्म
562_029.png,शिन्दगी
562_030.png,सुन्दर्
562_031.png,बबन्ध
562_032.png,गये
562_034.png,कस्ता
562_035.png,मानिको
562_036.png,शिर
562_038.png,हुन्ह
562_041.png,कविताओं
562_042.png,कर्म
562_044.png,स्टा
562_046.png,समर्पित
562_048.png,रू
562_049.png,संस्थानओं
562_052.png,शिर
562_053.png,रचो
562_054.png,हुन्द
562_058.png,कविताबदाध
562_059.png,कै
562_062.png,कविताबदाध
562_065.png,राम्रों
562_067.png,अमल
562_068.png,काम
562_070.png,तिनैको
562_072.png,रचो
562_074.png,ज़िवन्तन
562_075.png,खुन्दर्
562_078.png,मद्देरा
562_080.png,कर्म
562_082.png,रू
562_083.png,सदा
562_085.png,समर्पित
562_091.png,सफल
563_003.png,मिति
563_005.png,४०
563_006.png,४०
563_007.png,४५
563_009.png,अलबर्ट
563_017.png,प्रवचनस्थल
563_018.png,स्स
563_021.png,के
563_022.png,हो
563_025.png,गुरूको
563_026.png,मालिशियम
563_027.png,विद्यार्थी
563_028.png,आवासीय
563_030.png,शिखा
563_032.png,गर्वे
563_033.png,स्थान
563_034.png,हों
563_036.png,गुरुक्लमा
563_037.png,कस्तों
563_038.png,शिष्टाचाल
563_039.png,पारम्परिकता
563_042.png,सैन्यानिक
563_050.png,किन
563_052.png,समयामा
563_054.png,साँचाचा
563_055.png,रिक
563_056.png,कस्ना
563_057.png,सुरू
563_061.png,बिहान
563_069.png,सक्रिया
563_070.png,हुने
563_077.png,कक्षा
563_078.png,क्यु
563_082.png,शिष्य
563_083.png,कश्मी
563_084.png,दीक्षित
563_087.png,हुने
563_088.png,नीति
563_089.png,व्यवधार
563_090.png,रू
563_091.png,व्यावहारिक
563_093.png,परीक्षामा
563_094.png,पूरा
563_095.png,गर्दन
563_096.png,सकेमा
563_097.png,शिष्य
563_098.png,दीक्षित
563_101.png,भाषिक
563_102.png,संरचना
563_103.png,स्प
563_106.png,पहिल्लों
563_110.png,नाम
563_111.png,विशेष
563_113.png,क्रियापरक
563_114.png,लेखनुमास
564_002.png,ऊचाजो
564_004.png,मिति
564_006.png,वश
564_007.png,वश
564_009.png,शवाली
564_013.png,शख्स
564_016.png,माता
564_017.png,पिता
564_021.png,संस्कृता
564_022.png,शास्त्री
564_025.png,नेयायाली
564_028.png,श्रेणीमा
564_029.png,प्रणम्य
564_031.png,सम्म
564_035.png,नाटकक
564_036.png,प्रवक्त
564_039.png,उपन्यास
564_047.png,महाकाव्य
564_048.png,शख्स
564_054.png,फूलमती
564_055.png,रू
564_057.png,कविता
564_063.png,सान्ता
564_064.png,पर्यवसी
564_066.png,वाच्च
564_070.png,कविता
564_071.png,सहूलत
564_073.png,संपत्ति
564_076.png,पेश
564_080.png,गीतकार
564_081.png,महाका
564_082.png,व्यक्कार
564_084.png,लेखक
564_085.png,प्राध्यायक
564_086.png,त्रिभ्वन
564_089.png,भाषा
564_091.png,साहित्यिकता
565_000.png,नाम
565_002.png,विशेषता
565_006.png,धातुबाह
565_007.png,स्क
565_011.png,क्रियोंये
565_012.png,शब्द
565_015.png,नाम
565_021.png,रू
565_022.png,सलिमाग
565_024.png,इकार
565_025.png,प्रयोग
565_027.png,दुर्इ
565_029.png,सोंटा
565_030.png,शब्द
565_031.png,टिप्पोट
565_035.png,इकार
565_036.png,निस्चित
565_037.png,शिष्य
565_040.png,इकार
565_043.png,अन्तिमा
565_044.png,हस्तक
565_045.png,इकार
565_046.png,नीति
566_000.png,गृहणार्थ
566_002.png,दिन
566_003.png,थियों
566_005.png,मन्वाई
566_008.png,केही
566_010.png,किन्त
566_017.png,ढिढी
566_022.png,साउ
566_023.png,क्षति
566_029.png,तत
566_031.png,भाड
566_035.png,डिमिटी
566_038.png,दुर्इ
566_039.png,क्रेट
566_040.png,भण्डाकों
566_041.png,दाम
566_043.png,हैँ
566_044.png,नि
566_049.png,स्पियां
566_053.png,दाम
566_058.png,छूट
566_061.png,बक्सा
566_067.png,भण्डा
566_070.png,प्रबोस्ना
566_073.png,नि
566_076.png,हाम्रो
566_077.png,नियमित
566_078.png,ग्राहक
566_080.png,छूट
566_082.png,नि
566_083.png,डिग्मी
566_084.png,धन्यवाद
566_087.png,फें
566_093.png,आउटर
566_095.png,हुन्ह
566_096.png,बहिनी
566_099.png,सामान
566_105.png,लिनुहोर्स
566_113.png,घऱ
567_005.png,४०
567_010.png,पृष्ठ
567_016.png,उत्तर
567_018.png,क्व
567_027.png,तय
567_030.png,टच
567_032.png,कथाको
567_034.png,कूब
567_035.png,घटनावाद
567_038.png,कथाकारों
567_043.png,लामों
567_046.png,भरको
567_049.png,कथामा
567_050.png,क़त्ब
567_052.png,पात्रकों
567_054.png,भूमिका
567_057.png,कथामा
567_060.png,बहादुर
567_062.png,पात्रका
567_063.png,प्रत्यक्ष
567_064.png,भूमिका
567_067.png,घ्य
567_068.png,बहादुर
567_071.png,परेको
567_072.png,घटना
567_073.png,कुब
567_074.png,अनुधे
567_075.png,दमका
567_077.png,बहादुर
567_078.png,राहु
567_081.png,घटना
567_088.png,ढिश्कों
567_090.png,मूँन
567_092.png,गरी
567_093.png,सोधिरका
567_095.png,उत्तर
568_000.png,४५
568_001.png,दिग्भ्रमा
568_005.png,श्रीष्णिका
568_007.png,उत्तर
568_009.png,क़
568_012.png,गुरुन्दुल
568_024.png,ग्रह्ण
568_028.png,सा
568_031.png,शिक्षार्थ
568_034.png,शुल्कुमा
568_036.png,न्यावहारिक
568_037.png,शिक्षार्थ
568_038.png,प्रायाजिकता
569_005.png,बाले
569_021.png,प्यात्रा
569_026.png,नागरिको
569_037.png,ब्लॉ
569_039.png,न्यायालयो
569_041.png,जलप्रलय
569_049.png,चिल्पनाए
569_050.png,एन्क्रों
569_051.png,लाणि
569_052.png,कुष्त
569_057.png,वार
569_061.png,मि
569_065.png,क्ष
569_066.png,टेलिग्रियन
569_067.png,ने
569_074.png,के
57_001.png,सब्दी
57_003.png,दियों
57_006.png,मन
570_001.png,नीति
570_008.png,कठिन
570_009.png,चरित्रा
570_012.png,परीक्षा
570_013.png,चुरा
570_014.png,पर्न
570_017.png,शिष्य
570_018.png,दीक्षित
570_020.png,रव
570_022.png,संरचना
570_023.png,रू
570_025.png,परिचान
570_028.png,नाम
570_029.png,शिक्षा
570_030.png,विशेषत
570_035.png,प्रह
570_036.png,धातुबाह
570_037.png,बन्ते
570_041.png,प्रह
570_048.png,निर्ञान
570_050.png,क्ष
570_053.png,इकार
570_054.png,प्रयोग
570_056.png,शब्द
570_057.png,विद्यालय
570_058.png,शिष्ट
570_061.png,इक़बाड
570_062.png,प्रश्रयांग
570_068.png,हर्व
570_069.png,इकार
570_072.png,शब्दू
571_000.png,४५
571_001.png,नान
571_006.png,हटारू
571_007.png,जर्ज
571_009.png,प्रेम
571_015.png,निर्ञित
571_016.png,शॉर्पन
571_017.png,नैतिक
571_018.png,दूलहनाल
571_019.png,अल्पसंख्यक
571_023.png,उत्तराली
571_025.png,ज़रुल
571_029.png,कर्क
571_034.png,नैतिक
571_039.png,कविता
571_040.png,उत्साली
571_048.png,प्रख्या
571_049.png,लीखकर
571_051.png,रेतना
571_052.png,नौतिक
571_056.png,राजकुमार
571_058.png,उधर
571_066.png,कर्मचारि
571_077.png,दौष
571_079.png,राजगढ
571_083.png,नर्न
571_086.png,प्रायद
571_087.png,तर्न
571_093.png,रुक्र
571_096.png,आरक्षी
572_000.png,मान
572_001.png,सत्कर्म
572_011.png,प्रसन्न्त
572_013.png,कविले
572_018.png,वा
572_019.png,साव
572_024.png,मर्द
573_006.png,कायम
573_007.png,रास्तों
573_008.png,शीर्षका
573_009.png,चुर्इ
573_011.png,त्रीच
573_017.png,परिकल्पन
573_018.png,ते
573_019.png,फलस्वरूप
573_020.png,पारो
573_024.png,पात्र
573_025.png,बीच
573_026.png,संवाद
573_028.png,१९
573_029.png,नान
573_031.png,उत्सर्ग
573_033.png,प्रत्याय
573_035.png,दुर्इ
573_038.png,तौर्मा
573_039.png,धार्डवेयर
573_042.png,सम
573_048.png,अनु
573_052.png,मालु
573_055.png,ईंच
574_006.png,१९
574_008.png,क्व
574_010.png,कयाका
574_011.png,प्रम
574_014.png,ब्रह्म
575_015.png,शाह
575_033.png,बाबुबाले
575_034.png,तिलमार्त
575_037.png,नैर
575_039.png,मर्ने
575_040.png,मैं
575_042.png,ठाका
575_043.png,ऑक्सा
575_048.png,अमूर्च्छा
575_052.png,तात्पर्य
575_054.png,ही
575_059.png,तात्पर्य
575_061.png,कुंपणा
575_064.png,रिष्तु
575_071.png,चर्चें
575_074.png,ब्रदर्शनकारा
575_078.png,बहादुर
575_082.png,थर्ते
575_085.png,चेयर
575_087.png,पथ
575_088.png,व्यवस्तार्थ
575_089.png,परि
575_090.png,तिरश्वों
575_091.png,वाण्बो
575_093.png,लिश्वर
575_094.png,कू
575_095.png,यंदरीने
575_096.png,कयाना
575_100.png,गयीँ
576_005.png,मिलावट
576_028.png,प्रयान्त
576_030.png,फेंबी
576_031.png,ऊँ
576_034.png,सद्व्यवहार
576_039.png,सुन्नु
576_044.png,जातिबों
576_046.png,चिह्न
576_048.png,मन्नु
576_055.png,ब्लाइन
576_059.png,पर्नि
576_061.png,नर्न
576_063.png,सन्ने
576_064.png,मैँ
576_073.png,क्रम
576_078.png,क्वाँले
576_079.png,पुर्जे
576_091.png,योग्यता
577_001.png,१९४६
577_004.png,विदेश
577_009.png,कार्यभा
577_022.png,के
577_023.png,कें
577_029.png,नोपाली
577_031.png,हूँ
577_038.png,हामीलाई
577_039.png,कदारीफ
577_040.png,स्वीकार्थ
577_042.png,४५
577_044.png,आपत्ता
577_048.png,उत्तर
578_000.png,चातोने
578_002.png,कत्लेज
578_009.png,कालीन
578_011.png,क्लेज
578_012.png,लेखा
578_014.png,तत्रा
579_002.png,शिष्य
579_005.png,ङ्क्ये
579_010.png,बिहिन
579_017.png,परीक्षा
579_022.png,दीर्क
579_035.png,वाक्पटुबार
579_037.png,सक
579_041.png,क्रियापरक
579_043.png,नाम
579_044.png,रचनान
579_049.png,क्रियापरक
579_050.png,भंतर्को
579_051.png,ऊँ
579_054.png,धातुबार
579_057.png,नाम
579_060.png,शब्द
58_002.png,परिभाषा
58_004.png,पचपन
580_002.png,समस्याएं
580_004.png,यार्रा
580_006.png,परीक्षा
580_008.png,क्षमे
580_009.png,खुल्ला
580_019.png,रहेगा
580_024.png,व्यवस्था
580_030.png,हुन्ने
580_032.png,जिम्मेदार
580_033.png,कत्रेच
580_034.png,प्रभार
580_035.png,स्वतत्र
580_041.png,प्रश्रय
580_043.png,चाहन्दों
581_000.png,क्लिंग
581_002.png,तत
581_003.png,मिले
581_008.png,मिमीलाई
581_009.png,पाएगा
581_014.png,माईं
581_015.png,नकारकर
581_020.png,मेरों
581_022.png,तत
581_026.png,मिल्डर
581_027.png,चमकते
581_028.png,पति
581_029.png,गर्प
581_035.png,बंल
581_039.png,गठिन
581_041.png,यों
581_042.png,तिमीले
581_045.png,तर
581_046.png,त्ये
581_047.png,तत
581_048.png,करूं
581_049.png,गल्ती
581_051.png,ज़र्तों
581_052.png,लालपर
581_056.png,भरत
581_057.png,पर्द
581_058.png,कोही
581_062.png,प्रयोग
581_068.png,मेफ़े
581_070.png,मानसिकताई
581_074.png,हुने
581_075.png,प्रयाम
581_081.png,नरपतसाई
581_086.png,मोबाइल
581_087.png,तिम्मीले
581_088.png,थेरे
581_089.png,सहयोग
581_093.png,मानिस्ते
581_098.png,मेरों
581_106.png,क़ै
581_107.png,थेरे
582_000.png,सफल
582_001.png,मस्तका
582_003.png,पाठ
582_005.png,मिते
582_006.png,२००८
582_007.png,एव
582_011.png,पुष्ठ
582_012.png,हब
582_015.png,हटासर
582_016.png,जो
582_018.png,प्रेम
582_023.png,विश्वंका
582_024.png,विकित
582_025.png,गैंव
582_028.png,कर्गा
582_029.png,४५
582_030.png,को
582_031.png,नेपाली
582_032.png,पारमुखता
582_035.png,नैतिक
582_042.png,मात्रा
582_046.png,गरिश्को
582_048.png,मम
582_049.png,पाठका
582_050.png,लेखक
582_051.png,कीती
582_052.png,चेतना
582_053.png,नैतिक
582_057.png,राम
582_058.png,प्रमाद
582_059.png,जगमगी
582_060.png,१९४६
582_061.png,दूरा
582_062.png,रचिकाओं
582_063.png,हो
582_068.png,कर्मचारी
582_069.png,बन्धुर्इ
582_070.png,परोकारी
582_073.png,भले
582_075.png,पिस्का
582_076.png,हनू
582_077.png,मनमा
582_078.png,भरको
582_081.png,इटायर
582_084.png,२ँ
582_085.png,संसामा
582_086.png,विजय
582_087.png,प्राप्त
582_091.png,प्रमुखता
582_093.png,माथिको
582_094.png,इफ्फ़
582_095.png,कामार
582_096.png,हुन
582_097.png,मास्कों
582_099.png,हामीले
582_104.png,चरि
582_108.png,ढैला
582_110.png,महत्त
583_000.png,मात्र
583_001.png,चिएं
583_005.png,नेरे
583_006.png,रक्षकों
583_008.png,ठाकाघरों
583_010.png,कृति
583_018.png,निन
583_019.png,पडी
583_020.png,काफी
583_023.png,जे
583_024.png,भरत
583_025.png,पति
583_027.png,पम्लामा
583_030.png,राम्त्रों
583_033.png,राम
583_034.png,डेने
583_035.png,जीति
583_037.png,मण्डली
583_038.png,मामान
583_040.png,नर्क
583_041.png,हुर्इ
583_042.png,क्षुप
583_044.png,जम्मे
583_054.png,हैन
583_058.png,डुर्के
583_059.png,ज़ना
583_062.png,तर्ऌ
584_001.png,मारिको
584_003.png,कून
584_006.png,हो
584_014.png,होलाने
584_015.png,मन्टा
584_017.png,नरामों
584_019.png,ज्ञास्त्रों
584_022.png,हो
584_025.png,पात्र
584_031.png,हो
584_033.png,पात्र
584_035.png,आंखामा
584_037.png,कारण
584_048.png,हे
584_050.png,अमृतकों
584_051.png,कणामा
584_055.png,कै
584_056.png,हो
584_058.png,कण्मा
584_062.png,अम्लाई
584_065.png,ट्रेण्ड
584_069.png,घात
584_071.png,किए
584_073.png,चाथो
584_077.png,माधि
584_078.png,लॉजार
584_081.png,तल
584_084.png,प्रतिधान
584_085.png,चलूँटे
585_000.png,क़
585_002.png,कया
585_004.png,मूर्खता
585_005.png,संस्थित
585_007.png,एफआरप
585_008.png,कया
585_012.png,सर्वथित
585_015.png,क्याको
585_016.png,प्रारूम
585_021.png,क्याको
585_029.png,कुए
585_031.png,घटना
585_036.png,कुन
585_037.png,कुन
585_048.png,प्रजनन
585_053.png,बहुत
585_054.png,राइटर
585_055.png,वाल
585_057.png,घटना
585_058.png,कुन
585_062.png,शार
585_063.png,गल्त
585_064.png,परेको
585_068.png,साँगे
585_070.png,हु
585_073.png,डेअर
586_003.png,२०१५
586_004.png,तय
586_005.png,वश
586_006.png,पाठ
586_008.png,१९
586_009.png,जन्मा
586_010.png,वि
586_012.png,एयरबस
586_013.png,गुज्मी
586_015.png,माता
586_016.png,पिता
586_018.png,दुर्दशाप्रद
586_019.png,शिक्षा
586_021.png,शास्त्री
586_022.png,तहस
586_027.png,श्रेणीमा
586_030.png,स्वम
586_031.png,कृति
586_034.png,नाटकक
586_037.png,मोजेगा
586_038.png,उपन्यास
586_042.png,उपन्यास
586_043.png,४०००
586_044.png,ऑसीका
586_045.png,फूंहरू
586_046.png,महाकाव्य
586_047.png,ठण्ड
586_051.png,ग्रखर
586_057.png,महॢत
586_058.png,ठण्ड
586_061.png,१७६१
586_062.png,सानी
586_063.png,परेवी
586_064.png,रवाज
586_065.png,बाल
586_067.png,१७६१
586_071.png,१७६१
586_074.png,१७६१
586_075.png,पेशा
586_076.png,ब्रह्मचारी
586_078.png,समाजेकरण
586_079.png,गीतकार
586_082.png,पुस्तक
586_083.png,लेखक
586_084.png,प्राध्यापक
586_085.png,त्रिभुवन
586_086.png,विश्वविद्यालय
586_087.png,नीपाली
586_088.png,भाषा
586_091.png,प्राध्यापक
587_006.png,ध्वनी
587_007.png,साहित्याकरण
587_008.png,राम
587_009.png,प्रसाद
587_010.png,जावालीसाए
587_013.png,यात्रा
587_015.png,मानव
587_016.png,जीवन
587_018.png,वर्म
587_021.png,हो
587_023.png,हब
587_024.png,मानिस
587_027.png,परिश्चयी
587_028.png,विवेकी
587_030.png,जिज्ञासु
587_032.png,जीवन
587_037.png,लियर
587_040.png,गर्वपूर्ण
587_043.png,अश्लाल
587_046.png,शात्रिकता
587_047.png,घनघोर
587_051.png,वा
587_056.png,रत
587_059.png,दुई।
587_061.png,पानीमा
587_066.png,धैरे
587_072.png,साकिन्ध
587_077.png,वा
587_078.png,प्रतिज्ञा
587_080.png,आपको
587_083.png,कर्तव्य
588_001.png,लालपरा
588_002.png,सर्वोच्च
588_003.png,कविता
588_010.png,नीवनसाथ
588_015.png,के
588_017.png,गर्दन
588_018.png,आवश्यलक
588_020.png,वा
588_022.png,यात्रा
588_025.png,समीरलालज
588_026.png,उत्तर
588_028.png,कविताश
588_030.png,समीरलालज
588_031.png,उत्त
588_036.png,पाठकों
589_002.png,यात्रा
589_003.png,कविताओं
589_004.png,मूल
589_006.png,के
589_007.png,हो
589_010.png,रचित
589_012.png,यात्रा
589_013.png,कविता
589_014.png,लैंतिक
589_019.png,हो
589_020.png,जीवन
589_023.png,हो
589_024.png,हाम्मी
589_028.png,ब्रमेंको
589_029.png,पर्धि
589_032.png,दुख
589_033.png,मा
589_035.png,लगाऒन
589_039.png,भावनाले
589_042.png,पर्दई
589_043.png,रद
589_044.png,आपको
589_045.png,मन
59_005.png,शान
59_008.png,हवास
59_009.png,मन
59_010.png,क्षणभ
59_012.png,तलात
59_014.png,पक्षपार
59_015.png,नवरा
59_019.png,ऋष
590_000.png,पाठ
590_004.png,प्रस्तुत
590_007.png,साहित्याकरण
590_008.png,तया
590_011.png,रामप्लाह
590_012.png,नवाली
590_013.png,२०१५
590_016.png,उज्यालों
590_018.png,कविताम
590_019.png,वाट
590_020.png,साभार
590_021.png,गरिश्वरों
590_022.png,हो
590_024.png,लवितामा
590_025.png,मानन
590_027.png,ज्ञान
590_033.png,नै
590_035.png,मानिसेस
590_042.png,कुरावों
590_043.png,वर्णन
590_044.png,गरिश्वरों
591_000.png,पृथ्व
591_002.png,मिति
591_007.png,संस्थापक
591_009.png,रफ़
591_020.png,कार्यकलाप
591_023.png,प्रफ्ता
591_027.png,तथान
591_036.png,व्यावहारिक
591_037.png,शिष्टाचार्ड
591_048.png,क्सु
591_049.png,इन्श्यों
591_050.png,ज़्ञु
591_052.png,शिष्य
591_055.png,उन्ने
591_059.png,ब्लैकमा
591_063.png,प्रमंखतों
591_065.png,ब्लॉकमा
591_070.png,इन्न
592_000.png,ईं
592_002.png,शिष्य
592_003.png,लक्ष्मी
592_004.png,दीक्षित
592_005.png,इन्श्य
592_011.png,बिह्न
592_018.png,प्रीमा
592_020.png,पर्वत
592_022.png,टीसिए
592_025.png,सार्षिक
592_030.png,गर्बागर्म
592_031.png,ज़
592_034.png,पढ़िलों
592_038.png,साँटा
592_045.png,बिधारी
592_048.png,क्रियापरक
592_050.png,ज्ञा
592_051.png,फ़
592_053.png,कप्र
592_054.png,लच्छादा
592_056.png,५़
592_059.png,निर्ञाण
592_062.png,पर्दे
6_001.png,प्रधानमंत्र
6_002.png,च्यू
6_008.png,विषय
6_012.png,बारे
6_019.png,मा
6_021.png,चात्रा
6_023.png,मा
6_026.png,सायें
6_029.png,पति
6_031.png,भई
6_032.png,नहूने
6_033.png,त्रियाचीन
6_034.png,चात्रा
6_037.png,खुलाई
6_038.png,पाने
6_040.png,नैव
6_046.png,प्रेड
6_050.png,यिय
6_052.png,वर्ष
6_053.png,हुने
6_080.png,महिलामा
6_081.png,मण्डी
6_082.png,पिल्ला
6_083.png,स्थारेय
6_085.png,तैथों
6_086.png,स्थान
6_087.png,हास्पिल
6_088.png,गारे
6_089.png,टंग्रे
6_091.png,नाम
6_095.png,खुमी
6_096.png,४५
6_100.png,जेन्द्रार
6_101.png,धात्रा
6_102.png,सप्ताहे
6_104.png,वर्ष
6_107.png,विद्यार्थी
6_108.png,पाने
6_111.png,पाने
6_112.png,पॉड
6_114.png,पो
6_115.png,निवेदन
6_116.png,पेश
6_118.png,चु
6_123.png,गरी
6_125.png,आर्मी
6_126.png,विद्यालय़
6_128.png,बढ़ेंगे
6_132.png,चाहानु
6_134.png,विविला
6_136.png,क्ष्मा
6_140.png,१७६१
60_000.png,पुण्यीकरण
60_001.png,४५
60_005.png,प्रावधाण
60_007.png,शुल्क
60_012.png,पावन
60_013.png,तिथि
60_015.png,चंड़ा
60_019.png,नरहरपुर
60_024.png,औऱ
60_028.png,वाकें
60_031.png,क्षणा
60_032.png,चेनों
60_037.png,बनी
60_038.png,चेरे
60_040.png,मेरी
60_041.png,मज़ाना
605_002.png,संमेत
605_008.png,लोकानो
605_009.png,कारण
605_013.png,हरुले
605_014.png,पऊवुर्ते
605_016.png,तत्पश्चा
605_020.png,पत्रि
605_021.png,सुविधा
608_001.png,चौथो
608_004.png,यूल्य
608_005.png,चुत्ता
608_007.png,मात्र
608_011.png,नियमाना
608_013.png,लपकता
608_016.png,नारे
61_004.png,ज़्ञाना
61_006.png,चाल
61_008.png,तत्कारी
61_015.png,चोटी
61_016.png,चिहान
61_019.png,चोटी
61_024.png,५५
61_037.png,माद्धि
61_038.png,गाकु
61_049.png,जालु
61_063.png,तोड़बा
61_071.png,दुःध
61_077.png,नेचारी
61_080.png,गर्दन
62_001.png,लारी
62_002.png,जानकारी
62_003.png,जुत्रा
62_004.png,कुपालमा
62_005.png,पात्ते
62_015.png,धेरै
62_019.png,मात्र
62_021.png,मजबों
62_024.png,नन्द्रा
62_026.png,खुद्दा
62_028.png,जुत्रा
62_029.png,हड़न
62_030.png,पौड़ं
62_034.png,तप
62_035.png,आर्ते
62_036.png,चिंटो
62_040.png,शर्मीर
62_041.png,पारदर्शी
62_048.png,प्राय
62_050.png,हुन्दु
62_051.png,चो
62_057.png,सन्ते
62_059.png,जुर्माने
623_008.png,वैग्यन
623_020.png,देवती
624_009.png,पढे
624_018.png,ज़्ञा
624_019.png,क्षाँत
624_021.png,क्षण
624_022.png,मात्र
625_006.png,पॼकारन्त
625_009.png,पढ
625_017.png,जारु
625_021.png,रुष
625_026.png,उड़ाऊ
626_001.png,क्वाँळज्ञ
626_005.png,खाना
626_019.png,बंल
626_021.png,व्यत
626_024.png,हावभा
626_029.png,गलाम
627_000.png,मार
627_001.png,तर
627_008.png,पिर
627_009.png,गैर
627_010.png,तार
627_011.png,पर्व
627_012.png,जल
627_015.png,ला
627_017.png,पैल
627_019.png,ला
629_000.png,मन
629_002.png,प्याणा
629_004.png,तिम्रो
629_007.png,मै
629_011.png,फ़ुलेगा
629_012.png,फुल
629_015.png,कि
629_017.png,कै
629_018.png,वृन्दन
629_020.png,चुन
629_033.png,नुन
629_034.png,कै
629_036.png,भवन
629_042.png,दिए
629_043.png,ब्राटोत्ता
629_048.png,दिए
629_049.png,फि
629_051.png,शिरकत
629_052.png,सजाड़ने
629_054.png,मै
629_055.png,ट्विड
629_059.png,रेशमुल
629_061.png,दिए
629_068.png,दिए
629_071.png,प्रयाए
629_072.png,एम
629_074.png,थै
629_075.png,दिए
629_078.png,ऋणदाताओं
629_079.png,शंख
629_080.png,दयनी
629_085.png,ने
629_087.png,चो
629_090.png,रौ
629_091.png,दिए
629_094.png,लाखने
629_098.png,माटो
629_099.png,कै
629_104.png,हात
629_105.png,खाने
629_106.png,यो
629_113.png,व्यापार
629_116.png,मे
63_006.png,नवरात्रों
63_007.png,वयस्य
63_009.png,चरित्र
63_012.png,खराब
63_015.png,अभिभावकों
63_016.png,बालकना
63_020.png,मायनों
63_023.png,संस्कार
63_028.png,वाटोमा
63_030.png,प्रेमिन
63_032.png,त्रणमा
63_036.png,पर्दं
63_038.png,ऋणदाताओं
63_039.png,क्रिसमसे
63_042.png,चौथे
63_046.png,संत्रणा
63_048.png,चरित्र
63_052.png,एग्रो
63_055.png,प्रेषित
63_057.png,द्व
63_060.png,थेर्थे
63_062.png,मस्तका
63_069.png,पालना
63_071.png,कारणवश
63_082.png,साफ्टना
63_084.png,धेरै
63_090.png,जापने
63_098.png,मस्तक
63_099.png,चरित्र
63_101.png,शियार्थी
63_102.png,हुन
63_106.png,अवश्य
63_109.png,चुन
63_110.png,विचारीयों
63_119.png,मस्तक
63_124.png,ज्ञामी
63_130.png,गर्वपूर्ण
63_132.png,मलखाट
63_135.png,सिक्युरिट
63_139.png,कि
63_140.png,हडसन
63_148.png,पष्चि
63_160.png,श्रोति
63_163.png,चर्चाति
63_170.png,चार्ते
630_000.png,भाषाले
630_006.png,वोले
630_008.png,नेपाली
630_009.png,देखों
630_016.png,जो
630_018.png,क्ष
630_021.png,फे
630_025.png,नेताले
630_026.png,उज्जैता
630_029.png,हो
630_035.png,तित्रो
630_036.png,जातीयाले
630_039.png,रंगोली
630_041.png,ईंडीयन
630_047.png,ऊर्ध्व
630_054.png,फ्ले
630_055.png,बेकेसी
630_057.png,तात्या
630_058.png,जार्गनेन
630_059.png,चोती
630_063.png,तिकीलाई
630_065.png,के
630_069.png,भयभी
630_073.png,ठान्दो
630_074.png,फ्रेला
630_076.png,लालपर
630_077.png,फ्लेला
630_081.png,होला
630_084.png,१८५७
630_087.png,ताते
631_004.png,ख़त
631_008.png,के
631_013.png,अमी
631_016.png,भाजपौ
631_017.png,प्यारो
631_027.png,पंख
631_030.png,स्मानों
631_042.png,फ्र
631_045.png,तिलीने
631_050.png,रे
631_057.png,या
631_059.png,मो
631_060.png,त्रस्त
631_063.png,देखीन्द्र
632_000.png,ऐसे
632_004.png,बिन
632_005.png,उनको
632_006.png,आर्षग्रा
632_007.png,केनी
632_012.png,घिए
632_014.png,राष्ट्रीय
632_018.png,होला
632_019.png,मेँ
632_021.png,हैन
632_025.png,ऐसे
632_038.png,हिन
632_039.png,ऐसे
632_046.png,क्षाँ
632_050.png,स्थापना
632_054.png,उत्तीने
632_055.png,पिय
632_058.png,कंपाले
632_059.png,राष्ट्रिय
632_060.png,स्त्रे
632_065.png,चर्चा
632_069.png,यहाँ
632_070.png,बाटा
632_073.png,स्नायव
632_074.png,षक्तिले
632_076.png,तिस्कीनू
632_077.png,यहाँ
632_080.png,सफल
632_086.png,परिवर्तमान
632_094.png,वक्त्रेले
632_095.png,श्वी
634_002.png,सामान्को
634_005.png,कविताएं
634_006.png,पढी
634_014.png,सपना
634_016.png,थियो
634_017.png,सामाले
634_024.png,द्विवों
634_032.png,हु
634_033.png,चरम
634_035.png,क्रान्ति
634_041.png,भक्षकों
634_043.png,तर्क
634_046.png,गरेकों
634_048.png,प्यों
634_050.png,तत्कालम
634_051.png,त्राकार
634_052.png,हुन
634_053.png,नमस्की
634_057.png,चरम
634_065.png,भूरफो
634_070.png,ज्याप्त
634_080.png,यो
634_081.png,हुरुॱ
634_086.png,मात्र
634_089.png,हु
634_093.png,गीतले
634_094.png,तिमीलाई
634_096.png,बाँसुरी
634_097.png,बना
634_101.png,के
634_105.png,मन्त्रम
634_107.png,नयाँ
634_109.png,नित्ति
634_110.png,तुचे
634_111.png,दुर्ग
634_113.png,थाटा
634_116.png,पित्तकों
634_121.png,नेपाली
634_125.png,हुन्ने
634_128.png,फ़त्त
634_130.png,आमाले
634_132.png,उन्ते
634_133.png,मर्बें
634_136.png,तर
634_141.png,सपना
634_142.png,यजुर्पाले
634_144.png,ताकर
634_150.png,कबिले
634_151.png,व्यक्त
634_152.png,गरेका
635_001.png,री
635_003.png,रिफ्नी
635_005.png,परिचय
635_006.png,प्रणम
635_009.png,ष्ट्रि
635_010.png,वर्ष
635_011.png,१९
635_021.png,क्षय
635_023.png,चर्चे
635_027.png,क्षाव
635_029.png,चेल्मार्की
635_030.png,स्वरूप
635_037.png,प्रयोक्त
636_000.png,उत्तर
636_002.png,ध्यान
636_003.png,साधन
636_010.png,बाँचने
636_016.png,रूपगढ़
636_017.png,योगका
636_019.png,पालना
636_022.png,आयूर्विक
636_025.png,प्रयोग
636_026.png,पर्वत
636_027.png,यार्ले
636_028.png,नमस्का
636_030.png,मन
636_031.png,शान्त
636_039.png,मयो
636_040.png,ऊं
636_041.png,यॉप
636_043.png,मानव
636_045.png,पार्ने
636_046.png,प्रभावून
636_048.png,कै
636_052.png,साधने
636_053.png,मानव
636_054.png,स्वरूपा
636_058.png,शरीमा
636_059.png,आराम
636_061.png,स्कूर्ति
636_062.png,बूह
636_063.png,नक्को
636_064.png,अवस्था
636_065.png,स्थिर
636_067.png,मनंक्षा
636_068.png,विकार
636_069.png,ऴद्ध
636_071.png,आशावादी
636_074.png,सच्चार
636_077.png,समीक्षाव
636_078.png,उत्तर
636_083.png,पात्री
636_085.png,सन्देश
636_086.png,के
636_089.png,सुन्दर्
636_101.png,नीवन
636_105.png,बुबा
636_106.png,सरकारी
636_108.png,रू
636_110.png,माध्यमिक
636_112.png,शिक्षिक
636_120.png,स्नातक
636_121.png,परंका
636_122.png,थिर
636_124.png,उन्ते
636_125.png,स्नातकोत्तर
636_129.png,नाम
636_135.png,स्नातकोत्तर
636_136.png,नक्कों
636_141.png,दिन
637_000.png,मेँले
637_001.png,थर्रा
637_007.png,पर्वे
637_010.png,कबिले
637_012.png,खोनेका
637_013.png,हुन
637_015.png,पत्रिकायिया
637_016.png,प्रवक्त
637_017.png,नर्नोट्स
637_025.png,डो
637_031.png,हुँन
637_033.png,तामा
637_034.png,इतिवेला
637_038.png,क्रान्ति
637_039.png,आर्इ
637_041.png,उनका
637_044.png,क्रान्तिकता
637_049.png,वियंग्य
637_051.png,विम्बलों
637_052.png,माध्यमान
637_053.png,प्रस्तुत
637_057.png,कविता
637_059.png,मूंगा
637_060.png,नेपाल
637_063.png,तत्कालक
637_065.png,दिक्षी
637_070.png,बुद्धन
637_075.png,क्रान्ति
637_082.png,लायि
637_083.png,सावरकर
637_087.png,शिक्षि
637_090.png,देशंगा
637_091.png,अपेक्षाबूत
637_095.png,हुन
637_097.png,तर
637_102.png,भक्षका
637_103.png,क्रान्ति
637_109.png,माथ
637_115.png,उत्का
637_116.png,पंगी
637_119.png,पर्वों
637_120.png,क्रान्तिको
637_126.png,वाणी
637_127.png,नेताल
638_000.png,पाठक
638_003.png,चामुके
638_004.png,त्रिपाठी
638_008.png,प्रयोग
638_010.png,पर्वत
638_012.png,विषाल
638_014.png,समय
638_016.png,फैसिको
638_019.png,हीं
638_020.png,तीर
638_021.png,माद्दा
638_022.png,मार्ब
638_023.png,जाने
638_025.png,नीदो
638_027.png,जास
638_028.png,देखे
638_029.png,पार्द्र
638_033.png,खबर
638_034.png,गुरुभोयों
638_037.png,मिमा
638_039.png,रोस्की
638_041.png,जामा
638_042.png,जापना
638_047.png,मनमा
638_048.png,बेके
638_051.png,घंसवाद
638_052.png,निस्कन
638_054.png,पानी
638_055.png,पर्वे
638_058.png,मैले
638_062.png,नक्क्ष
638_063.png,बाइबलीत
638_064.png,बिलो
638_065.png,नम्मा
638_066.png,चारान्त
638_070.png,मत्स्य
638_071.png,बनाये
638_072.png,मुक्र
638_074.png,कुनै
638_077.png,घेासो
638_078.png,हैन्नू
638_081.png,युग्मा
638_085.png,बांधें
638_091.png,मात्र
638_092.png,चारुफे
638_097.png,हों
639_004.png,कविता
639_018.png,कण्पना
639_019.png,यौवन
639_020.png,युवा
639_026.png,चड़ता
639_027.png,मूर्खता
639_028.png,कष्ट
639_029.png,घाँटी
639_032.png,वर्षु
639_034.png,इच्छा
639_038.png,प्रयोग
639_041.png,फ़र्ऌ
639_046.png,नूनी
639_048.png,विश्वासंत्र
639_049.png,न्याँ
639_052.png,बर्रा
639_059.png,क्षण
639_063.png,पटकथ
639_083.png,तीर्थ
639_086.png,मार्चे
639_089.png,घुण्डन
639_098.png,तीर्थ
639_099.png,ईंत्रा
639_104.png,तुली
639_112.png,फें
639_116.png,व्युत्क्रमी
64_000.png,शिक्षाव
64_006.png,रू
64_008.png,पोषाम
64_010.png,चैनल
64_016.png,इश्रान
64_019.png,वाव
64_024.png,पार्नी
64_025.png,हुश्ना
64_026.png,कैमिकल
64_027.png,वाव
64_031.png,हीं
64_040.png,भक्त
64_042.png,श्वर्श
64_043.png,के
640_001.png,आमाके
640_002.png,सपना
640_006.png,किन
640_009.png,आँलने
640_014.png,सपना
640_015.png,कविता
640_018.png,रिमालते
640_023.png,आमाका
640_024.png,सपना
640_025.png,कविताएं
640_027.png,नेपाली
640_028.png,समाज
640_029.png,निरंकुर
640_030.png,शासनकों
640_031.png,अन्याय
640_033.png,सत्याचार
640_037.png,रूपगढ
640_044.png,परिवर्तन
640_045.png,त्वचालन
640_052.png,सामा
640_055.png,संवाददाता
640_060.png,आमाकों
640_061.png,सपना
640_062.png,कविताएं
640_065.png,क्षाव
640_068.png,टो
640_071.png,को
640_073.png,मा
640_076.png,उत्त
640_082.png,क्रालय
640_089.png,क्षय
640_090.png,दुःश
640_091.png,बिकामत़ा
640_092.png,लाखन
640_096.png,निश्छलता
640_101.png,चिरे
640_102.png,सुन्दर्
640_103.png,भविक्यों
640_104.png,कल्पना
640_106.png,क्षुनि
640_108.png,त्रे
640_109.png,भिन्नर
640_110.png,कविले
640_113.png,कविता
640_114.png,प्रस्तुतः
640_119.png,आशावादी
640_123.png,पुस्ता
640_127.png,ईंग
640_133.png,विकलाप
640_136.png,क्वाँ
640_139.png,आइन
640_141.png,कविता
640_144.png,कविता
640_145.png,कबिले
640_147.png,समया
640_149.png,चलाइन
640_156.png,अफ़लाई
640_157.png,द्वीमा
640_158.png,इसीरी
640_159.png,पातले
640_161.png,पद्यार्द्ध
640_165.png,बिखास
640_169.png,सपना
640_170.png,मनें
640_172.png,शासनका
640_173.png,अन्याय
640_174.png,सत्याचार
640_176.png,ज़ाबान
640_177.png,उठने
640_180.png,कुछ
640_181.png,भवि
640_182.png,नको
640_185.png,कविता
643_005.png,उज्जुत
643_010.png,रेन
643_012.png,खर्ची
643_023.png,चोची
643_028.png,हजार
643_029.png,हुत
643_031.png,चोटी
643_033.png,१९
643_042.png,तर्ऊ
643_043.png,बारू
643_051.png,क्षणभ्त्व
643_052.png,प्रतेकोरी
643_053.png,चन्द्रेहर
643_059.png,रच
643_067.png,उच्च्य
643_068.png,यशवन्त
643_075.png,फेसला
643_079.png,जर्जाती
643_080.png,कश्मीके
643_082.png,फ़ै
643_084.png,को
643_087.png,एएनएम
643_091.png,उन्ने
643_093.png,श्राच्चा
643_107.png,ऊँ
643_108.png,के
644_002.png,श्रे
644_007.png,क्षुन्न
644_011.png,ऐसे
644_012.png,प्रश्न
644_013.png,क्षय
644_015.png,चत्र्त
644_018.png,त्वचार
644_022.png,४५
644_024.png,ऋष
644_034.png,ज़र्ता
644_037.png,पर्चा
644_039.png,र्दज
644_040.png,त्राह्न
644_043.png,क्षण
644_044.png,ज़रुरे
644_049.png,ह्रित
644_053.png,गए
644_055.png,र्दज
644_059.png,त्रेच
644_061.png,लू
644_064.png,हर्षे
644_066.png,त्वच्छ
644_067.png,जज्बे
644_069.png,त्रेले
644_071.png,क्वल
644_077.png,रूचे
644_081.png,चिहो
644_090.png,हूँ।
644_100.png,जयप्रकाश
644_103.png,अर्द्ध
645_000.png,छम्मक्छल्लोर
645_001.png,इच्छंत्र
646_003.png,ॠष्यु
646_012.png,लच्छी
646_018.png,फ़र्डे
646_019.png,पर्दे
646_020.png,ङ्क्षलग
646_023.png,लच्छेदारे
646_029.png,श्रद्धां
646_030.png,ज्यें
646_038.png,श्रुष्ट
646_040.png,ॠहरी
646_041.png,चेलीफॉर्ड
646_045.png,कुछ्फे
646_054.png,दत्त्रे
646_059.png,हड़त
646_062.png,लेखकंड
646_064.png,हर्षे
646_073.png,ॠषि
646_076.png,लेखनी
646_084.png,२ंदी
647_006.png,५़
647_013.png,महेन्द्री
647_015.png,ब्लेश
648_000.png,४०
648_005.png,डेर्न
648_015.png,चढ़न
648_028.png,चिह्न
648_030.png,हु
648_034.png,चुर्च
648_036.png,लुए
649_007.png,ऋषि
649_008.png,तर्जू
649_009.png,श्रेष्ठा
649_010.png,एफएमसी
649_011.png,पूर्वेज
649_016.png,प्रकाट
649_017.png,जेर्च
649_030.png,पेड़ा
650_001.png,एफ़
650_002.png,पेचता
650_004.png,पंखुण
650_006.png,ज़्या
650_008.png,व्यापार
650_014.png,हो
650_020.png,दय
650_021.png,एकमते
650_022.png,ॠषित
650_028.png,नर्न
650_035.png,प्रशस्त
650_037.png,जुले
650_039.png,मजमे
651_004.png,प्रेल्फ
651_009.png,ऊँ
651_012.png,४८
651_019.png,कर्ता
651_043.png,चर्चाएं
651_051.png,ऋष
651_060.png,चड़े
651_061.png,ज़रूजे
651_063.png,ईश्वर्ष
651_066.png,ब्रेड
651_068.png,ईश्वरत्व
652_002.png,जठराई
652_008.png,क्रियापरक
652_009.png,उज्जेल्फ
652_016.png,र्दज
652_023.png,सप्रेन
652_036.png,जलप्रलय
652_047.png,ड्रेत्र
652_048.png,१४
652_051.png,श्रद्ध
652_052.png,१४
652_056.png,ऋष
652_057.png,जल्दी
652_062.png,वर्ष
652_065.png,प्रये
652_076.png,र्दज
652_082.png,उपचार
652_086.png,क्ष
652_093.png,उपचार
652_097.png,ज़ल्कि
652_101.png,तर्ते
652_102.png,विड्नल
652_104.png,षष्ठें
652_112.png,ऊँ
652_122.png,फ़र्ज़
652_124.png,चें
652_125.png,५़
652_130.png,स्थ
652_134.png,ज्ञास्थ
652_138.png,ॠषित।
652_146.png,फ़त्त
652_149.png,हु
652_153.png,ॠष
652_154.png,ऊंचारे
652_157.png,ऊं
652_164.png,ऊर्ध्वगमन
652_167.png,उज्ज्वल
653_000.png,पिष्ठा
653_012.png,बास
653_014.png,१४
653_016.png,१४
653_018.png,जोखेशों
653_019.png,पार्च
653_021.png,बकवार
653_033.png,परेक्षो
653_036.png,गेर
653_041.png,हा
653_043.png,पब्बे
653_046.png,क्षोत्सा
653_049.png,प्रे
653_051.png,प्रगाढ़ती
653_052.png,षष्ठी
653_056.png,परिवासों
653_058.png,बाएगा
653_062.png,जारिन
653_076.png,मोट
653_084.png,हू
654_000.png,एफ़
654_014.png,एफआरपी
654_022.png,ज़र्ताई
655_001.png,ॠष्ण
655_005.png,र्दज
655_006.png,रजात्र
655_007.png,इत्र
655_009.png,चर्चेत्री
655_012.png,हर्षे
655_020.png,हर्षे
655_023.png,रूह
655_043.png,हर्षा
655_046.png,चेन
655_049.png,एप
655_050.png,ची
655_053.png,र्दज
655_055.png,हर्षा
655_060.png,४५
655_061.png,चे
655_069.png,चेह
655_076.png,रुपए
655_094.png,त्रायाप
655_102.png,१९
655_109.png,ऋषी
655_111.png,चार्च
655_116.png,श्राट
655_118.png,कप्र
655_119.png,चेरा
655_122.png,अर्द्ध
655_124.png,एप
655_133.png,ध्रा
655_134.png,ङ्क्षे
655_137.png,चर्चा
655_139.png,ज़रा
655_143.png,क्षे
655_149.png,र्दज
655_150.png,शर्ता
655_153.png,रेण
655_155.png,जिर्द
655_158.png,फेरे
655_159.png,शर्म
655_160.png,ज़ाएं
655_161.png,एंटरप्राईजेस
655_162.png,चेन्ने
655_163.png,हु
655_166.png,रोट
655_167.png,ऊँ
655_170.png,टे
655_171.png,क्षण
655_182.png,हे
655_186.png,ऐसे
655_190.png,पोले
655_193.png,र्दज
655_198.png,क्षु
655_201.png,ग्रिच्छे
656_015.png,लू
656_016.png,छत्रपत्रे
656_018.png,हर्ष
656_025.png,छत्रपताओं
656_026.png,पर्दे
656_031.png,तात्र
656_036.png,श्रेच
656_041.png,देख्य
656_043.png,चेल्ड
656_047.png,न्यू
656_049.png,पर्ध
656_079.png,ऊर्ध्वगमन
656_082.png,कफ़
656_083.png,ईंधन
656_085.png,हु
656_090.png,थर्रा
656_091.png,हू
656_097.png,मुस्करहान
656_098.png,छत्रपत्रा
656_100.png,ऊपर
656_106.png,ऊर्ध्वगारे
656_115.png,शुर्क
656_116.png,क्रेह
656_117.png,प्रत्यक्ति
656_119.png,ऊँ
656_120.png,लई
656_121.png,फ़र्ज़
657_001.png,ज़्ञा
657_005.png,ज़र्ते
657_018.png,चुली
658_000.png,इक़बाल
658_006.png,थे।
658_010.png,८़
658_012.png,ईं
658_031.png,ब्रांडेड
658_040.png,खां
659_000.png,ङ्क्षसह
659_005.png,इच्छाओं
659_007.png,चत्र्ते
66_015.png,संस्थानओं
66_021.png,संस्थानओं
66_022.png,दुःख
66_025.png,आजा॑तों
66_028.png,सुविधा
66_036.png,मन्त्वपूर्ण
66_054.png,ङ्क्षुब
66_055.png,साथें
66_057.png,आत्मविश्लास
66_069.png,कारणों
66_085.png,साथामा
660_000.png,पक्षधर
660_001.png,ब्रह्मचार
660_006.png,कुए
660_008.png,मछल
660_009.png,घटकर
660_012.png,ई।
660_015.png,डॉल्यू
660_017.png,हर्जेज
660_018.png,चढ़न
660_020.png,५़
661_015.png,उच्छ्रीत
661_026.png,पत्नि
661_033.png,ॠष्मीन
661_039.png,शत
661_040.png,ऐश्वर्या
661_047.png,कश्र
661_049.png,फ्रूनरल
661_050.png,ईंत्र
661_057.png,ईँ
661_059.png,श्रिन
661_060.png,हैल
661_066.png,ॠष्मी
661_069.png,ऋषि
661_077.png,श्रित
661_087.png,लड़काल
661_089.png,विद्य
661_097.png,यंत्रकारियों
661_102.png,वाह
661_103.png,ब्राह
661_108.png,हू
661_116.png,श्रेष्ट्र
661_129.png,होन्ना
661_130.png,हैँ
661_131.png,म्रेही
661_132.png,व्यक्त्व
661_135.png,जहादे
661_140.png,हू
661_146.png,कफ़र
662_005.png,बेदख्लों
662_007.png,१९
662_008.png,ईश्वरत्व
662_009.png,४०००
662_015.png,४०
662_016.png,१४
662_018.png,हन
662_021.png,उत्तराखण्ड
662_022.png,ऋष
662_028.png,नं
662_033.png,ख़ा
662_035.png,बर्इ
662_036.png,४०
662_044.png,खण्डे
662_048.png,रुद्र
662_055.png,प्रश्ने
662_056.png,बच्चे
662_070.png,थेटे
662_072.png,४०००े
662_074.png,ज़रुरे
662_076.png,हथैण्ड
662_077.png,४५
662_078.png,प्रकरण
663_001.png,मर्त्य
663_003.png,हामन
663_013.png,ऊर्ध्वगमन
663_016.png,पर्वों
663_019.png,गत
664_032.png,चे
664_036.png,दे
664_038.png,ई।
664_039.png,पर्यटक।
664_040.png,त्रिहाँ
664_045.png,४५
664_053.png,ठेला।
665_000.png,जलप्रलय
665_002.png,इन्क्लूसियाँ
665_005.png,ऊहट
665_012.png,एल्फिंग्ड
665_017.png,ऊँ
665_018.png,जल्देही
665_020.png,२।
665_036.png,जार्ड
665_037.png,ज़रुत्र
665_039.png,से
665_047.png,१९
665_050.png,१४
665_056.png,ऋष
665_057.png,जल्देही
665_065.png,चू
665_071.png,पत्नि
665_075.png,१४
665_078.png,५़
665_082.png,एल्फिंग्ड
665_083.png,र्दज
665_086.png,२।
665_088.png,ज़र्ता
665_096.png,हुए
665_102.png,रू
665_104.png,बर्रे
665_108.png,ऊंड
665_120.png,आई
665_133.png,ज़रेत्र
665_143.png,ओरियण्ट
665_146.png,लालपरे
665_150.png,पञ्चे
665_152.png,हिन्दुस्ति
665_159.png,हु
665_160.png,हल्लाए
665_161.png,र्ऌ
666_000.png,मुन्ना
666_001.png,नफने
666_005.png,एसआईपीआरआई
666_006.png,फ़िल्ला
666_007.png,फ़र्ली
666_008.png,रुपए
667_001.png,ऊर्ध्वगमन
667_010.png,रू
667_017.png,दिक्कत
667_021.png,१६
667_024.png,एवरेक्स
667_032.png,डेवलपर्स
667_034.png,र्दज
667_037.png,१९
667_047.png,ईं
667_048.png,इच्छाशक्त
667_053.png,करूने
667_058.png,तर्क
667_061.png,चित्रगुल्ली
667_062.png,एल्फिंग्ड
667_066.png,रूपेत्र
667_082.png,कब्बर
667_100.png,अल्फ्रेड
667_102.png,१४
667_104.png,परित्यनाथ
667_108.png,ऋतुएं
667_110.png,ङ्क्षलग
667_113.png,ज़हनी
667_115.png,जेन्चर्टी
667_116.png,दूरियाएं
667_130.png,के
667_131.png,पुर्द
667_139.png,चेंट
667_140.png,रहे
667_144.png,ऊँ
667_148.png,ईं
667_158.png,तर्क
667_171.png,ल्लित
667_180.png,र्दज
667_182.png,ङ्क्षलग
667_190.png,लड़के
667_195.png,क्षण
667_205.png,१६
667_207.png,ड्रेनी
667_210.png,वर्ष
667_217.png,ब्राच्च
668_000.png,मुलजील
668_001.png,रहेगा
668_002.png,ज़मी
668_003.png,१७६१
668_004.png,रुपया
668_007.png,४८
668_010.png,ऋषि
668_016.png,उर्वर
668_023.png,१४
668_025.png,कू
668_026.png,योगंश
668_062.png,क्षण
668_064.png,तंगानी
668_067.png,हड़
668_068.png,रुपया
668_077.png,यशवन्तों
668_078.png,४५
668_086.png,जज्बाले
668_087.png,जन्मेषी
668_095.png,जूराओ
668_096.png,लपकती
668_100.png,चोटीलो
668_103.png,जाय
668_104.png,उबे
669_000.png,४५
669_007.png,प्रजाज
67_001.png,माताजी
67_008.png,भाशा
67_016.png,भारतका
67_017.png,पक्षधर
67_025.png,चिंता
67_026.png,क्वली
67_029.png,मजबूरे
67_042.png,साइंस
67_052.png,विद्यालय
67_062.png,जाता
67_065.png,शिक्षाण
67_071.png,व्यवस्था
67_077.png,विज्ञान
67_078.png,कंप्यूटर
67_080.png,प्रयोगकार्थ
67_092.png,ध्यान
670_002.png,१४
670_008.png,मधुखव
670_009.png,ऊर्धु
670_010.png,पर्दे
670_030.png,उज्जेन्द्र
670_031.png,एल्फिंग्ड
670_032.png,ज़रे
670_036.png,१४
670_037.png,लई
670_045.png,स्त्रियों
670_054.png,एन्क्रेप्स
670_064.png,ङ्क्षसह
670_066.png,हल्लःए
670_075.png,हुछ
670_078.png,बुल्डर
670_083.png,फ़रिवारी
671_011.png,ज़रुर
671_016.png,श्रवण
671_017.png,रुकि
671_028.png,त्राह्मण
671_036.png,ऊँचाई
671_043.png,स्थलाष्ट
672_004.png,प्रोकिश
672_005.png,पंति
672_008.png,४५
672_009.png,४०
672_013.png,ईंच
672_014.png,ऊचाई
672_015.png,रुपये
672_017.png,दस्ताले
672_019.png,केरे
672_024.png,पंखे
672_030.png,चुहा
672_032.png,लोथडे
672_034.png,ऋणदाता
672_035.png,कृतज्ञ
672_036.png,लाह
672_037.png,धड़े
672_040.png,रहेगे
672_041.png,स्टाइल
672_045.png,पिए
672_047.png,चले
672_055.png,ऊर्धा
672_064.png,पिट
672_074.png,गर्मे
672_077.png,हो
672_080.png,जे
672_083.png,आंदोरों
672_085.png,पछे
672_089.png,फरीने
672_095.png,ऋणदाता
672_097.png,खण्डे
672_100.png,एंटेजी
672_105.png,तन
672_107.png,जेहे
672_108.png,यांधे
672_111.png,वार्ड
672_114.png,रोटे
672_115.png,रुनी
672_117.png,परिवाहों
672_120.png,उठ
672_125.png,ऊँगा
672_134.png,रचे
672_136.png,विवरण
672_138.png,थे
672_140.png,उल्लेषण
672_141.png,थर्रा
672_142.png,यशवन्त
672_145.png,ईं
672_148.png,विवरण
672_150.png,रातो
672_157.png,लम्दाई
672_158.png,चेना
672_163.png,हजुरा
672_166.png,लाऊ
672_173.png,रा
672_175.png,तातों
672_177.png,रहे।
672_179.png,रुटाऊ
672_182.png,हथुरा
672_187.png,र्दज
672_189.png,ढिलिए
672_192.png,ज्ञान
672_193.png,चचेरे
672_194.png,लारो
672_198.png,यातो
673_012.png,एंटरप्राफ
673_013.png,१४
673_019.png,पड्ड
673_033.png,उच्चित
673_035.png,हु
673_036.png,लई
673_051.png,ऊँ
673_055.png,१४
673_061.png,ङ्क्ष
673_063.png,ऊँ
673_067.png,ॠषियेग
673_068.png,दर्ता
673_070.png,हु
673_073.png,त्रक्ष
673_087.png,एल्फिंग्ड
673_088.png,उर्ट
673_093.png,शर्बाई
673_096.png,हु
673_101.png,ऍं
673_104.png,जाए
673_110.png,पत्रिका
673_114.png,फ्रिन
673_120.png,री
673_122.png,ॠषि
673_126.png,क्षय
673_128.png,त्रणमार
673_129.png,र्दज
673_132.png,ऋतु
673_136.png,श्रेच
673_147.png,राष्ट्रीय
673_149.png,ज़र
673_153.png,दूं।
673_154.png,ऊँ
673_157.png,हूँ।
673_163.png,२।
673_170.png,हड्डे
673_173.png,हूँ।
673_180.png,ऊँ
674_010.png,हाँ
674_014.png,एक
674_026.png,प्रस्तुति
674_028.png,कप्ता
674_034.png,५े।
675_007.png,शर्म
675_008.png,झुककर
675_015.png,कलास्त
675_017.png,फ़ै
675_018.png,र्दज
675_021.png,विषाणा
675_027.png,ग़री
675_039.png,लिनी
675_042.png,चाल्को
675_051.png,कै
675_052.png,किन
675_059.png,चारना
675_062.png,मर्ती
675_067.png,स्पेलें
675_068.png,चमका
675_069.png,ना
675_073.png,ब्राह्मण
675_076.png,चर्चा
675_082.png,मोही
675_083.png,करुणा
675_085.png,तरू
675_088.png,किन
675_099.png,जा
675_100.png,माराग
675_105.png,की
675_109.png,चर्चा
675_110.png,ऊंचा
675_111.png,मेरा
675_116.png,५।
676_008.png,वा
676_013.png,कूले
676_015.png,मौरा
676_019.png,शुर्गों
676_025.png,पहलुएं
676_026.png,हूँ।
676_033.png,राऊथे
676_038.png,श्रवण
676_042.png,पीए
676_043.png,श्रीष्टेन
676_046.png,रुच्चे
676_050.png,१६
676_053.png,श्रा
676_054.png,ईंडल
676_058.png,४५
676_060.png,१६
676_069.png,डैला
676_072.png,लेले
676_074.png,मृज्
676_083.png,थी
676_089.png,सद्व्यवहार
676_090.png,१४८०
676_095.png,हैँ
676_098.png,र्रा
676_105.png,१६
676_110.png,५ँ
676_111.png,रुक
676_114.png,रूटि
676_123.png,करुए
676_124.png,लेले
676_129.png,हिफाया
676_132.png,४५
676_138.png,ईंद्र
676_140.png,शुजीयत
676_141.png,रुह
676_142.png,क्वलों
676_143.png,ऊँग्रे
676_151.png,ज्ञा
676_154.png,र्दज
676_165.png,गर्दन
676_170.png,राई
676_174.png,लेले
676_175.png,रुहे
676_179.png,शं
676_185.png,दुःधा
676_186.png,रत्निला
676_188.png,रुनि
676_190.png,त्रित
676_192.png,त्रिच
676_199.png,रुरी
676_200.png,शक्तान
676_201.png,रूह
676_203.png,ज़रुर।
676_207.png,ऊँ
676_214.png,दीर्इ
676_215.png,त्रिवों
676_217.png,क्षय
676_218.png,त्यारों
676_221.png,स्कून
676_226.png,लॊक्ष
676_228.png,ऋता
676_235.png,वार
676_245.png,गर्मी
676_246.png,श्रा
676_249.png,लैल
676_254.png,रुते
677_000.png,ज़ें
677_003.png,कुचार
677_009.png,जिरह
677_015.png,मा
677_020.png,हु
677_030.png,ग़मों
677_032.png,यो
677_053.png,रिजर्त
677_056.png,लाषि
677_061.png,हो
677_064.png,गोहपुर
677_070.png,रुपए
677_074.png,वि
677_075.png,एफ़
677_082.png,लेखियों
677_085.png,घ्वन
678_001.png,चेके
678_003.png,थर्रि
678_009.png,कर्षा
678_010.png,कार्त्रिय
678_015.png,पटर
678_031.png,कप्तान
678_036.png,पेया
678_039.png,क्षय
678_042.png,त्रेगनी
678_044.png,नाचे
678_053.png,राजगढ
679_000.png,त्रिक्लिंग्स
679_005.png,तर्रा
679_007.png,श्रवण
679_016.png,चोला
679_017.png,टे
679_018.png,ऋष
679_019.png,ल्धाच्छ
679_020.png,हेह
679_023.png,पोछे
679_025.png,प्रकरण
679_036.png,चले
679_037.png,रचे
679_038.png,क्षण
679_042.png,रचे
679_044.png,क्षण
679_048.png,लारे
679_050.png,हु
679_056.png,१५
679_057.png,त्रे
679_062.png,रेड
679_063.png,श्रेवलं
679_064.png,ऋष
679_067.png,हु
679_078.png,हल्दीले
679_079.png,लाले
679_081.png,ब्रह्म
679_087.png,चंच
679_088.png,लोर
679_094.png,दर्ज़न
679_095.png,कप्रा
679_096.png,रचो
679_099.png,छा
679_100.png,रू
679_101.png,स्टेन्हे
679_102.png,ङ्क्ष
679_106.png,हूं।
68_006.png,चार्तो
68_009.png,पिफला
68_011.png,मैँरे
68_018.png,मेटाइट
68_021.png,घृणा
68_025.png,मंज़ार
68_031.png,ज्ञानि
68_033.png,चार
68_036.png,क्षय
680_004.png,ज़िक्भ
680_010.png,लक्ष्ण
680_018.png,को
680_019.png,फ़ेलेश्वर
680_020.png,छज्जी
680_028.png,क्षे
681_004.png,हाफ्रिज
681_011.png,छज्ड
681_012.png,जंगा
681_015.png,ब्रह्माण्ड
681_016.png,हूँ
681_017.png,द्वेज
681_018.png,चौपारणे
681_030.png,बस्तु
681_035.png,व्यवस्था
681_037.png,भाजैरू
681_048.png,फ़र्ड
682_005.png,चर्च
682_007.png,रू
682_012.png,हे
682_017.png,ऐसे
682_018.png,त्रित
682_037.png,४५
682_048.png,रचे
682_050.png,ल्के
682_052.png,शर्त
682_055.png,ज़रुरों
682_057.png,रो
682_070.png,घ्वन
682_072.png,ग़र्ऌ
682_080.png,रेचे
682_082.png,ल्य
682_083.png,रुॱ
682_084.png,नय
682_092.png,चोलाछा
682_094.png,रेचे
683_000.png,हुन
683_001.png,प्र
683_006.png,श्रात्य
683_010.png,पढ़ी
683_013.png,हेफ्र
683_017.png,र्दज
683_023.png,क्षु
683_028.png,ऋष
683_033.png,हुन
683_036.png,प्रत्यक्षदर्श
683_039.png,ऊर्ध्वगमन
683_040.png,यंत्र
683_041.png,श्रद्धाल
683_042.png,ऋषा
684_010.png,ॐक़
684_013.png,कहॉं
684_017.png,कहॉं
685_006.png,मारा
685_010.png,छुड़ाछे
685_015.png,ले
685_018.png,मन्त्रे
685_023.png,हुदा
685_028.png,गयीँ
685_030.png,मेलन
686_000.png,तिलमान्दी
686_003.png,ज़र्ते
686_007.png,ग़र
686_009.png,१६३२
686_013.png,हंत्र
686_016.png,तर्के
687_000.png,डेन्
687_001.png,बहुत्र
687_002.png,लई
687_005.png,ङ्कुने
687_008.png,१४
687_010.png,रूचि
687_011.png,उजात
687_012.png,वाज
687_018.png,४०
687_019.png,४०
687_022.png,क्षण
687_023.png,पर्यवसी
687_032.png,र्दज
687_036.png,हर्ष
687_040.png,दुर्इ
687_047.png,तर्ुरे
687_049.png,नयी
687_050.png,तनी
687_052.png,ऋणदाता
687_061.png,शिक्ष
687_072.png,ऐसे
687_073.png,चिको
687_077.png,श्रिहे
687_081.png,रेड
687_082.png,१९४६
687_087.png,उत्तरू
687_089.png,टीटा
687_095.png,चुन्नाई
687_105.png,थो
687_107.png,ऊचाने
687_108.png,क्षय
687_113.png,रुपए
687_115.png,रूचिये
687_125.png,श्रीयाए
687_126.png,ऐसे
687_127.png,कर्ता
687_135.png,पेट
687_136.png,श्राले
688_002.png,१९४६
688_015.png,बिल्ल
688_016.png,ऋषि
688_021.png,ॠष्य
688_024.png,श्रद्धांग्रेस
688_027.png,ब्रह्म
688_029.png,फ़ै
688_037.png,क्व़ा
688_040.png,रुँदर्
688_041.png,मर्त्य
688_043.png,प्रजनन
688_047.png,पत्थरों
688_048.png,सुब्रमण्यम
688_050.png,लाशी
688_057.png,ब्रिण्ड
688_061.png,चार्ऍं
688_067.png,लुईं
688_070.png,रत्न
688_074.png,फ्र
688_087.png,उत्क्रिर
688_089.png,नायक
688_093.png,घ्रिल्ला
688_096.png,४५
688_100.png,ईश्वरत्वा
688_101.png,ऋषि
688_103.png,१६३२
689_002.png,पैरा
689_010.png,एग्ज
689_016.png,नैयाल
689_018.png,प्रतिवादी
689_019.png,जोगेश्वर
689_021.png,डेम
689_022.png,एमेत्र
689_023.png,मर्तु
689_024.png,कर्तव्य
689_035.png,प्रति
689_037.png,जोरीघर
689_040.png,उत्तराखण्ड
689_043.png,चर्चँ
69_001.png,ज्ञाद
690_001.png,१६
690_008.png,ही
690_015.png,पत्न
690_018.png,रुद्धों
690_040.png,फुड़कर
690_048.png,री
690_049.png,रुरी
691_003.png,पत्री
691_006.png,मी
691_009.png,चत्रात्र
691_015.png,ब्रात
691_022.png,श्रान्त
691_044.png,र्दजि
691_050.png,मी
691_059.png,शार्दे
691_060.png,घनघोर
691_062.png,र्षेव
691_067.png,पत्नि
691_083.png,हर्ष
691_088.png,आपत्ताओं
691_094.png,श्रोड़ी
691_096.png,श्रात्र
691_098.png,पर्चा
692_004.png,तीक्ष्णता
692_007.png,श्राह्न
692_012.png,तीक्षिर्थी
692_017.png,टच
692_023.png,श्राह
692_024.png,त्राह
692_027.png,टाईगर
692_034.png,नरहरप
692_037.png,हर्षे
692_038.png,ऊँ
692_042.png,तत्पश्चाल
692_046.png,त्रित
692_049.png,त्रिवार
692_058.png,उपत्या
692_061.png,क्रान्त
692_063.png,१६८०
692_070.png,ही
692_078.png,नाराजगी
692_088.png,ऊर्ध्वगमन
692_095.png,व्यक्तिवाचक
692_097.png,हैँ
692_103.png,त्रित
692_105.png,हर्षा
692_119.png,मैँ
692_122.png,लाई
692_125.png,चर्च
692_128.png,शर्मा
692_130.png,ज़रुरः
692_131.png,त्रिकेश्वर
693_001.png,रुश्कि
693_003.png,रुपए
693_005.png,बारी
693_007.png,किएं
693_014.png,क्षै
693_022.png,पो
693_027.png,शुर्का
693_034.png,प्रमाणस्वर
693_037.png,ताई
693_046.png,पा
693_051.png,जगमगी
693_053.png,रुक्ज
693_056.png,शत्राम
693_060.png,गर्दी
693_061.png,का
693_069.png,या
693_079.png,कई
693_080.png,केश
693_082.png,षष्ठ
693_085.png,ऊँ
693_086.png,फफक
693_087.png,ऋषि
693_089.png,रफा
693_093.png,४५
693_094.png,पा
693_106.png,कश्म
693_107.png,हँ
693_110.png,कर्फ
693_112.png,एके
693_116.png,या
694_002.png,ऋष
694_006.png,चच्चे
694_010.png,बच्चनी
694_013.png,चिचक
694_016.png,तर्क
694_023.png,र्दज
694_025.png,ङ्क्ष
695_024.png,२।
695_032.png,ईं
695_051.png,डू
695_067.png,भई
695_097.png,जय
695_103.png,जगमगा
695_105.png,कहॉं
696_001.png,ईं
696_005.png,ईं
696_006.png,ऋष
696_008.png,डू
696_012.png,२।
696_013.png,कहॉं
696_016.png,२।
696_026.png,४५
696_035.png,कर्मठ
696_040.png,मण्डी
696_050.png,क्षं
696_053.png,ऋषि
696_057.png,नि
696_058.png,ऋष
696_061.png,ऋष
696_062.png,ईं
696_065.png,इंतज्ञ
696_074.png,पेड
696_077.png,ऊँड़ा
696_080.png,ज़म
696_086.png,दुःड़
696_093.png,खां
696_100.png,कहॉं
697_002.png,१४८०
697_008.png,वर्ष
697_010.png,१४
697_012.png,मणि
697_027.png,चर्चानंद
697_042.png,१६
698_005.png,पेश
698_008.png,ष्ण
698_011.png,के
698_013.png,गाम
698_016.png,फ़
698_019.png,वार्च
698_020.png,नॉया
698_022.png,प्रतिवर्ष
698_023.png,पालेश्वर
698_024.png,प्रजापति
698_026.png,१७६१
698_027.png,मस्ती
698_032.png,भार्ग
698_035.png,निमन्त
698_036.png,प्रतिबध्दी
698_037.png,पत्थर
698_038.png,राश
698_043.png,कार्यालय
698_045.png,कलासाधा
698_047.png,प्रश्न
698_049.png,रीजीयों
698_053.png,पथ
698_056.png,र्दज
698_057.png,ज्वल
698_066.png,चू
698_079.png,गयां
699_011.png,ङ्क़
699_024.png,नाल
699_031.png,रेव
699_032.png,१९४६
7_001.png,१७६१
7_002.png,श्रीन
7_006.png,विद्यालय
7_009.png,विषय
7_013.png,वारे
7_014.png,मंत्रोदय
7_016.png,पर्व
7_017.png,नयाँ
7_018.png,सत्र
7_019.png,मुक्र
7_020.png,हुने
7_021.png,बेला
7_022.png,प्रधान
7_025.png,जागी
7_026.png,क्ष
7_030.png,चो
7_033.png,हँ
7_041.png,केरों
7_042.png,पहाई
7_046.png,चारो
7_047.png,आर्थिक
7_048.png,अवस्था
7_049.png,नाथु
7_053.png,षष्ठी
7_054.png,जाये
7_058.png,पढ़ाई
7_062.png,मध्यप्रम
7_069.png,वर्ष
7_073.png,विद्यार्थी
7_081.png,पढ़ाईा
7_082.png,मात्र
7_085.png,जवाफ़
7_093.png,पीत
7_095.png,भारा
7_096.png,तेर
7_097.png,रुक्रि
7_098.png,हुन्न
7_099.png,प्रम
7_100.png,ब्रेडो
7_103.png,जत्तों
7_105.png,विपर्चा
7_107.png,प्रधान
7_109.png,मेरों
7_112.png,लामे
7_113.png,सहयोग
7_114.png,नारोबुन
7_115.png,ल्वन
7_116.png,विनम्र
7_117.png,अंगेध
7_118.png,गर्दु
7_119.png,आज़ादी
7_120.png,दात्र
7_122.png,राई
7_127.png,रेव
70_029.png,ज़र्ते
70_037.png,संस्कारधान
70_061.png,प्रमंणस्वरी
70_077.png,प्राब्लेश
70_079.png,प्रयोक्त
700_004.png,गर्दा
700_006.png,ताज
700_010.png,नातारु
700_011.png,पर्दु
700_021.png,ङ्क
700_022.png,चिह्न
700_030.png,ज़र्दी
700_031.png,पर्च
700_036.png,वार्ष्ण
700_046.png,ज्ञाए
700_051.png,क्षा
700_053.png,के
700_059.png,निर्ऌ
700_066.png,चि
700_076.png,तिज़र
700_080.png,चर्चा
700_084.png,७२
700_086.png,तर्र
700_087.png,च्चा
700_091.png,रेबीन
700_096.png,२।
701_007.png,प्रस्तुति
701_008.png,१९
701_009.png,मय
701_011.png,ब्राइवर
701_013.png,र्दज
701_018.png,ज़मा
702_003.png,४५
702_007.png,ऋणदाता
702_015.png,त्वच्छ
702_017.png,चलानी
702_018.png,१७६१
702_020.png,व्यावहार
702_027.png,जार्दोलें
702_028.png,वादी
702_029.png,त्रेयाल
702_030.png,रूपचन्द्र
702_033.png,जोलाछा
702_038.png,तृकित्र
702_047.png,बत्त
702_055.png,त्रेन
702_067.png,वर्ष
702_068.png,४०
702_082.png,वार्ते
702_088.png,१४
702_089.png,बे
702_093.png,जिल्ला
702_094.png,पर्चा
702_097.png,न्या
702_099.png,१९
702_100.png,वार्ते
702_102.png,प्रजाप
702_105.png,श्राप्त
702_111.png,प्रहरी
703_003.png,परिवर्तीय
703_004.png,नामं
703_008.png,र्षेपाल
703_009.png,ऋणदाता
704_002.png,प्रमुखत्य
704_009.png,याज्ञवल्नी
704_010.png,चिषिय
704_012.png,रारे
704_021.png,युध
704_025.png,क्वियमा
704_029.png,मार्त
704_032.png,चुर्इ
704_034.png,चुर्त
704_035.png,थर्रा
704_039.png,वर्ष
704_043.png,तर्प
704_051.png,चंन्न
704_052.png,नी
704_056.png,रुर्न
704_059.png,भारतवर्ष
704_060.png,ङ्क्ष
704_064.png,सम्बध्न
704_072.png,याय
704_073.png,वर्ष
704_074.png,श्रवण
704_075.png,क्यान्त
704_077.png,१४
704_079.png,चिन्न
704_080.png,थर्र
704_087.png,चर्चु
704_089.png,त्यान
704_090.png,पंकीओ
704_093.png,निच
704_096.png,श्रवण
704_100.png,चिन्न
704_115.png,४०००े
704_117.png,भक्षा
704_122.png,ऋषि
704_129.png,निर्च
704_130.png,श्री
704_136.png,घेपी
704_139.png,श्री
704_144.png,प्रश्न
704_148.png,निर्ञ
704_158.png,तया
704_160.png,वारो
704_169.png,चित्रण
704_173.png,त्यागपत्र
706_001.png,कुनँ
706_017.png,विषय
706_018.png,भले
706_022.png,साष्ट
706_029.png,देर्घर्ष
706_034.png,के
706_042.png,पर्दा
706_047.png,स्पें
706_050.png,रफ्त्रों
706_055.png,पर्चा
706_056.png,मर्न
706_064.png,र्दजि
706_066.png,एफएमसीज
706_068.png,बेरे
706_071.png,मा
706_072.png,पर्चि
706_077.png,र्दज
706_079.png,उत्क्रेका
706_080.png,ह्न
706_082.png,करुणा
706_083.png,म्लों
706_084.png,तर्क
706_094.png,हूँन
706_107.png,नाम
706_108.png,पेच्छ
706_109.png,रुरी
706_117.png,छतुरार
706_124.png,ॠषिए
706_137.png,करे
706_138.png,चर्चि
706_141.png,भक्ति
706_142.png,ॠष्वर
706_146.png,पत्र
706_156.png,हैँ
706_160.png,प्रभारण
706_161.png,के
706_171.png,हो
706_178.png,घेा
706_181.png,मंडर
706_182.png,टा
706_186.png,दूर्घा
706_187.png,मा
706_194.png,घड़
706_195.png,कुश्रा
706_197.png,वयसुनी
706_205.png,करूंगे
706_206.png,१५
706_214.png,न्यू
706_218.png,क्रमें
706_219.png,इत्य
706_221.png,लक्ष्मी
706_222.png,हुन
706_227.png,कुर्न
706_230.png,नरपतसार
706_242.png,मण
706_245.png,नज़ना
706_248.png,रुरी
706_249.png,शुजारी
706_250.png,गर्दी
706_256.png,लक्ष्मी
706_257.png,कर्फें
706_260.png,पाना
706_264.png,च्यू
706_266.png,मुनें
706_267.png,भैनें
706_279.png,ॠषि
706_281.png,ज्ञानयज्ञ
706_282.png,४५
706_284.png,ऐप्ल
707_000.png,दिया
707_001.png,क्वल
707_002.png,त्रिता
708_017.png,घाम्मे
708_019.png,जॉर्प
708_020.png,पेपर्शी
708_022.png,बताएगा
708_029.png,क्षो
708_046.png,डीक
708_047.png,घ्य
708_051.png,निज
709_000.png,नाथुओं
709_005.png,क्षे
709_018.png,ज्ञाई
709_030.png,क्षे
709_044.png,चेन्नाए
709_052.png,लक्ष्ण
709_059.png,रूह
709_063.png,दर्ब
71_006.png,पानी
710_014.png,नॉक्फी
710_015.png,ड्रेक
710_020.png,ऋषि
711_000.png,ऊँ
711_004.png,नयनए
711_007.png,दावील
711_008.png,रोड़े
711_012.png,रचे
711_016.png,लंगाय
711_019.png,के।
711_020.png,उल्ला
711_021.png,ज़रुत
711_022.png,ऊ।
711_024.png,नरे
711_026.png,हूं।
711_027.png,चुनें
711_028.png,डरे
711_030.png,तिज
711_039.png,ज़रूरतें
711_043.png,ज़रे
711_047.png,चन्द्रोले
711_049.png,रुपए
711_052.png,शशील
711_053.png,रचेरे
711_057.png,डर्इ
711_058.png,तृत
711_060.png,ए।
711_061.png,चड्डे
711_065.png,ड़ी
711_066.png,हड़े
712_014.png,प्लिए
712_023.png,श्रे
713_004.png,ह्ना
713_006.png,श्रमिन
713_009.png,क्षे
713_010.png,यार्नु
713_011.png,ङ्क्षसह
713_017.png,हु
713_020.png,श्रीष्टी
713_022.png,ज्ञाए
713_023.png,बहिन्नी
713_026.png,हूँ।
713_029.png,श्रात्रि
713_034.png,पिस्त्रीयों
713_038.png,ग्राही
713_041.png,शिल्ला
713_046.png,ने
713_049.png,बच्चे
713_050.png,राष्टेश
713_055.png,नोसियो
713_057.png,हेा
713_059.png,हैल
713_060.png,श्रीन
713_061.png,श्री
713_062.png,यार्ने
713_064.png,वश
714_001.png,कन्फ
714_009.png,४५
714_012.png,ब्रेच
714_014.png,ॠषि
714_015.png,हर्षे
714_020.png,ज़रे
714_022.png,बच्चे
714_024.png,र्दज
714_025.png,श्रेच्यूज
714_026.png,श्रवण
714_027.png,ऊर्ध्वगमन
714_037.png,कच्च
714_044.png,ऋष
714_046.png,ॠषि
714_065.png,त्र
714_067.png,चलें
714_072.png,खर्चेत्र
714_081.png,चच्छे
714_082.png,र्दज
714_088.png,कच्चे
714_089.png,ऋष
714_095.png,टच
714_096.png,घड़ा
714_097.png,ऋणद्ताओं
714_102.png,थो।
715_014.png,नं
715_015.png,ऊँ
715_016.png,शीर्षकों
715_018.png,क्षि
715_019.png,ऋष्र
715_026.png,ऊँ
715_032.png,३५०
715_036.png,चिं
715_037.png,ऊँ
715_042.png,ऋतुर
715_050.png,कून
715_059.png,ज़रूष
715_071.png,ईंट
715_073.png,ज़रें।
715_075.png,प्रश्न
715_077.png,दुःध
715_080.png,फर्फ
715_088.png,जेह
715_096.png,ऊँ
715_099.png,त्र
715_106.png,मैँ
715_111.png,ऋष
716_002.png,ऋषी
716_011.png,रुनी
716_018.png,पोज
716_020.png,रू
716_027.png,जाक्र
716_028.png,जांच
716_030.png,घटनाक्रम
716_033.png,चंडे
716_035.png,थी
716_046.png,चेन
716_047.png,४५
716_048.png,के
716_051.png,ब्लोगि
716_058.png,नि
716_061.png,चार
716_062.png,त्रित
716_071.png,जादू
716_072.png,परीवे
716_074.png,ऋत
716_075.png,पर्यटक
716_076.png,रू
716_088.png,ऋषी
716_090.png,ॠषि
716_102.png,हैन
716_103.png,मर्न
716_128.png,तया
716_136.png,निज्ञ
716_139.png,जॉ
716_140.png,वी
716_146.png,हर्षे
716_149.png,ची
716_151.png,वार
716_153.png,सबे
716_154.png,४५
716_161.png,नजर
716_162.png,वा
716_164.png,कर्ता
716_169.png,ऊँ
716_170.png,चिन
716_175.png,थी
716_187.png,भुनाए
717_007.png,२५०००
717_015.png,रोकगाल
717_020.png,१९४६
717_021.png,४०००
718_001.png,पत्थर
718_003.png,ध्रण्र
718_004.png,व्यक्ग्रात्र
718_016.png,श्रा
718_018.png,श्रद्धि
718_030.png,ईं
718_031.png,श्री
718_032.png,खुदार
718_034.png,श्रमान्ड
718_041.png,श्री
718_052.png,पत्ना
718_077.png,रुपए
718_078.png,फ़र्ऌ
718_080.png,श्रिष्ठान
718_081.png,हुल्न
718_086.png,प्रश्नित्र
718_090.png,त्रिच
718_091.png,श्राद्ध
718_092.png,व्यक्त्वा
718_098.png,ऋष्र
718_107.png,ॠष्य
718_113.png,प्रक्षीत
718_118.png,सत्र
718_122.png,श्रित्स्न
718_124.png,लक्ष्मीएं
719_005.png,फ़र्ध
719_012.png,तारे
719_019.png,रंक्ष
719_023.png,रफ
719_026.png,पर्च
72_006.png,लोकतान्त्र
72_016.png,उत्क्रष्ट
72_020.png,सत्यागंद
72_021.png,लेखने
72_027.png,तत्पश्च
72_037.png,ब्रोह
72_049.png,ब्राफ्ट
72_057.png,लेवल
72_058.png,कप्र
720_006.png,ऋणदातान
720_009.png,ऊर्ध्वगमन
720_014.png,इच्छाशक्त
720_025.png,ज्ञाई।
720_027.png,पुर्ति
720_030.png,पहिल्ले
720_031.png,पत्थर
720_037.png,ऊपर्च
720_042.png,ज्रेत्कर
720_045.png,जलयान
720_048.png,विस्लुली
720_049.png,तन्ति
720_050.png,क्षे
720_051.png,ब्रह्मान
720_061.png,ऋणदाताओं
720_062.png,ब्रह्मान
720_066.png,जल्ड
720_067.png,ब्रह्मान
720_069.png,एकत्रित
720_074.png,जेचार
720_085.png,टच
720_087.png,४०
720_088.png,१९
720_091.png,१४
720_094.png,४०
720_096.png,१४
720_097.png,४०
720_099.png,११
720_100.png,१९
721_002.png,ऊचाई
721_003.png,तुच्छ
721_012.png,हु
721_022.png,हु
721_030.png,हुर्न
722_000.png,बच्चे
722_006.png,अरुणा
722_007.png,सर्वथा
722_010.png,१९४६
722_011.png,मि
722_023.png,ऋणदाशों
722_026.png,४५
722_029.png,तिय
722_030.png,क्षणभ
722_034.png,मि
722_036.png,१४
722_038.png,घड़
722_042.png,ताला
722_050.png,पप
722_062.png,शाहरा
722_069.png,क़
722_088.png,१६
722_098.png,उत्तपमा
722_102.png,१५
722_107.png,टच
722_119.png,मीन
722_130.png,१९
722_147.png,जिन्दा
722_154.png,क्षु
722_161.png,न्यू
722_163.png,टच
722_169.png,चतार्थी
722_176.png,पंन्नी
722_178.png,श्रवण
722_179.png,४५
722_180.png,क्षण
722_184.png,जय
722_198.png,चंच
722_202.png,१९
722_206.png,प्रभावश
722_214.png,चात्हा
723_000.png,रोहाका
723_002.png,चृजेश
723_004.png,पू
723_008.png,हाँ
723_015.png,हफ्त
723_017.png,झण्डी
723_018.png,ग्रा
723_022.png,पेज
723_023.png,ईं
723_024.png,ए।
724_000.png,रूरे
724_010.png,रुपये
724_011.png,ऊँ
724_015.png,रा
724_041.png,तर्रा
724_043.png,रुपया
724_045.png,तरूँ
725_005.png,तपाई
725_008.png,क्याह
725_009.png,तेनीके
725_010.png,पिरिट
725_012.png,नाम
725_022.png,हथोग्रा
725_027.png,फ्रेत
725_028.png,राष्ट्रो
725_029.png,पड़ेग्न
725_031.png,हें।
725_041.png,च्च
725_045.png,ऋषी
725_053.png,त्रे
725_058.png,ले
725_066.png,श्रीन
725_068.png,यात्रो
725_070.png,क्षो
725_080.png,ग्रामसभा
725_088.png,शर्म
725_089.png,बयानबा
725_091.png,जेक्ठ
725_098.png,रयोग
725_100.png,हो
725_105.png,रचत्रो
725_108.png,हो
725_112.png,यात्र
725_117.png,लार्ड
725_121.png,हैत्र
725_122.png,त्रिकानो
725_124.png,श्रवण
725_126.png,हथेश
725_128.png,वाची
725_130.png,स्त्री
725_133.png,हे
725_135.png,ऊँची
725_142.png,हे
725_144.png,रत्ने
725_149.png,ऐसे
725_150.png,हो
726_004.png,ऋणदाते
726_020.png,चे
726_021.png,ष्ण
726_033.png,ऋष
726_035.png,जोला
726_036.png,टे
726_037.png,पर्दों
726_040.png,लक्ष्ण
726_041.png,ऊँ
726_061.png,ईंच
726_062.png,रिते
726_063.png,फैरा
726_069.png,यात्रे
726_094.png,लार्ड
726_098.png,नय
726_105.png,चित्रण
726_111.png,र्दज
726_116.png,त्रिफ्ल
727_009.png,१९
727_010.png,ऋष्र
727_012.png,प्रयान
727_022.png,४५
727_030.png,तख्तान
727_037.png,हुएं।
727_040.png,फीने
727_041.png,प्रथा
727_044.png,चीजे
727_047.png,मर्द
727_049.png,जारी
727_057.png,प्रह्म
727_062.png,ॠषि
727_066.png,बीब
727_068.png,ऋषि
727_070.png,परि
727_072.png,डण्डे
727_078.png,पीपात्र
727_081.png,गर्त
727_089.png,उन्मेनियर
727_092.png,पियो
728_004.png,पेश्र
728_009.png,श्रेष्ठ
728_016.png,रॉया
728_020.png,चेताल
728_035.png,स्यारी
728_037.png,रूपया
728_038.png,श्रात्र
728_049.png,रत्नाई
728_050.png,हु
728_054.png,शर्टी
729_003.png,वर्ष
729_008.png,ब्लैगश्रा
729_009.png,जयप्रकाश
729_010.png,रचा
729_012.png,१९
729_014.png,ऋतु
729_017.png,चर्च
729_020.png,त्राह
729_031.png,ॠष्य
729_040.png,ऊरहा।
729_042.png,चेन्ड
729_047.png,हूँ।
729_048.png,हँ
73_001.png,ज्ञानयज्ञ
73_004.png,मोलभाव
73_016.png,शनिवार
73_027.png,निन्न
73_031.png,पाँच
73_040.png,दंगा
730_002.png,चेच
730_006.png,कोर
730_008.png,वाट
730_009.png,ॠण
730_010.png,फिसड्डे
730_015.png,हो
730_019.png,फा
730_020.png,के
730_023.png,उम्मेद्र
730_025.png,ऋषि
730_026.png,यूएएन
730_028.png,रुग्ध
730_035.png,लारि
730_040.png,ऋणदागा
730_046.png,सड़के
730_047.png,रुपया
730_050.png,४५
730_052.png,ऋतु
730_055.png,क्षु
730_062.png,पत्र
730_064.png,ज़राफे
730_065.png,डिड
730_066.png,चाँचो
730_067.png,हे
730_068.png,पत्रि
730_072.png,तायाला
730_074.png,उज्यंत्स
730_079.png,प्रयोक्ते
730_083.png,डि
730_086.png,यूएएन
730_089.png,पिएन।
731_003.png,१४
731_007.png,चेत्र
731_017.png,रायी
731_018.png,ऐसे
731_025.png,श्रीणार्थ
731_028.png,कप
731_030.png,रुपए
732_000.png,रत्न
732_011.png,ता
732_013.png,४५
732_017.png,४०
732_019.png,ऐसे
732_020.png,प्रतिपादि
732_024.png,ऊँगा
732_029.png,चली
732_041.png,रुकी
732_046.png,नय
732_049.png,रुपए
732_059.png,गुराई
732_081.png,१४
732_085.png,ज्ञानल
732_097.png,शुर्षा
732_110.png,त्रा
733_022.png,पेज
733_025.png,ईं
733_028.png,२।
733_030.png,रो
733_039.png,नर्इ
733_042.png,फ्रिट्स
733_059.png,ईं
733_076.png,पड़
733_092.png,नू
734_000.png,परिवर्तीत
734_001.png,नाम
734_005.png,भर्ते
734_011.png,सुन्ना
734_015.png,जॉन्हा
734_016.png,अब्दुल
734_017.png,चर्चि
735_006.png,ज़फऱन
735_010.png,फ़र्ड़ी
735_014.png,ऋषी
735_015.png,५़
736_003.png,घ्वन्तः
736_008.png,बर्फ़
736_016.png,जीवार
736_021.png,ॠष्य
736_022.png,ऋषि
736_023.png,ड्यूट
737_000.png,चर्चा
737_003.png,ॠषि
737_006.png,१९
737_008.png,क्लोनिए
737_009.png,ऊपर
737_015.png,पेय
737_029.png,गर्देह
737_044.png,ऋणदाते
737_049.png,हुक्ध
737_050.png,तरपत
737_057.png,प्रयो
737_058.png,रंजनिता
737_062.png,नर्प
737_063.png,ऊ।
737_068.png,प्रेचाहने
737_070.png,शत
737_071.png,४५
737_076.png,ऋष
737_077.png,किन्ते
737_081.png,चारो
737_085.png,न्यायाले
737_088.png,राई
737_096.png,हु
737_097.png,ऊँ
738_000.png,ऊँ
738_008.png,रुक
738_009.png,ज़र्ते
738_013.png,लई
738_021.png,र्दी
738_023.png,जर्दी
738_035.png,कर्तव्य
738_038.png,ऋणदाता
738_041.png,ऊँ
738_042.png,एकत्र
738_049.png,लई
738_050.png,४८
738_055.png,क्षेत्र
738_060.png,श्री
738_065.png,कर्फ
738_067.png,ऊँ
738_070.png,शर्त
738_072.png,ऊँ
738_081.png,पर्च
738_082.png,रचे
738_088.png,ङ्क्षचत
738_089.png,चून
738_091.png,ऊर्ध्वजी
738_092.png,तुल्डर
738_093.png,टुन्न
738_094.png,चे
738_096.png,नई
738_105.png,ऋषि
738_110.png,गर्प
738_111.png,ङ्क्षलग
738_114.png,ऊर्ध्वगमन
738_122.png,पर्च
738_127.png,चे
738_131.png,पर्दू
738_132.png,ऋष्र
738_139.png,५ि
738_144.png,श्री
738_148.png,चे
738_168.png,चत
738_171.png,छत्रपत्रे
738_174.png,क्षु
738_177.png,चे
738_178.png,एकत्र
738_180.png,चल
738_185.png,कन्फ्यू
738_192.png,चे
738_199.png,४५
738_200.png,ऊँ
738_206.png,ऋषार
738_207.png,रीचांचे
738_209.png,त्रित
738_210.png,अत्तीर
738_213.png,श्रेष्ट्रंत
738_217.png,चे
738_226.png,चच्छे
738_228.png,र्दजि
738_230.png,ईश्डि
738_235.png,र्दज
738_236.png,पत्थर्रा
738_237.png,उत्तर्निही
738_242.png,हक़
738_248.png,हफ्तोर
738_256.png,क्षी
738_257.png,र्दज
738_261.png,छक्का
738_266.png,ऋषि
738_272.png,मर्त्र
738_273.png,पर्च
738_275.png,र्दज
738_278.png,ब्रे
738_281.png,ऋष
738_282.png,हर्षे
738_283.png,ॠषि
738_290.png,ऊँ
738_291.png,ऊर्ध्वगारी
738_292.png,कर्तृ
738_293.png,र्दज
738_295.png,एफएमसीजी
738_300.png,त्रुल
738_301.png,र्दज
738_302.png,चे
738_304.png,चर्चित्र
738_307.png,नं
738_310.png,र्दज
738_314.png,श्रात्र
738_316.png,र्ऌ
739_000.png,लुत्क्रम
739_004.png,ची
740_006.png,स्वास्थ्यवर्धक
740_007.png,बड़ी
741_001.png,गाम
741_007.png,ग्राय
741_011.png,प्रार्त
741_016.png,गुज्रामा
741_029.png,जय
741_031.png,वारिका
741_034.png,सर्ति
741_035.png,चंब़
741_036.png,१९४६
741_037.png,मीर्त
741_039.png,गंजे
741_040.png,पत्र
741_041.png,प्राप्त
741_044.png,स्प
741_058.png,पत्थर
741_061.png,फर्ग्याशय
741_062.png,उपस्थित
741_063.png,रार्श
741_066.png,गरिफॉ
741_068.png,निन्दु
741_074.png,तय
741_077.png,थर्राई
741_079.png,र्दजा
741_081.png,सप
741_082.png,हं
741_083.png,यूँ
741_085.png,गरी
741_087.png,गया
741_088.png,पंड्तिके
742_000.png,जाहे
742_001.png,तालों
742_004.png,कैँ
743_000.png,आर्इ
743_003.png,राजगढ
743_013.png,वर्ष
743_014.png,४५
743_015.png,हूं।
743_017.png,मर्ती
743_019.png,लुईं
743_020.png,ऊर्ध्वगमन
743_021.png,मर्ती
743_022.png,डंके
743_023.png,चेंकते
743_027.png,चंद्र
743_032.png,लारी
743_033.png,पंख्य
743_035.png,नेशमंडल
743_041.png,ङ्क्षलग
743_046.png,पक्षधर
743_050.png,आचान
743_053.png,१५
743_055.png,१४
743_064.png,दया
743_066.png,नित्त
743_068.png,त्रिशिल
743_086.png,एप
743_092.png,क्षुप्र
743_095.png,त्रिन
743_097.png,वश
743_105.png,मली
743_106.png,डोले
743_109.png,१४
743_113.png,प्रान्ता
743_115.png,मैँ
743_116.png,लाश
743_117.png,जाय
743_121.png,पाना।
743_135.png,गय़े
743_139.png,राजगढ
743_144.png,ज़ाष
743_145.png,मंतर
743_146.png,अँद्र
743_149.png,के।
743_150.png,नाओ
743_151.png,५।
743_153.png,जाय
744_000.png,१९४६
744_006.png,ऋणद्ता
744_007.png,देक्ष
744_010.png,ॠषित्र
744_013.png,श्रेत्र
745_008.png,प्रत्येत्र
746_008.png,नं
746_010.png,संवारीत
746_014.png,रार्ता
746_015.png,गए
747_013.png,१४
748_000.png,पाइप
748_005.png,पंचारे
748_007.png,चिल्ली
748_011.png,भले
748_024.png,भेट
748_032.png,मनेक्षा
748_035.png,त्रिय
748_039.png,मात्स्यिकाईं
748_050.png,ज्ञान
748_051.png,श्राष्ट्रीयों
748_053.png,यूटी
748_055.png,तीकी
748_064.png,यूनि
748_065.png,ग्राणिड
748_066.png,नामजद
748_067.png,नेयाली
748_074.png,ज़रुर्
748_079.png,जानेवे
748_085.png,ढाती
748_087.png,पो
748_095.png,औरंगा
748_106.png,मद्देना
748_112.png,नाम
748_114.png,४५
748_116.png,रत्न्यान
748_126.png,रिफाइनरे
748_127.png,मा
748_131.png,प्रहरी
748_143.png,एंटरप्रेसी
748_147.png,र्ध
748_149.png,थिरे
748_156.png,राई
748_158.png,यूव
748_159.png,ऊँ
748_172.png,जादेन
748_174.png,धुनें
748_180.png,ऊँची
748_182.png,ज्ञानव
748_188.png,श्रोत्तर
748_189.png,नया
749_011.png,श्रेन
749_027.png,थर्रे
749_030.png,कर्ता
749_031.png,एडीडर
749_033.png,हूँ
749_038.png,उग्रेत्र
749_039.png,क्षणभ्त्रों
749_041.png,रच
749_045.png,त्रणम्र
749_052.png,प्रारूपण
749_054.png,ऊर्ध
749_055.png,राबाट
749_073.png,सैलें
749_078.png,श्रु
749_084.png,च्रे
749_087.png,डू
749_092.png,ज़र्ता
749_094.png,क्षेत्र
750_002.png,चुच्च
750_006.png,कुछपल
750_008.png,प्रतिगाही
750_018.png,१६३२
750_020.png,व्युत्क्रम
750_022.png,४०
750_023.png,१५
751_003.png,ति
751_005.png,ड्रिट
751_030.png,चढ़
751_040.png,ॠषि
751_045.png,री
751_047.png,चिह
751_057.png,रो
751_063.png,४५
751_087.png,दर्ज़न
751_089.png,पढ़
751_097.png,ऋष
751_109.png,वर्ण
751_112.png,र्दज
751_113.png,कर्मठ
751_116.png,ईं
751_130.png,कर्मठ
751_134.png,ईं
751_138.png,पड़ी।
751_148.png,सुविधानुसार
752_000.png,ॠष्तः
752_005.png,ॠषि
752_016.png,४५
752_017.png,ॠष्मी
753_002.png,गाम
753_007.png,ताई
753_010.png,फ़े
753_013.png,मेचाइल
753_017.png,बर्फ
753_018.png,४५
753_023.png,षष्ठी
753_035.png,पीय
753_037.png,गावों
753_038.png,एंबेया
753_052.png,षार्ष
753_053.png,फर्बाई
753_055.png,गाये
753_057.png,पेश्वर
753_059.png,बागी
753_064.png,लगाई
753_071.png,पीए
753_072.png,पी
753_079.png,बाहें
753_081.png,नर्न
753_082.png,ज़िबाए
753_090.png,मीफ़
753_091.png,मर्बा
753_104.png,बाईं
753_117.png,पाठशाह
753_120.png,बॉग्न
753_124.png,४५
753_127.png,गाम्स
754_002.png,कंक
754_006.png,घाऊ
754_008.png,राए
754_010.png,४०००
755_001.png,याज्ञवल
755_002.png,त्राहक
755_004.png,ऊर्ध्वगमन
755_008.png,व्यवस्थी
755_012.png,लेखेगी
756_001.png,प्रजाजी
756_002.png,र्दज
757_006.png,५़
757_014.png,चड़
757_015.png,कण्ठ
757_016.png,ज़्दू
757_018.png,तप
757_020.png,६६
757_029.png,ईंट्व
757_034.png,मे
757_052.png,४५
757_053.png,चुन्न
757_070.png,ईं
757_071.png,ईंद्र
757_079.png,ऊँ
757_087.png,चुर्इ
757_094.png,रू
759_000.png,ईश्वरत्व
759_004.png,ज्ञान
759_007.png,ऊर्ध
759_012.png,ङ्क्ष
759_015.png,हँ
759_016.png,रूप
759_019.png,तिलमुल्ल
759_029.png,खण्डाई
759_038.png,४०००
759_045.png,लारे
759_046.png,उत्ते
759_053.png,र्दज
759_065.png,ज़रुरे
759_073.png,ऋणदाताओं
759_078.png,पचपन
759_079.png,पृथ्व
759_083.png,हूँ
759_084.png,प्रक्त्रिये
759_088.png,मंत्रेक
759_094.png,रुगने
759_100.png,मंत्रे
759_102.png,ऋणद्ताओं
759_105.png,ऊँ
759_110.png,इत्र
759_113.png,जार्गनग्रस्त
759_115.png,ङ्क्षसह
759_124.png,ॠषित्तर
759_125.png,दुधः
76_000.png,पवितांश
76_001.png,पढी
76_004.png,ङ्क्षसह
76_014.png,राष्टि
76_018.png,परवार
76_021.png,लार्ण
76_024.png,च्यानको
76_027.png,दिन
76_033.png,त्राणि
76_035.png,तैताचार
76_040.png,पाठकों
76_041.png,रचाका
76_048.png,खण्डार
76_051.png,जाओगे
76_052.png,देखती
76_054.png,राष्ट्रपता
76_056.png,प्रष्टा
76_060.png,जोपान्ह
76_061.png,चार्पी
76_065.png,उदाग्रहण
76_067.png,ज्वलन
76_069.png,हा
76_074.png,रचाबा
76_076.png,रफ्ती
76_078.png,कविताओं
76_080.png,हाग्रा
76_083.png,पोगे
76_084.png,रूप
76_085.png,गायावों
76_089.png,पत्रिकाई
76_095.png,रोषन
76_099.png,जाँची
76_101.png,अड़चन
76_112.png,परिस्ते
76_119.png,तुर्ते
76_122.png,वैग्यमा
76_126.png,पीएचर्ऌ
76_128.png,पुरूषगर्दी
76_130.png,रचाछा
76_131.png,स्पष्ट
76_133.png,पर्देयों
76_136.png,कविताएं
76_138.png,परिरि
760_003.png,फ़र्ड
760_009.png,हॄस्न
760_013.png,नालके
760_016.png,१४़
760_020.png,ऊँ
760_026.png,फ़र्ती
760_040.png,ईं
760_054.png,तल्प
760_062.png,रुं।
760_063.png,ड्रेक
760_071.png,श्रेष्ठान
760_093.png,क्ष
760_102.png,ङ्क्षलग
760_103.png,तुले
760_106.png,त्रियों
760_108.png,ऋतु
760_114.png,घबर
760_115.png,लई
760_118.png,ज़र्ते
760_119.png,ज़रुर
760_121.png,क्रे
760_125.png,उल्लेखनी
760_129.png,ऋष
760_132.png,ऋतु
760_135.png,ब्रह्मत
760_136.png,उठाई
760_138.png,तल्कि
760_140.png,छिछले
760_152.png,ईरा
760_154.png,ज़रु
760_156.png,जल्दिऊ
760_157.png,साये
760_163.png,चले
760_166.png,लायदा
760_167.png,जल्दु
760_168.png,जय
760_177.png,१४
760_179.png,जाई
760_180.png,एफ़न
760_181.png,स्टाई
760_187.png,पाऊ।
760_193.png,आलुहे
760_195.png,चौपेगा
760_199.png,चाइल
760_210.png,ताताले
760_211.png,हड्डेला
760_214.png,लहर
761_000.png,श्रबुल्ल
761_001.png,ॠषित्व
761_003.png,फ़िल्ला
762_003.png,१६
762_004.png,१४
762_009.png,देवत्र
762_011.png,ॠषित्र
762_015.png,श्रेफ़
762_017.png,केा
762_018.png,१९
763_005.png,डाउनलोड
763_008.png,नाश्र
763_009.png,कर्फ
763_012.png,चार्डवायर
763_015.png,करते
763_027.png,५े
763_029.png,पातुनी
763_031.png,तुर्गने
763_044.png,लात
763_047.png,विकलाने
763_057.png,ऊँ
764_000.png,ज्ञा
764_001.png,मत
764_008.png,ङ्क़
764_009.png,र्दज
764_016.png,द्व
764_019.png,श्रीमत्ता
764_031.png,तर्क
764_037.png,दर्द
764_038.png,१६
764_048.png,र्दज
764_050.png,र्दज
764_053.png,रत्नि
764_058.png,चे
764_064.png,प्रणा
764_065.png,अफ्रीम
764_068.png,हर्डे
764_069.png,त्रे
764_072.png,एकत्रा
764_073.png,त्रिपल्ली
764_074.png,प्रथा
764_075.png,कप
764_076.png,रुश्ते
764_078.png,ऋष्र
764_082.png,हू
764_084.png,चे
764_087.png,ऊँ
764_089.png,ऋत
764_095.png,ऊँ
764_097.png,उज्ज्ये
764_098.png,रॉड
764_101.png,१४
764_102.png,त्र
764_105.png,श्रा
764_110.png,ऊँ
764_115.png,४५
764_126.png,श्रा
764_140.png,चि
764_142.png,र्दज
764_147.png,ऋषा
764_149.png,हर्ष
764_152.png,जर्ज
764_155.png,ज़र्ते
764_157.png,ज़रुर।
764_159.png,करते
764_161.png,रुद्रि
764_162.png,र्दज
764_164.png,पर्दे
764_165.png,ऊँ
764_167.png,वर्ष
764_174.png,ॠषित्व
764_177.png,एकत्र
764_183.png,लई
764_184.png,हम्रे
764_194.png,पर्चे
765_007.png,प्रचालन
765_009.png,च्यान
765_011.png,ज़रथ्रुस्त
766_003.png,हत्ता
766_004.png,निम्नल
766_011.png,हर्ष
766_013.png,चक्रवात्र
766_021.png,थे
766_023.png,जही
766_024.png,ज़राते
766_026.png,चच्चे
766_027.png,वर्ष
766_031.png,र्दज
766_040.png,पर्द
766_041.png,ज़र्दे
766_046.png,स्प
766_048.png,चर्च
766_049.png,हुईँ
766_052.png,ऋषिरू
766_054.png,तर्ऌ
766_057.png,ईंक्ष
766_060.png,ऋणदाता
766_071.png,ऊर्ध्व
766_089.png,त्वच्छ
766_091.png,चे
766_095.png,क्षि
766_099.png,व्युत्क्रमंत्र
766_103.png,क्षत्र
766_106.png,एन्क्राप्त
766_112.png,डिम
766_114.png,चु
766_118.png,फे
766_120.png,कर्तव्य
766_121.png,रि
766_122.png,ह्रदय
766_125.png,६६
766_127.png,इत्त
766_128.png,हफ्त
766_134.png,ऋष
766_137.png,मर्त्य
766_140.png,एप
766_145.png,ऊँ
766_147.png,ह्रदय
766_150.png,श्रि
766_155.png,रुरी
766_156.png,एंटीने
766_160.png,एकत्र
766_161.png,चेह
766_162.png,कर्तव्य
766_163.png,रत्नि
766_166.png,३२
767_002.png,श्रे
767_003.png,ड्रेक
767_010.png,हु
767_012.png,बुरून
767_015.png,ऊंट
767_017.png,मल्लोप्ड
767_028.png,लई
767_029.png,उठाए
767_033.png,उत्तर्रात्र
767_061.png,लत्रेक्ष
767_062.png,एल्फिंग्ड
767_072.png,ऊर्ध्र
767_078.png,उल्लेखन
767_081.png,ईँ
767_086.png,ह्राह
767_094.png,जाइए
767_105.png,ऊँ
767_122.png,उर्ट
767_123.png,रुईं
767_125.png,ऊर्ध्वगमन
767_131.png,१९
767_135.png,१४
767_140.png,नरेन्द्र
767_145.png,ले
767_147.png,लई
767_150.png,उठाई
767_160.png,इत्ति
767_161.png,हेफ्र
767_178.png,बुल्हाई
767_180.png,ऋणदाताओं
767_182.png,ऋतु
768_007.png,हु
768_010.png,नहूने
768_011.png,ऊ।
768_022.png,प्रदर्शनकारि
768_029.png,लक्झर
769_002.png,पत्न
769_003.png,लय
769_005.png,शख़स
769_012.png,ऋणदाते
769_026.png,हुए
769_027.png,यात्रे
769_033.png,रचे
769_042.png,प्रश्रय
769_048.png,हे
769_060.png,ज़ी
769_063.png,रेजी
769_070.png,श्रद्धानंत
769_072.png,मी
769_075.png,नरहरपा
769_078.png,याज्ञवल्क्ष
769_088.png,चे
769_090.png,चॉ
769_091.png,श्रेह
769_094.png,त्वच्छ
769_096.png,ज्ञाल
769_098.png,करते
77_002.png,चौथेटी
77_004.png,आधार
77_007.png,खाती
77_013.png,यूनिवॢसटी
77_015.png,सस्त्रों
77_016.png,प्राच्चा
77_017.png,अड़चन
77_019.png,याता
77_026.png,देवपूर्वक
77_031.png,प्रकरण
77_033.png,पुस्तिष्ठी
77_042.png,पास्को
77_045.png,ताताम
77_058.png,प्रवामा
77_063.png,प्रतिष्ट
77_080.png,निर्मित
77_081.png,वेपाली
77_085.png,भर्ती
77_089.png,चित्रण
77_091.png,रिश्ते
77_096.png,गार्टीस
77_101.png,येता
77_107.png,समान
77_113.png,तीरू
77_114.png,पुर्रा
77_118.png,रुक्र
770_000.png,श्रमदान
770_001.png,फर्जा
770_006.png,त्रिन्दिल
770_009.png,श्रद्ध
770_013.png,चाह
770_022.png,गरेने
770_025.png,क्षम
770_028.png,तामाड़
770_039.png,इक्त
770_044.png,कित्रा
770_047.png,लाणी
770_054.png,याता
770_057.png,४०
770_069.png,वार
770_070.png,लक्ष्ण
771_000.png,तार्ऌ
771_005.png,र्दज
771_016.png,चित्रगुप्त
771_017.png,हूँद
771_024.png,एंगेश
771_025.png,हु
771_029.png,पुरूषित
771_036.png,चि
771_038.png,जुर्ला
771_041.png,चुर्ऌ
771_043.png,त्रोत
771_044.png,वर्ष
771_049.png,मर्ते
771_053.png,छिपुण
771_054.png,पगडाएं
771_058.png,चढ
771_059.png,लाज
771_062.png,पांच
771_063.png,पथ
771_066.png,हु
771_071.png,स्कु
771_074.png,चुर्ही
771_078.png,कूषो
772_014.png,नारायण
772_016.png,नारायण
773_006.png,ईं
773_031.png,मे
773_047.png,ईं
773_069.png,पेज
773_084.png,२।
773_091.png,थेर
773_099.png,फें।
773_119.png,बाई।
773_126.png,ऋषि
773_127.png,४८
774_006.png,ऋषि
774_008.png,श्राहे
775_000.png,४५
775_006.png,ग़म़
775_016.png,ऋणदाता
776_002.png,हूरे
776_006.png,हुज़ू
776_012.png,पर्ध
776_013.png,रेड़ीगी
776_022.png,ऊँची
776_027.png,तृप्वार
776_028.png,चाही
776_029.png,त्रेपाल
777_004.png,ऋणदाता
777_009.png,रुपए
777_010.png,चलते
777_019.png,छुल्ला
777_034.png,उपाल
777_035.png,हर्षे
777_041.png,ङ्क्षचता
777_044.png,त्रीत
777_046.png,ऋत
777_052.png,त्यागपत्र
778_004.png,रे
778_006.png,चाराफें
778_008.png,ग्रान्त
778_009.png,एप
778_010.png,तुर्पा
778_011.png,देरी
778_013.png,शर्दि
778_014.png,त्रेच्ट
778_021.png,वर्ष
778_022.png,तर्र
778_023.png,भर्ले
778_025.png,रहिए
778_028.png,ज़रुरे
778_032.png,ऊपर
778_042.png,ऋतुए
778_051.png,जेटे।
778_057.png,पांच
778_058.png,फेा
778_062.png,४०००
778_066.png,राते
778_069.png,ऊँ
779_021.png,कईि
779_027.png,१४
779_031.png,ईं
779_033.png,खां
779_035.png,ऋष
779_039.png,ईं
779_042.png,हुईं
779_049.png,ऊँ
779_053.png,जेग
780_006.png,न्रक्र
780_013.png,ॠषि
780_014.png,क्यूँ
781_005.png,रेट्टी
781_011.png,बर्फ
781_015.png,चितराल
781_017.png,ले
781_020.png,ऊर्ध्वगमन
781_026.png,पी
781_028.png,तलाई
781_030.png,फर्नाई
781_032.png,४५
781_038.png,एएनएम
781_047.png,लाहेरी
781_053.png,के
781_055.png,हे
781_065.png,पांच
781_067.png,ऐसें
781_076.png,तर्के
781_078.png,ले
781_080.png,रचे
781_081.png,रू
781_082.png,रूति
781_100.png,ऊँ
781_117.png,लूकरगे
781_120.png,चमकते
781_126.png,जो
781_127.png,१८५७
781_132.png,चित्रत
781_136.png,ने
781_141.png,डेयर
781_143.png,४८
781_154.png,तातार
781_163.png,टे
781_173.png,देक
781_176.png,डरने
781_177.png,ऐसे
781_185.png,दर्ते
781_190.png,ऐवजाण
781_193.png,ऐवजूल
782_005.png,राते
783_001.png,जयप्मा
783_003.png,श्रीष्ठी
783_005.png,चेम
783_006.png,त्रे
783_007.png,टक्षम
783_009.png,ॠषीज
783_017.png,मर्त्य
783_018.png,जेर्स
783_024.png,षष्ठ
784_004.png,प्रतिपल्ली
784_007.png,तेली
784_012.png,परिवर्ती
784_013.png,नायाय
784_014.png,ॠषिया
784_018.png,पित्रालय
784_023.png,श्रमेलने
784_037.png,हेा
784_039.png,पुनी
784_041.png,बच्चे
784_044.png,हो
784_051.png,त्रयोक्ता
785_009.png,ऋणद्ता
785_010.png,१५
785_016.png,मात्र
785_017.png,उर्इ
785_020.png,७२
785_022.png,शर्मा
785_025.png,कैण्डा
785_029.png,प्रेण
785_031.png,रिस्पेल
785_035.png,होम्त
785_036.png,पुर्ग
785_042.png,पू
785_045.png,उज्जुरी
785_055.png,४५
785_058.png,स्वरूप
785_064.png,पंचा
785_065.png,स्वरूप
786_004.png,मानेत्र
786_006.png,तालेक्ष
786_025.png,कानेकी
786_028.png,कार्यालय
786_035.png,ज़रुरा
786_036.png,ऋषि
786_042.png,क्वेर
786_044.png,रुपयी
786_058.png,लेगी
786_061.png,४५
786_065.png,नीनी
786_068.png,चर्चि
787_013.png,ईं
787_014.png,ईं
788_001.png,षष्ठ
788_003.png,मजबूर
788_005.png,श्रिला
788_006.png,मर्नी
788_011.png,छह
788_013.png,क्यार
788_014.png,पथ
788_022.png,श्रमदान
788_023.png,मा
788_024.png,चर्च
788_025.png,त्रिमन
788_028.png,लाई
788_035.png,मीती
788_038.png,वा
788_042.png,क्षणभारी
788_048.png,हथोरा
788_049.png,व्याप्तर
788_053.png,नीम
788_055.png,परिवर्तीत
788_056.png,नाम
788_058.png,१६३२
788_059.png,पिड़ित
788_060.png,परिवार्ति
788_061.png,नाम
788_067.png,विवरण
788_073.png,बच्चे
788_074.png,वर्ष
788_075.png,१४
788_081.png,उर्वर्ड
788_083.png,बर्फ
788_087.png,ज्ञारिश
789_001.png,४५
789_020.png,जेले
790_001.png,र्दजी
790_002.png,नरेना
790_004.png,ड्रेक
790_007.png,ज्ञान
790_008.png,चित्र
790_010.png,५़
791_012.png,क्राम
791_016.png,पर्चा
791_021.png,चिन्नमस्ती
791_022.png,चिंह
791_026.png,इच्छाल
791_027.png,पेक्ष
791_036.png,१६
792_004.png,ई।
792_010.png,ख़ा
792_012.png,ॐकू
792_018.png,ईं
793_006.png,प्रत्यक्षदर्शी
793_014.png,र्दज
793_019.png,ङ्क्षचता
793_027.png,नेन
793_032.png,ऊँ
793_039.png,हे
793_042.png,ऋषि
793_044.png,एप
793_046.png,क्षण
793_047.png,बे
793_049.png,चर्च
793_057.png,हु
793_065.png,श्रा
793_071.png,पर्द
793_072.png,लक्ष्मी
793_074.png,क्षय
793_078.png,श्रद्धांत
793_085.png,श्रद्धालु
794_003.png,राजगढ
794_016.png,र्दज
794_017.png,पकाश
794_022.png,श्रा
794_026.png,श्राध
794_031.png,१४८०
794_032.png,त्वचा
794_034.png,आपाध
794_037.png,४०००
794_038.png,चे
794_039.png,दया
794_045.png,तया
794_048.png,तर्म
794_051.png,क्षणा
794_056.png,गये
794_059.png,ण्य
794_060.png,करणसापेक्षता
794_062.png,रार्द
794_064.png,राष्ट्र
794_065.png,त्वचा
794_071.png,नीरव
794_079.png,४०००
794_090.png,मर्ताई
794_092.png,युन्याशय
794_098.png,पर्च
794_107.png,वर्षा
794_108.png,क़ाम
794_114.png,पैटलो
794_118.png,न्याय
794_121.png,विषमता
795_002.png,कचरे
795_007.png,रुद।
795_012.png,चिल्ली
795_015.png,मरे
795_017.png,हुद।
795_018.png,उत्प्रेरक
795_019.png,र्लाई
795_033.png,घडील
795_035.png,तीन
795_043.png,क्रोच्टि
795_046.png,दावी
795_047.png,लारे
796_001.png,१९४६
796_010.png,उत्प्रेक्ष
796_011.png,श्रीष्णता
796_013.png,त्राम
796_020.png,ङ्का
796_025.png,स्पष्टता
796_027.png,वर्ष
796_029.png,ध्रुत्व
796_034.png,ऋषि
796_040.png,फ्रेंन
796_042.png,चुर्इ
796_054.png,प्रश्न
796_057.png,डुन
796_058.png,प्र
797_008.png,लक्ष्ण
797_021.png,फ्र
797_026.png,प्रथ
797_035.png,रुपए
797_037.png,प्रथ
797_039.png,रुल्ई
797_041.png,हुन्न
797_047.png,श्रद्धा
798_005.png,र्दज
798_007.png,ज़्ञा
798_021.png,४५
798_025.png,रफी
798_033.png,छुर्पे
798_034.png,पपरे
798_036.png,हो
798_039.png,तिज्ञे
798_053.png,छरहरा
798_057.png,याहा
798_058.png,पाओग्यों
798_060.png,होटला
798_061.png,तर्रे
798_063.png,पार्डे
798_064.png,हु
798_065.png,मे
798_071.png,कण्ठे
798_073.png,चो
798_075.png,कै
798_082.png,४५
798_086.png,एण्डुल
798_088.png,पगडॉए
798_093.png,प्रणाल
798_102.png,एपी
798_107.png,त्रिज
799_001.png,चे
799_002.png,श्रीत
799_003.png,ऐसे
799_006.png,नरपति
799_011.png,चच्छे
799_015.png,नर्न
799_016.png,रोता
799_018.png,ॠष्ण
799_024.png,रत्ना
799_030.png,र्दज
799_033.png,ॠषियन
799_034.png,ऋषि
799_036.png,कचरे
799_047.png,क्षे
799_051.png,तात्र
799_054.png,चत्र
799_059.png,ऊँ
799_068.png,हर्षे
799_069.png,ऊर्ध
799_070.png,प्रहें
799_089.png,र्दज
799_092.png,ऊँ
799_094.png,दर्नी
799_095.png,चर्चें
799_100.png,रैंकी
799_103.png,रक्षात्र
799_104.png,तरूँ
799_107.png,ऊँ
799_112.png,रित्र
799_118.png,तन्नी
799_120.png,त्रित
799_124.png,कच्ची
799_127.png,१४
8_002.png,पृथोग
8_014.png,समस्याल
8_020.png,४५
8_021.png,दियो
8_023.png,डूबे
8_024.png,हो
8_025.png,फेअसबुका
8_026.png,दुवियाँ
8_027.png,पर्देष
8_031.png,ब्रह
8_038.png,तया
8_041.png,गर्वे
8_042.png,सरजा
8_046.png,तय
8_048.png,यो
8_056.png,घ्वन
8_057.png,फेर्स
8_058.png,यार्बोल
8_062.png,फेताबाब
8_068.png,सोचाइले
8_071.png,आत्मरक्षा
8_072.png,गर्ब
8_073.png,भगवत्स्वरूप
8_078.png,रुलाई
8_079.png,हेरी
8_084.png,भयानकत
8_091.png,चरम
8_094.png,प्रयोग
8_096.png,गर्बाब
8_104.png,तिब्बे
8_109.png,तत
8_111.png,पेक्यूब
8_112.png,यथासंभव
8_117.png,निव
8_128.png,तल
8_130.png,कूर्बे
8_131.png,पृथि
8_136.png,फो
8_144.png,भागवत
8_146.png,यूरा
800_009.png,नि
800_019.png,र्दज
800_023.png,ईं
801_003.png,१४
801_016.png,खां
802_024.png,रिश्मे
802_043.png,र्दज
802_059.png,ई।
802_063.png,ईंत्रि
802_068.png,४५
802_093.png,ठेक़
802_101.png,ऊँ
803_001.png,रुर्इ
803_003.png,परे
803_005.png,नि
803_007.png,ऊँ
803_008.png,ऋष
803_009.png,हत्मों
803_016.png,हूँ।
803_030.png,लागि
803_034.png,लेखायें
803_041.png,ॠषित
803_048.png,फ़र्ऌ
803_052.png,डैन
803_075.png,ॠषि
803_091.png,चुर्ठा
803_094.png,तर
803_096.png,ऊँ
803_103.png,हड्ड
803_104.png,थर्रा
803_106.png,१७
803_109.png,पर्दा
803_110.png,एच
803_111.png,पर्च
803_115.png,लार्ग
803_117.png,ऊँ
803_119.png,लई
803_125.png,उत्तः
803_132.png,एल्ई
803_134.png,शत्र्त
803_137.png,तृत्व
803_143.png,तर्के
803_145.png,ऊँ
805_006.png,चार्ची
806_017.png,५ें।
806_025.png,शंदन
807_002.png,३२
807_004.png,परिचार्ति
807_006.png,हिमाल
807_007.png,पुली
807_012.png,ध्रुए
807_013.png,स्वरंगीत
808_000.png,जी
808_012.png,नात्र
808_013.png,१५
808_015.png,ऊँ
808_017.png,ज़िरह
808_019.png,वर्ष
808_021.png,रीना
808_028.png,शुयारोकार
808_031.png,मा
808_033.png,रचा
808_037.png,बच्छोप
808_038.png,ज़िरह
808_041.png,वारा
808_047.png,डीता
808_048.png,परियाले
808_049.png,त्रिटि
808_050.png,ऊर्ध्वगमन
808_052.png,निन्ने
808_053.png,ऋणदाती
808_058.png,नया
808_060.png,चोटू
808_064.png,चार्ड
808_066.png,पर्चा
808_070.png,पेना
808_075.png,रुपये
808_077.png,चुजना
808_080.png,विवरण
808_081.png,रिचर्ट
808_084.png,परिचय
808_085.png,वार्थे
808_087.png,के
808_089.png,दक्षिणा
808_091.png,५ें।
808_093.png,तिरुएं
808_094.png,पेरे
808_096.png,नेता
808_102.png,रहे
808_105.png,छांटीए
808_108.png,जार्त
808_111.png,पेल्डरोर
808_113.png,ऊं
808_115.png,तय।
808_119.png,एजोण्ट।
808_123.png,पर्वें।
808_127.png,ठहरो
808_128.png,१९
809_005.png,क्षण
809_011.png,ऋणदात
809_016.png,वर्ष
809_017.png,जयप्रा
809_018.png,श्रेषित
809_019.png,पेचे
809_024.png,ङ्क्षसह
809_025.png,४५
809_029.png,श्रीष्टे
809_032.png,च्च
809_033.png,रुष्ट
809_038.png,चुन्न
809_039.png,रूने
809_048.png,ऊँ
809_049.png,श्रुष्ट
810_005.png,रक्षाश
810_007.png,पाना
810_008.png,कै
810_009.png,चर्च
810_021.png,निर्देन
810_022.png,प्राप्त
810_024.png,सूच
811_000.png,भाजपाईयों
811_006.png,शर्ते
811_011.png,र्दज
811_012.png,प्रजाय
811_016.png,रोड़े
811_017.png,उषा
812_010.png,एंजाल
812_020.png,फ्र
812_023.png,पित
812_025.png,जर्जी
812_026.png,गाह
812_034.png,फग्नाल
812_036.png,मोण्टियनों
812_039.png,५़
812_041.png,हो
812_042.png,थि
812_046.png,प्रण
812_047.png,श्रद्धियोज
812_055.png,लाई
812_057.png,वृजेश
812_061.png,छात्रावेजा
812_079.png,पापारण
812_080.png,तांधी
812_081.png,याल
812_083.png,तर्जार
812_087.png,छरहरा
812_089.png,चेर
812_094.png,हु
812_097.png,हा
812_101.png,पुतियादी
812_102.png,रूपेश
812_107.png,जय
812_108.png,ष्प
812_110.png,प्रतिभावी
812_112.png,तापात
812_128.png,तिरा
812_131.png,ताती
812_137.png,वार
812_143.png,एजेंडे
812_149.png,हे
812_150.png,लगाऒडे
812_151.png,हुहे
812_152.png,ना
812_155.png,पिये
812_164.png,पाओगेश
812_169.png,४५
812_171.png,निज
812_172.png,ज़
812_176.png,प्राप्त
813_000.png,मिष्ठा
813_002.png,फ्लेंया
813_008.png,बच्चे
813_011.png,फ़े
813_012.png,यिया
813_014.png,स्पोत
813_017.png,क्यूँ
813_018.png,रचा
813_019.png,पेगा
813_022.png,पा
813_030.png,चारेश्वर
813_034.png,योगे
813_036.png,पर्द
813_037.png,४५
813_067.png,७२
813_070.png,कण्ठे
813_072.png,ग्रंते
813_081.png,पर।
813_083.png,मर्धे
813_094.png,मर्डर
813_098.png,पोर्नो
813_100.png,बारा
813_104.png,वर्ष
813_113.png,घ्यवर्ग
813_114.png,मेते
813_140.png,केन
813_141.png,फ़ै
813_143.png,प्रेमा
813_153.png,तर्रा
813_154.png,मूर्व
813_161.png,बाबरा
813_168.png,४५
814_007.png,ईम
814_016.png,पार्त
814_020.png,नाम
814_029.png,वाह
814_030.png,हाल
814_031.png,मा
814_042.png,वाई
814_047.png,डेम
814_057.png,आश्चर्यचकि
814_065.png,२मी
814_070.png,ङ्क्षसह
814_073.png,हैन्न
814_074.png,वायक्त
814_077.png,हू
814_099.png,षक्तिग्न
814_114.png,हु
814_115.png,क्षिद्ध
814_122.png,ऋषि
814_124.png,क्षण
814_125.png,मैत्रै
814_135.png,स्ही
814_136.png,चार
815_001.png,एकत्री
815_005.png,तर्र
815_007.png,रुति
815_008.png,ब्रात
815_009.png,त्रोचने
815_012.png,जादे
815_022.png,नक्षत्र
815_029.png,प्रणव
815_030.png,हेर्डे
815_037.png,त्रश्न
815_041.png,र्दज
815_043.png,तलाई
815_053.png,मी
815_058.png,प्रदर्शनकारि
815_062.png,नर्न
815_075.png,डि
816_000.png,ज़
816_001.png,मान
816_005.png,निर्ञान
816_008.png,कुर्ग
816_011.png,पिच
816_012.png,रुस्त
816_016.png,रुई
816_022.png,हु
816_025.png,रोज़ा
816_026.png,क्षु
816_028.png,ई।
816_030.png,रूँ
816_032.png,रुष्ट
816_035.png,एच
816_047.png,रूचि
817_003.png,सं
817_009.png,प्रतिवेदन
817_010.png,ङ्क्ष
817_011.png,जि
817_017.png,पोल
817_019.png,फलो
817_021.png,सजाय
817_023.png,पारबन्ध
817_025.png,सजाय
818_000.png,यासका
818_003.png,यॉ
818_010.png,समस्या
818_012.png,साफें
818_016.png,रीष्ट
818_017.png,७२
818_019.png,मेफ़े
818_020.png,७२
818_023.png,शर्मी
818_027.png,शूरद्धारियों
818_029.png,लाई
818_032.png,नर्नें
818_037.png,खूलों
818_042.png,पुर्षे
818_050.png,नाम
818_055.png,बार
818_059.png,वर्ष
818_060.png,राजगढ
818_069.png,कण
818_070.png,ब्यी
818_077.png,ख़ार
818_078.png,राई
818_080.png,पाठशामा
818_090.png,हे
818_092.png,माहे
818_098.png,कैँ
818_100.png,बर्ष
818_103.png,फ़ाह
818_105.png,डीएसप
818_107.png,मोहि
818_110.png,मोगे
818_114.png,१४
818_115.png,यू
818_120.png,मायी
818_122.png,बर्बू
818_124.png,गेग
818_126.png,मारो
819_000.png,ङ्क्षलग
819_004.png,एकजुलती
819_007.png,चल्ले
819_013.png,ऋतु
819_014.png,पत्री
819_023.png,चे
819_024.png,त्रा
819_042.png,ऋषि
819_044.png,लीड
819_049.png,चढ़
819_051.png,एफ
819_061.png,डोम
819_062.png,भर्ते
819_064.png,कर्तव्य
819_065.png,उत्त
819_070.png,तर्रा
819_071.png,हर्षि
819_073.png,हु
819_085.png,ड्र
819_088.png,रि
819_090.png,हू
819_092.png,लच्चे
819_106.png,चे
819_109.png,ऊँ
819_111.png,श्रीत
819_116.png,चे
819_119.png,५े
819_122.png,रचते
819_123.png,ऋषि
819_126.png,र्ध्म
819_130.png,रूह
819_135.png,र्दज
819_136.png,फर्टी
819_138.png,रुपए
819_145.png,जर्दी
819_164.png,रुक्रि
819_167.png,कर्त
819_169.png,ज़र्त
819_180.png,जे
820_003.png,हेर
820_009.png,क्रात्र
820_010.png,तर्क
820_011.png,तर्कि
820_019.png,वयस्क
820_022.png,त्रोधि
820_024.png,लक्ष्मी
820_025.png,रामाली
820_027.png,१६३२
820_032.png,चुनाए
820_034.png,त्वच्छ
820_048.png,चक
820_052.png,चोधि
820_053.png,त्रणमा
820_057.png,क्षे
820_060.png,श्रृंक
820_061.png,क्षि
820_064.png,लायर
820_067.png,राजेश्वर
820_068.png,११
820_069.png,इक़कारी
820_073.png,का
820_074.png,रू
820_078.png,रचे
820_079.png,त्राल्व
820_092.png,चंद
820_094.png,पत्रि
820_098.png,क्षि
820_099.png,पाश
820_100.png,पार्के
821_008.png,१९४६
821_010.png,एच
821_014.png,ऋषे
821_018.png,ऋषि
821_028.png,ऋषिशूर
821_029.png,१७६१
821_032.png,क्षै
821_036.png,ॠषिक
821_040.png,४०
821_043.png,अश्वघुर
821_044.png,श्रद्धानि
821_053.png,आश्चर्यचकी
821_057.png,पत्रकार
821_068.png,श्रद्धालुओं
822_004.png,ओरियण्ठ
822_006.png,डेम
822_007.png,ने
822_011.png,नाम
822_012.png,भोगोश्वर
822_013.png,मलिश्ड
822_014.png,डीम
822_021.png,मातुर
822_023.png,चंडा
822_026.png,रोल
822_027.png,मा
822_030.png,वाष
822_032.png,देलीफो
822_035.png,तेज़ा
822_040.png,क्लिश
822_048.png,अत्यधिग
822_053.png,नर्न
822_054.png,यात्रु
822_058.png,मलिक्ष
822_059.png,आहेवी
822_060.png,चाल्या
822_061.png,वाष
822_062.png,कुर्नी
822_066.png,तारणहे
822_070.png,रिश्ती
822_080.png,श्रीलान
822_086.png,राष्ट्रीमा
822_088.png,मली
822_093.png,नरे
822_095.png,चुर्इं
822_096.png,ब्रह्मा
822_100.png,क्षे
822_102.png,नातामा
822_103.png,पर्च
822_104.png,ॠष्य
822_105.png,पत्नि
822_107.png,नाता
822_109.png,क्षा
822_110.png,पर्द
822_112.png,हर्ष
822_119.png,लगायत
822_123.png,क्षि
822_125.png,नेरा
822_129.png,ऊंसि
822_137.png,पर्दाई
822_138.png,पेयर
823_003.png,हामन
823_008.png,ग़त्र
823_009.png,संसारीत
825_000.png,ग़प्ले
825_001.png,रुपए
825_007.png,मेँने
825_012.png,ऐसे
825_015.png,एशियाण
825_020.png,जनकप्र
875_000.png,सुचना
875_005.png,विद्यार्थी
875_008.png,युवक्त्वे
875_009.png,नियम्भा
875_010.png,उठारने
875_015.png,घार्ने
875_019.png,निर्ञित
875_021.png,आहाएगा
875_024.png,च्युन्न
875_026.png,हन्नै
875_029.png,रहनेवाले
878_000.png,तत्र
878_001.png,मीटि
878_005.png,कनेचेले
878_007.png,त्रणमा
878_011.png,विद्यार्थी
878_020.png,रहेको
878_021.png,तालाकी
878_022.png,विदर्भी
879_000.png,प्रम
879_004.png,पारम्परिण
879_005.png,पेल
879_008.png,सागर
879_011.png,याया
879_013.png,कॅजी
879_014.png,मिज्ञ
879_016.png,पितां
879_017.png,लागा
879_022.png,गॉप
879_023.png,पिमी
879_025.png,पार्ड
879_026.png,मेज़त
879_038.png,र्दज
879_044.png,चर्चाओं
879_046.png,आचार्थ
880_000.png,आज
880_002.png,अध्यक्ष
880_005.png,स्थाज
880_010.png,कुर
880_014.png,रामी
880_016.png,विद्यार्थी
880_017.png,संध
880_021.png,प्रात्ति
880_022.png,प्रति
880_024.png,रूरे
880_025.png,यो
880_029.png,यो
880_031.png,अनुसार
880_033.png,समय
880_034.png,समुग
880_035.png,उपस्थित
880_037.png,पढ़ाई
880_038.png,अगाडि
880_040.png,रामों
880_041.png,नीतिज्ञा
880_042.png,अनुरोध
880_044.png,जय
880_045.png,निपाल
880_046.png,जय
880_049.png,बोधार्थ
880_052.png,सिलवाल
880_053.png,स्तर
880_058.png,जानकारी
880_063.png,पुर्ण
880_067.png,कुरामा
881_000.png,प्रेस
881_002.png,नृपाल
881_004.png,संध
881_006.png,ईंवर्इ
881_007.png,सदैव
881_011.png,अधिकार
881_013.png,लाणी
881_016.png,कुश
881_017.png,सब्रौगा
881_018.png,ज्ञात्य
881_026.png,स्थापना
881_029.png,आरओ
881_031.png,सप्ताहूर्त
881_032.png,निश्छलता
881_034.png,अश्विग
881_035.png,रूरे
881_038.png,साल
881_039.png,म्याह
881_041.png,गराने
881_042.png,कुरामा
881_043.png,हामी
881_046.png,टामीले
881_048.png,ब्लडप्रेशर
881_049.png,कुरामा
882_002.png,विषय
882_003.png,स्वतत्र
882_004.png,विधार्थी
882_007.png,नारे
882_011.png,त्रिवुन
882_012.png,विश्वविद्यालय
882_013.png,सार्वजनिक
882_014.png,गर्की
882_016.png,विद्यार्थी
882_017.png,युनियन
882_019.png,चुनावकी
882_021.png,अनुसार
882_022.png,मिती
882_030.png,क्लेजमा
882_037.png,एएनएम
882_038.png,दर्ता
882_040.png,पर्वे
882_042.png,तत
882_043.png,क्षो
882_048.png,अफ
882_057.png,निपाल
882_058.png,विद्यार्थी
882_059.png,क्षय
882_060.png,उपाध्याय
882_061.png,ईाकाफी
882_064.png,भक्षकों
882_067.png,विषमा
882_071.png,मिती
882_073.png,गर्ते
882_074.png,१९
882_075.png,बर्ज
882_077.png,कर्तव्यकी
882_083.png,प्रार्थनिक
882_084.png,गरि
882_085.png,दत्त
882_086.png,क्रंच
882_088.png,दर्ता
882_089.png,गर्ने
882_090.png,वातावरण
882_091.png,बनाई
882_092.png,दिन
882_095.png,मार्फत
882_097.png,माग
882_099.png,जय
883_000.png,रामी
883_003.png,संध
883_005.png,ईंवर्इ
883_007.png,शैंक्षि
883_009.png,प्रति
883_010.png,क्विन्दु
883_011.png,रखेर
883_012.png,यो
883_015.png,जान्दारी
883_016.png,पर्नि
883_018.png,यो
883_021.png,ऊर्ध्वित
883_022.png,समय
883_024.png,पुर्ण
883_026.png,उपस्थित
883_027.png,रखेर
883_029.png,अगार्ड
883_031.png,रामों
883_036.png,गर्दों
883_037.png,जय
883_038.png,नीपाल
883_039.png,जय
883_042.png,बोधार्थ
883_043.png,समूण्
883_044.png,विर्धार्थ
884_005.png,क्विधी
884_008.png,लागी
884_009.png,लड़ें
884_010.png,आपको
884_014.png,हू
884_021.png,सप्ताह
884_023.png,नाभई
884_024.png,यो
884_025.png,पर्वत
884_027.png,बोकेर
884_028.png,फ्लेंज
884_029.png,प्रभामन
884_032.png,प्रमूख
884_036.png,मीन
884_038.png,हामीलि
884_039.png,आभाष
884_040.png,गरेका
884_041.png,बाम्बार
884_043.png,संध
884_045.png,क्रेच
884_048.png,सप्ताह
884_052.png,द्विप्ष
884_056.png,टॉग्मी
884_057.png,नीपाल
884_058.png,विंद्याओं
884_059.png,मंध्
884_060.png,काव्यवस्तु
884_061.png,लार्ग
884_062.png,आलोचनात्मक
884_065.png,बच्च
884_069.png,घोषणा
884_071.png,यदि
884_072.png,कुर्नेपनी
884_075.png,कत्लेआम
884_076.png,किस्मिका
884_078.png,गतिविधि
884_079.png,गरि
884_080.png,ढुम्गों
884_081.png,माणा
884_082.png,मुह्ना
884_086.png,पुज्याने
884_087.png,थर्मि
884_090.png,दिन्दुओं
884_094.png,सम्पूर्णता
884_102.png,पार्दे
884_103.png,सनिस्थित
884_105.png,विभाग
884_107.png,ऋणदाताओं
884_108.png,दुस्साहस
884_111.png,निपाल
884_112.png,वोधार्थ
884_113.png,क्लेज
884_115.png,कत्लेज
885_001.png,न्येयान
885_003.png,संब
885_004.png,राष्ट्रपति
885_007.png,लार्ड
885_009.png,साधार
885_010.png,बनाई
885_021.png,कफ़
885_023.png,हब
885_030.png,नाशि
885_033.png,आई
885_034.png,सॉफ्टवेयर
885_035.png,रविश्वस्त
885_036.png,मंत्री
885_037.png,रहेखने
885_039.png,नर्न
885_045.png,खाईँ
885_055.png,सप्ताह
885_056.png,१७६१
885_057.png,प्रान्ति
885_061.png,एकत्रा
885_062.png,आर्यसमान
885_064.png,कर्ते
885_074.png,ज्ञात्रा
885_081.png,बन्चायें
885_082.png,तान्त्रा
885_083.png,लगाऒया
885_084.png,पर्वे
885_090.png,ब्रिंह
885_091.png,रुपया
885_094.png,स्पंर्ष
885_095.png,प्रिधार्थी
885_102.png,भियाँ
885_106.png,द्वि
885_108.png,चर्चा
886_000.png,सार्वजन्य
886_005.png,पर्वों
886_013.png,चिर्ची
886_017.png,साता
886_022.png,डर्र
886_025.png,ज़्ञ
886_029.png,पत्थर्रा
886_031.png,वाना
886_036.png,विधार्थियाँ
886_042.png,धार्मिनें
886_043.png,मध्यप्रम
886_045.png,हूँ
886_046.png,२५०००
886_051.png,स्पौह
886_054.png,मुन्न
886_056.png,ग्रानेश
886_063.png,क्वाँच
886_065.png,विच
886_067.png,पक्ष
886_068.png,वर्ष
886_069.png,पथ
886_070.png,वर्षों
886_073.png,पर्वे
886_074.png,वर्ष
886_078.png,यहि
886_080.png,मर्धाना
886_083.png,मित्र
886_088.png,लगाऒये
886_090.png,खौले
886_091.png,निर्णय
886_093.png,भौनोग्राफ
886_095.png,निमन्त्रण
886_111.png,रत्ना
886_113.png,म्बाध
886_114.png,१९
886_116.png,मिर्डर।
886_119.png,प्रज्ञनान
887_000.png,कोहि
887_004.png,मित्ते
887_006.png,अते
887_010.png,प्रभारण
887_011.png,क्लेज
887_016.png,निषांक
887_018.png,जंध
887_020.png,मिते
887_022.png,दफ्त
887_023.png,भेर
887_024.png,माघ
887_026.png,मित्र
887_028.png,सत्ताहा
887_029.png,को
887_030.png,मीति
887_033.png,कार्यक्रम
887_034.png,आयोजना
887_036.png,मेखिक
887_039.png,कुए
887_041.png,क्वात
887_044.png,तर
887_045.png,कतेज
887_048.png,मोसिक
887_050.png,लार
887_051.png,वेवास्ता
887_052.png,बाचा
887_053.png,डरेर
887_058.png,सप्ताहा
887_063.png,सामास्य
887_064.png,सको
887_067.png,साथे
887_069.png,प्रशासन
887_073.png,ज्यूले
887_078.png,आस्था
888_001.png,श्रीमा
888_002.png,कत्लेपन
888_003.png,प्रमुन
888_007.png,आफ
888_010.png,१४८०
888_012.png,निषय
888_016.png,तय
888_022.png,कंठान
888_024.png,तथार्थी
888_028.png,लारी
888_029.png,लड़े
888_030.png,अश्ले
888_031.png,कुए
888_036.png,शरी
888_038.png,पीने
888_040.png,लालामा
888_041.png,स्थापना
888_044.png,आ॓फ
888_049.png,सकने
888_053.png,विधारी
888_058.png,काल
888_061.png,कुमाए।
889_002.png,पुजार्देह
889_006.png,वेवाह्यता
889_012.png,हरेको
889_013.png,धर्मनीले
889_014.png,आनास
889_017.png,रौलीमा
889_019.png,क्लेश
889_020.png,प्रशासन
889_023.png,प्रते
889_024.png,चलेका
889_025.png,शतक
889_027.png,सजाई
889_035.png,केा
889_039.png,ठेस
889_040.png,पुरूकों
889_041.png,काम
889_043.png,चेतावनी
889_049.png,मध्यवर्ग
889_051.png,शरी
889_052.png,गाव्य
889_059.png,नित्र
889_062.png,तय
889_067.png,फेरी
889_069.png,पुर्बाल
889_072.png,१५
889_073.png,वेवाह्या
889_075.png,मोन
889_079.png,हु
889_082.png,परिणाम
889_085.png,जिम्मेदार
889_088.png,हुने
889_091.png,पत्र
889_092.png,मार्फत
889_097.png,प्रशासन
889_098.png,क्वेच
889_099.png,प्रमुख
889_102.png,प्रुष्ठा
890_000.png,फ्लेजमा
890_001.png,महमत
890_004.png,मार्शे
890_005.png,लालपरा
890_008.png,खारेज
890_012.png,चार्ते
890_013.png,फ्लेजमा
890_016.png,मूल
890_018.png,पत्ता
890_025.png,सातोते
890_026.png,गठब
890_028.png,शैक्षित
890_030.png,विजया
890_031.png,उठेगा
890_039.png,शान्तिपूर्ण
890_040.png,वार्ता
890_044.png,आरोप
890_047.png,शैक्षित
890_049.png,बारे
890_051.png,विषमता
890_054.png,विद्यालयों
890_056.png,पूर्ण
890_064.png,यारी
890_065.png,श्रोलों
890_066.png,ग्राते
890_069.png,४५
890_070.png,वर्जे
890_075.png,बोलाघो
890_076.png,खण्डा
890_077.png,कार्यभार
890_079.png,त्वचा
890_086.png,जानकारों
891_006.png,आंश
891_010.png,राखा
891_011.png,हरू
891_012.png,प्राते
891_013.png,हामी
891_015.png,घिघारों
891_016.png,संपन्नता
891_017.png,धानावाण
891_021.png,चौथे
891_024.png,शैक्षित
891_028.png,अवस्था
891_030.png,प्रमाणस्वर
891_033.png,आश्रमा
891_035.png,दालाई
891_036.png,कब
891_039.png,विद्यार्थी
891_041.png,दवारना
891_043.png,आन्दोलन
891_045.png,रुपए
891_048.png,पिलीन
891_056.png,तार्र्थो
891_058.png,सापूर्ण
891_064.png,प्रशासन
891_065.png,ज्ञानयज्ञ
891_068.png,संग्रह
891_070.png,मारा
892_000.png,र्मित
892_006.png,ख़ाइन
892_014.png,विषय
892_016.png,पत्र
892_017.png,महोत्सव
892_022.png,श्री
892_024.png,कुमार
892_027.png,धन्यवाद
892_032.png,शती
892_035.png,र्ध्या
892_039.png,हाजीलों
892_041.png,पर्वे
892_042.png,वुल्त
892_044.png,मा
892_046.png,पैता
892_049.png,कुए
892_052.png,लागी
892_054.png,हात्री
892_066.png,भाष्ट्रों
892_068.png,एटीट्स
892_070.png,कुए
892_071.png,कुर्यनाथ
892_073.png,कन्ते
892_075.png,हाती
892_077.png,विदर्भी
892_082.png,अगस्त्य
892_085.png,गर्पों
892_087.png,४०००
892_089.png,कंप्यूटर्ण
893_000.png,मितित
893_002.png,श्री
893_007.png,रखान
893_013.png,विजय
893_014.png,सच्चाल
893_015.png,मामिलाई
893_017.png,बाते
893_019.png,अपोर्क
893_024.png,चेते
893_030.png,कुल्तेन
893_036.png,मो
893_038.png,पूरा
893_040.png,मर्तु
893_048.png,कुलेट
893_050.png,यायों
893_054.png,हामी
893_055.png,४०००
893_061.png,विहान
893_064.png,सित्रणा
893_067.png,मिलता
893_075.png,अनुरोध
893_087.png,निस्तर
893_091.png,यंत्र
893_093.png,ग्रुमा
893_096.png,रिला
893_100.png,भले
893_107.png,खुलाबा
893_110.png,गर्दी
893_113.png,मामलाई
893_121.png,ङ्क्ष
893_123.png,आश्रमें
893_130.png,रचाल
893_131.png,एमिति
893_132.png,ऊँद्र
893_133.png,ब्लेन
893_134.png,मण्डला
893_142.png,चिन
893_143.png,न्यायालय
893_146.png,समितिले
893_149.png,प्रत्यक्ष
894_007.png,गर्वपूर्वक
894_008.png,लागी
894_010.png,प्रयाक्त
894_011.png,डो
894_015.png,लार्ऌ
894_017.png,तनाव
894_018.png,र्दजे
894_022.png,हुन्न
894_029.png,लागी
894_033.png,क्रुत्व
894_034.png,र्दज
894_048.png,चोर
894_062.png,ल्लेत
894_063.png,प्रशासन
894_065.png,१९
894_068.png,वार्ता
894_072.png,गर्वपूर्ण
894_085.png,स्वर्गीत
894_087.png,लाणी
894_093.png,गर्दी
894_096.png,यो
894_102.png,पत्ति
894_103.png,तंचाहो
894_106.png,वाहिर
894_110.png,एबी
894_111.png,हामीने
894_113.png,जिति
894_115.png,येते
894_117.png,हार्रो
894_118.png,साया
894_119.png,पुरा
894_120.png,नक्शा
895_002.png,श्री
895_003.png,न्लेन
895_005.png,समिति
895_007.png,ल्लेज
895_012.png,अलेक्जों
895_013.png,ताला
895_015.png,बारे
895_016.png,महोत्सव
895_019.png,याह
895_023.png,र्दज
895_029.png,तल
895_030.png,उल्लोखन
895_040.png,विषमता
895_043.png,बीएसई
895_046.png,४५
895_047.png,पर्वे
895_054.png,क्षो
895_055.png,तुल्यमा
895_059.png,सजों
895_066.png,विरोध
895_069.png,चुर्ही
895_073.png,चर्चार
895_075.png,गर्त
895_076.png,खांते
895_080.png,हामी
895_082.png,गार्दो
895_091.png,श्रालु
895_095.png,पर्ची
895_099.png,पिजल्ल
895_101.png,लाणी
896_004.png,जय
896_008.png,शुल्क
896_009.png,मा।
896_015.png,पर्वेगा
896_018.png,बर्बा
896_029.png,बिहान
896_034.png,मा
896_036.png,हुन
896_037.png,अनुरोध
896_039.png,बचाच
897_006.png,क्लेप
897_007.png,प्रणालकों
897_010.png,पर्दा
897_011.png,आपको
897_017.png,हुने
897_018.png,भक्ताने
897_021.png,त्रिप्ट
897_023.png,चार्न
897_027.png,यो
897_030.png,लक्ष्ण
897_031.png,नमक
897_032.png,विद्यार्थी
897_033.png,माक्र
897_036.png,कमाधान
897_040.png,बमोजिम
897_041.png,लिफ़्को
897_044.png,प्रायमिकता
897_045.png,दियों
897_048.png,लक्षय
898_001.png,रुर्इ
898_002.png,जज्बा
898_003.png,कवाय
898_008.png,मा
898_013.png,को
898_015.png,प्रयोग
898_016.png,गरिने
898_022.png,एएनएम
898_025.png,विचारीयों
898_026.png,क्वों
898_027.png,बचवा
898_028.png,शक्तिए
898_032.png,ज़ायें
898_036.png,नातों
898_039.png,निर्ञाण
898_045.png,क्रों
898_047.png,चुनें
899_000.png,एकत्रित
899_002.png,सूचना
899_005.png,गौरवमयाली
899_007.png,नेपाल
899_014.png,क्लेप
899_015.png,प्रणालने
899_016.png,दिक्कतों
899_017.png,नरेको
899_019.png,नेपाल
899_020.png,विद्यापी
899_022.png,त्र
899_023.png,कबेज
899_030.png,द्वन
899_038.png,विद्यापी
899_040.png,लोकजा
899_041.png,कर्मचारी
899_042.png,कागजी
899_046.png,क्षण
899_051.png,विषया
899_052.png,भक्तों
9_006.png,ग्रीव्या
9_011.png,नेफ्ट्रो
9_021.png,परास्त्रा
9_023.png,ईश्वरत्व
9_027.png,गौर्दी
9_037.png,ज़िन्तन
9_039.png,गति
9_042.png,प्रशस्त
9_045.png,चक्रव्यों
9_054.png,उत्तराखण्ड
9_060.png,देशभक्ति
9_061.png,प्रस्तुति
9_063.png,मानवीय
9_065.png,त्वचा
9_073.png,वार्व
9_085.png,विशेषताएं
9_086.png,पाज्ञवल्न
9_087.png,ज्ञी
9_091.png,एमएसएमई
9_097.png,चल्ले
9_103.png,अति
9_104.png,रीच
9_115.png,जमी
9_120.png,अफ़साम
9_133.png,ज़मों
9_137.png,जमी
9_138.png,ढात्रो
9_145.png,भाषामा
9_149.png,सार्थे
9_160.png,त्रणमा
9_162.png,वर्डज़न
9_163.png,मस्त्यों
9_172.png,चुन्न
9_188.png,उत्तराखण्ड
9_191.png,पर्चा
9_197.png,जर्ते
9_206.png,एएनएम
9_209.png,दाना
9_213.png,तत्पश्चाई
9_217.png,भूमि
9_220.png,मार्च
9_222.png,इच्छाले
9_231.png,पूर्ण
9_232.png,चेतना
9_234.png,पूर्ण
9_235.png,संस्कृति
9_240.png,आदिलाई
9_241.png,बाघ
9_243.png,भक्त्यों
9_253.png,चुन
9_254.png,नीता
9_255.png,बच्चु
9_266.png,रात
9_272.png,ज़ामा
9_273.png,आज
9_279.png,जुन
9_284.png,कर्जें
9_294.png,श्लीर्थों
90_000.png,षक्त
90_001.png,मुठ्ठी
90_003.png,फेर्न
90_004.png,त्यानो
900_000.png,हाम्रा
900_001.png,मापदण्ड
900_004.png,स्वास्थ्यवर्धक
900_005.png,ध्यानमा
900_007.png,क्रायालय
900_009.png,ज़र्ते
900_010.png,नाचे
900_011.png,तुल्तः
900_012.png,उपलक्ष्य
900_013.png,गज़ल
900_015.png,त्रणम
900_017.png,बेजेबाट
900_019.png,बजे
900_022.png,तार्थ
900_026.png,भक्षका
900_028.png,लारी।
900_030.png,आवश्यलक
900_033.png,औषध
900_039.png,जबा
900_042.png,अध्ययन
900_043.png,मत्स्या
900_044.png,बुकि
900_045.png,के
900_046.png,औषध
900_047.png,मात्रामा
900_049.png,उपलक्ष्य
901_002.png,विधार्थि
901_004.png,आज्ञी
901_006.png,क्वाल
901_008.png,नै
901_011.png,लागे
901_012.png,लड्डै
901_014.png,कुए
901_016.png,जानकारी
901_018.png,हू
901_019.png,आज
901_020.png,फेरि
901_023.png,पहि
901_024.png,मत्स्या
901_026.png,जार्थ
901_030.png,पर्न
901_031.png,फिर
901_033.png,धूँ
901_034.png,तल
901_041.png,त्राथ
901_043.png,आशा
901_046.png,यदि
901_047.png,रत्नीशित
901_050.png,नक्षत्र
901_055.png,प्रशासन
901_059.png,तल
902_001.png,क्लेअर्ज
902_004.png,फिमा
902_006.png,पैता
902_008.png,तत्र
902_010.png,क्षुबिधा
902_011.png,टालनों
902_012.png,समया
902_013.png,निष्काले
902_017.png,नरपतसेल
902_018.png,त्रणम
902_022.png,कुनूँ
902_023.png,त्यागना
902_025.png,लागि
902_028.png,पर्चा
902_032.png,गर्को
902_036.png,प्रयोग
902_037.png,नारे
902_040.png,प्रणों
902_044.png,तर्का
902_050.png,लागि
902_054.png,दिन
902_055.png,चच्ची
902_057.png,भक्षका
902_061.png,व्यवस्थित
902_063.png,भिन्दगा
902_068.png,आजु
902_070.png,माथी
902_073.png,४८
902_074.png,घण्टा
902_077.png,नक्सकी
902_078.png,पण्ड्यमा
902_081.png,जिम्मेदार
902_083.png,प्रणालम
903_000.png,श्री
903_005.png,विषय
903_008.png,हाम्रो
903_009.png,थक
903_015.png,बाटो
903_017.png,भक्ताले
903_018.png,उत्त
903_022.png,कान्न
903_023.png,पऊवान
903_025.png,निर्ञाण
903_026.png,गर्ने
903_028.png,बनायका
903_030.png,क्षी
903_031.png,क्षाध
903_035.png,दूजी
903_038.png,हैँ
903_040.png,बन्ने
903_041.png,वाणीलाई
903_042.png,तामी
903_044.png,थी
903_045.png,पत्र
903_046.png,ज्ञापन
903_047.png,कार्यभा
903_049.png,प्रहरी
903_050.png,मीरी
903_051.png,गर्दी
903_052.png,एचडीआर
904_002.png,विधार्थी
904_003.png,मंच
904_005.png,चिन्न
904_008.png,माक़
904_010.png,हरू
904_012.png,लड़ें
904_016.png,श्रवण
904_022.png,१७६१
904_027.png,तन
904_035.png,वर्षों
904_040.png,ब्लॉगस्ती
904_041.png,हर्षे
904_045.png,चार्दे
904_048.png,भ्रमण
904_052.png,प्रत्यागन
904_054.png,यज्ञशाने
904_056.png,अनिन्दी
904_057.png,पत्नि
904_063.png,दर्ज़न
904_064.png,५ि
904_065.png,ॐके
904_066.png,चित्रण
904_068.png,चाहूँ
904_071.png,प्रजा
904_076.png,गर्मों
904_086.png,चर्चित
904_093.png,लक्ष्मी
904_094.png,शार्ता
904_096.png,धर्मवि
904_098.png,चर्चायें
904_099.png,थर्रा
904_103.png,त्वचान
904_106.png,थर्रा
904_108.png,फ्रार्त
904_109.png,१४८०
904_112.png,यार्क्ये
904_117.png,लाठि
904_121.png,ङ्क्ष
904_124.png,१७६१
904_125.png,नैयाल
905_004.png,न्यायालय
905_006.png,र्दज
905_016.png,मायोजना
905_018.png,संवाददाताओं
905_028.png,जिंग्सा
905_036.png,सेंग
905_039.png,निर्ञाण
905_040.png,गंज़ा
905_050.png,क्लेन
905_052.png,वार्ताओं
905_057.png,पिल
905_068.png,क्लिंन
905_074.png,गतिविधियों
905_075.png,जिम्मेदार
906_000.png,हामों
906_005.png,अश्विल
906_008.png,बिल्जित
906_012.png,विद्यालयों
906_017.png,सर्वेकवे
906_019.png,स्वरूप
906_021.png,बिता
906_024.png,दैसि
906_027.png,हॅरे
906_028.png,प्रस्तुत
906_029.png,कत्लेज
906_031.png,कंता
906_032.png,हाम्रो
906_035.png,उल्लेखित
906_037.png,रार्द्ध
906_038.png,हात्रो
906_040.png,भौकि
906_041.png,रुपए
906_043.png,क्षत्रा
906_046.png,अफ़लाइन
906_051.png,कार्यक्रम
906_059.png,श्रमंण
906_063.png,भारतको
906_066.png,स्पितिना
906_070.png,आधिकारिक
906_075.png,उच्चित
906_078.png,जानकारी
906_079.png,निकाल
906_080.png,अनुरोध
907_003.png,उपलक्ष्य
907_005.png,पर्दे
907_006.png,उपनगर
907_007.png,ना
907_023.png,अपशक्ष
907_029.png,लागी
907_030.png,राष्ट्रिय
907_031.png,तपा
908_000.png,श्रद्धा
908_002.png,निर्धार्थ
908_004.png,हु
908_007.png,एण्ड
908_008.png,अर्द्ध
908_009.png,चतुर्यु
908_010.png,ध्वज
908_014.png,मापदण्डी
908_015.png,कुर्बाई
908_016.png,मर्द
908_035.png,पर्च
908_042.png,हैँ
908_046.png,श्राणा
908_054.png,नाथ
908_059.png,ॠषु
909_002.png,पद्धति
909_013.png,हुन
909_014.png,पर्चे
909_017.png,नार्बा
909_018.png,उत्क्रष्ट
909_023.png,ङ्क्षसह
909_024.png,चर्च
909_025.png,पर्दाफाश
909_032.png,उपवास
909_038.png,चत
909_039.png,वर्ष
909_047.png,राऊं
909_048.png,पर्यटक
910_000.png,चितारण
910_004.png,लाषी
910_006.png,नेचान
910_012.png,पर्धि
910_014.png,समस्या
910_015.png,बच्च्रित
910_017.png,ॠषित्व
910_020.png,पर्चि
910_021.png,प्रभावपूण्र
910_023.png,न्याई
910_025.png,आपस
910_026.png,शुभक्मनाई
910_035.png,र्दज
910_040.png,प्रेनाधा
910_044.png,थर्रों
910_046.png,अब
910_048.png,पर्वन
910_049.png,बिबाब
910_050.png,बागना
910_052.png,कुर्ते
910_054.png,हूँन
910_056.png,ऊर्ध्वगमन
910_057.png,हाजा
910_060.png,पुत्र
910_065.png,नार्मे
910_073.png,एल
910_074.png,ऊर्ध्वगमन
910_082.png,माधयम
910_083.png,पंच
910_086.png,अफसर्व
910_090.png,बिल्डर्स
910_091.png,पर्दा
910_093.png,ऊर्ध्वाई
910_094.png,यंत्रकार्थ
910_097.png,माधयम
910_098.png,पुत्र
910_100.png,बर्केण्ड
911_002.png,दिर्घार्थी
911_003.png,मूंघ
911_009.png,निर्देशित
911_011.png,आज़मगढ़
911_026.png,मर्मान्य
911_036.png,मध्ुखव
911_043.png,हिन्दुईं
911_044.png,हाम्नी
911_046.png,ड्रेट
911_048.png,देरि
911_050.png,त्यागपत
911_067.png,शुल्क
911_070.png,जियार्थी
912_003.png,विधार्थि
912_005.png,आज्ञी
912_006.png,क्यापना
912_009.png,नै
912_011.png,लागि
912_014.png,कुए
912_017.png,आज
912_018.png,फेरि
912_019.png,विश्वविद्यालयों
912_021.png,पहि
912_023.png,मत्स्या
912_025.png,बस्तित
912_029.png,फिर
912_032.png,तल
912_039.png,त्राथ
912_041.png,आशा
912_045.png,मापदण्ड
912_046.png,पुर
912_048.png,थर्ले
912_052.png,प्रशासन
912_056.png,नौ
912_057.png,हू
912_058.png,अभाबू
912_061.png,यदि
912_062.png,तल
912_063.png,घटनाको
913_002.png,१७६१
913_006.png,बर्रा
913_008.png,लालपरी
913_013.png,रियल
913_014.png,लिरिल
913_016.png,राल
913_026.png,कार्प
913_031.png,दिने
913_033.png,तलाल
913_035.png,चार
913_041.png,हाल
913_043.png,नार्ञा
913_045.png,भौति
913_046.png,न्या
913_049.png,जाए
913_050.png,ताईँ
913_051.png,चार्ड
913_052.png,कर्मचारी
913_056.png,रार्श
913_058.png,लक्ष्ण
913_060.png,रार्च
914_003.png,मीति
914_005.png,क्लेज़
914_008.png,कुमा
914_011.png,सार्वजनिक
914_012.png,आर्के
914_014.png,चश्मा
914_016.png,वर्ष
914_017.png,दिक्के
914_018.png,हुट
914_019.png,अल्मिनी
914_022.png,वर्ष
914_026.png,शर्के
914_027.png,जुन
914_036.png,पंनि
914_038.png,मान्य
914_040.png,हैन
914_046.png,विरोध
914_047.png,रार्न
914_049.png,चढ़
914_057.png,हार्मो
914_059.png,कुनँ
914_062.png,चुप
914_064.png,बस्ते
914_067.png,यो
914_075.png,चाहै
914_080.png,सच्चार
914_084.png,वर्णि
914_085.png,नया
914_087.png,तार्न
914_088.png,अनुरोध
915_008.png,ज़िर्स
915_012.png,राजपथ
915_015.png,चाँगे
915_022.png,चाँचा
916_004.png,तार्ले
916_008.png,ऋणदाता
916_010.png,हैल
916_013.png,तल
916_016.png,तर्कसंज
916_017.png,नार
916_026.png,एफएमसीज
916_031.png,नार
916_038.png,नपान।
916_043.png,ज़ाकेल
916_046.png,युएएन
916_050.png,ऊर्धार्थ
916_056.png,कविति
916_062.png,धोर
917_000.png,चुनेंवे
917_002.png,अब
917_004.png,पारदर्शों
917_008.png,लाई
917_009.png,चरित्रकों
917_011.png,प्रति
917_015.png,वर्ष
917_016.png,फी
917_017.png,बढ़ने
917_018.png,तर
917_019.png,को
917_020.png,उच्चित
917_022.png,पैसा
917_025.png,प्रवृत्ति
917_026.png,हटाउन
917_027.png,पर्वे
917_029.png,समय
917_031.png,पैसा
917_033.png,स्थापना
917_034.png,आवश्यलक
917_037.png,जाओगे
917_040.png,समूर्ण
917_042.png,मर्मत
917_043.png,यानें
917_047.png,दिन्मा
917_048.png,सहमति
917_052.png,भरको
917_053.png,मुद्दा
917_055.png,मन्ना
917_057.png,लापु
917_059.png,पर्वे
917_061.png,क्लेज
917_064.png,बढ
917_065.png,मा
918_000.png,ज्ञा
918_001.png,माधयम
918_005.png,विचार्थी
918_009.png,अर्द्ध
918_010.png,पर्च
918_013.png,स्पूँ
918_015.png,मित्री
918_030.png,क्षय
918_037.png,अब
918_038.png,थर्रों
918_039.png,जज्बे
918_044.png,जयप्रकाश
919_000.png,चि
919_001.png,वर्ड
919_006.png,श्राह्य
919_008.png,४५
919_013.png,युग्श्रम
919_014.png,क्षुत्र
919_022.png,वश्र
919_024.png,बंध
919_025.png,लागी
919_027.png,क्षय्
919_028.png,विधार्थी
919_030.png,चित्न
920_003.png,चर्चि
920_017.png,भाजपौने
920_025.png,क्ष
920_039.png,मर्त्य
920_048.png,मर्यादारी
920_050.png,पर्चे
920_055.png,चर्चायेश्वर
921_007.png,जयप्रकाश
921_008.png,चर्चु
921_015.png,नागि
921_016.png,लागी
921_019.png,हब
922_002.png,जुले
922_003.png,नफ्लान
922_005.png,चौल्यकाली
922_011.png,हू
922_015.png,हल्किल
922_018.png,निन्चन
922_022.png,ब्लैण्ड
922_028.png,श्रौलिण्ड
922_030.png,क्सने
922_033.png,मान्यता
922_034.png,कर्तै
922_044.png,सजि
922_045.png,बढ़ाइन
922_050.png,त्वच्छाति
922_051.png,पर्दा
922_055.png,फ्रूट्ट
922_062.png,ठाको
922_068.png,रीच्छ
922_071.png,जंगल
922_082.png,हौं
922_084.png,नैत्रार्गिक
922_090.png,श्राफ्टो
922_098.png,त्रिप्ले
922_100.png,फलस्वर
922_103.png,जॉनैन
922_110.png,क्वाँ
922_111.png,त्वच्छात्रि
922_112.png,चकाल्को
922_113.png,तल
923_000.png,ज़म्ता
923_001.png,एग्जूर्ण
923_003.png,वर्ण्ति
923_008.png,गारा
923_012.png,टिधार्थी
923_014.png,द्विपक्षी
923_015.png,पिलाचर्दी
923_018.png,पत्नि
923_019.png,हिमालये
923_020.png,अनुभवहा
923_025.png,यंत्रा
923_027.png,१७६१
923_034.png,फुएं
923_036.png,गर्दा
923_040.png,छुईपाने
923_044.png,धर्मी
923_056.png,दुर्दी
923_062.png,डिम्मेदार
924_002.png,१७६१
924_003.png,माल्की
924_006.png,१७६१
924_011.png,तीकियों
924_014.png,बुलावे
924_017.png,त्या
924_033.png,गुप्तचर
924_036.png,देखिज्ञी
924_049.png,गुप्तचर
924_052.png,हुर्ने
925_000.png,विज़ाती
925_002.png,हाम्रो
925_007.png,विवाही
925_009.png,लागी
925_017.png,मारायण
925_019.png,प्रासाधकों
925_020.png,हस्तक्ष्प
925_025.png,नयां
925_034.png,ब्याजको
925_037.png,स्वेद
925_038.png,मा
925_042.png,रार्न
925_043.png,पर्वे
925_046.png,क्रान्तिकारी
925_048.png,लामों
925_053.png,जात्रो
925_055.png,सुनिश्चत
925_059.png,मारायण
925_063.png,संलग्नता
925_067.png,भटकना
925_068.png,राखिवने
925_069.png,प्रतिबध्दता
925_071.png,प्रवक्त
925_074.png,एयरबस
925_076.png,को
925_078.png,थापना
925_082.png,को
925_087.png,तक़लें
925_088.png,तथार
925_089.png,पारियोस
925_092.png,पंन्ते
926_000.png,जानकार
926_003.png,राईं
926_004.png,हामिले
926_008.png,नाया
926_009.png,शिक्ष
926_011.png,राई
926_013.png,पर्वे
926_015.png,राषट्रपत
926_017.png,सहमति
926_020.png,कत्लेज
926_023.png,अनुभूति
926_025.png,कत्लेज
926_027.png,फेरी
926_033.png,चाहनु
926_034.png,अभिभावक
926_035.png,शिक्षक
926_040.png,तर्क
926_044.png,अभिभावक
926_045.png,के
926_047.png,लाई
926_048.png,मतलब
926_049.png,नार्श
926_051.png,समाप्त
926_053.png,कारण
926_054.png,सार्वजनिक
926_059.png,सच्चाउन
926_060.png,अभिभावक
926_061.png,संश
926_062.png,माफि
926_063.png,मारन
926_065.png,शर्दु
927_000.png,खाधा
927_001.png,स्मरण
927_003.png,श्री
927_007.png,क्षम
927_008.png,नि
927_012.png,क्षा
929_000.png,आशा
929_002.png,याएंले
929_006.png,क्रिन्त
929_011.png,एंजल
929_012.png,चार्ति
929_015.png,१५
929_017.png,संत्र
929_020.png,उत्तेह
929_021.png,फाफ्ट
929_031.png,नार्मलास
929_037.png,निल्ला
929_045.png,पापाले
93_000.png,हजार
93_007.png,परिपेक्ष
93_008.png,सानों
93_011.png,परव्देशी
93_012.png,ज़रूतों
93_014.png,प्रकरणों
93_022.png,वार्टो
93_026.png,विश्वास
93_027.png,फेरि
93_030.png,मैरा
93_041.png,क्षण
93_048.png,मनाक्षा
93_051.png,दिक्कता
93_052.png,लोहरू
93_055.png,उठेर
93_059.png,बाँचने
93_060.png,यह्
93_062.png,फेरि
930_006.png,पापाले
930_017.png,तानुपुर
930_019.png,कत्लेन
930_030.png,कार्मे
930_034.png,लागि
930_037.png,प्रदान
930_038.png,चार्ते
930_039.png,आदर्शवास
930_045.png,तिपमित
930_052.png,१९४६
930_058.png,लागुने
930_067.png,तार्ऌ
930_071.png,प्रदान
930_074.png,चानकारी
931_003.png,एफ
931_005.png,विधान
931_009.png,काम
931_011.png,संचालन
931_013.png,विभार्थी
931_015.png,१५
931_018.png,त्रणम
931_019.png,न्याउनु
931_020.png,हुन्न
931_021.png,पुन
931_022.png,सफल
931_024.png,हार्दि
931_027.png,बोधार्थ
931_031.png,कत्लेज
931_032.png,प्रशासन
931_036.png,केन्द्रिय
931_039.png,मार्ता
931_043.png,चिल्या
932_000.png,तत्पश्च
932_006.png,१७६१
932_008.png,१४
932_009.png,विषय
932_014.png,प्रजनन
932_016.png,नारे
932_020.png,क्व
932_028.png,मित्र
932_029.png,ऐसो
932_032.png,क्षय
932_033.png,तह
932_040.png,लारे
932_041.png,वीष्ठ
932_042.png,उपाध्यक्ष
932_043.png,नो
932_045.png,पोस्नाते
932_046.png,मनोर्थन
932_048.png,नारे
932_050.png,जाई
932_052.png,तथा
932_054.png,ह्रदय
932_055.png,नर्न
932_056.png,चाहनु
933_000.png,सुच्चना
933_004.png,च्याएं
933_005.png,विद्यार्थ
933_006.png,ऋणदाते
933_012.png,एन्क्लेय
933_013.png,प्रणालते
933_023.png,रूर्ण
933_028.png,आच्छार
933_034.png,क्षौत्रिक
933_039.png,व्यवस्थित
933_043.png,कब्रा
933_044.png,एन्चाल
934_002.png,श्रवण
934_004.png,क्षय
934_006.png,सत्र
934_007.png,रुपये
934_010.png,मर्डे
935_012.png,दोंगे।
935_013.png,खण्ड़रा
935_023.png,मंगवान
935_025.png,त्राष्ट्रो
935_030.png,साग
935_031.png,गर्द
935_036.png,बुधारने
935_039.png,क्षित्र
935_042.png,मर्त्र
935_043.png,माग
935_044.png,गद्द्यों
935_045.png,चर्द
935_053.png,बाजे
936_006.png,चारे
936_008.png,मत्स्य
936_009.png,तपूर्ण
936_011.png,चलेपने
936_012.png,प्रकार्त
936_015.png,अनुमत
936_016.png,अन्तान
936_019.png,कमर्ण
936_020.png,वर्षे
936_029.png,शुल्क
936_031.png,सबिने
936_036.png,बारे
936_038.png,लिखित
936_047.png,छुट
936_048.png,पञ्चात
936_058.png,फ़ाग्र
936_061.png,हुन्नेह
936_063.png,आपको
936_065.png,५ि
936_068.png,मन्वयक
936_075.png,मात्र
936_078.png,भर्ति
936_081.png,मामा
936_085.png,मन्न
936_087.png,लामो
936_088.png,ज़फर
936_089.png,प्रम
936_090.png,तपि
936_095.png,विचारीयों
936_096.png,त्रमा
936_098.png,प्रारामन
936_101.png,कारण
936_102.png,गतिको
936_104.png,लेखि
936_105.png,कत्लेज
936_115.png,प्रतिनिधित्र
937_002.png,अबतो
937_007.png,समाधान
937_009.png,भक्ताने
937_010.png,नीन
937_016.png,वलेज
937_018.png,विद्यार्थी
937_029.png,गैनानिक
937_031.png,त्वचा
937_034.png,चयन
937_035.png,जार्न
937_037.png,अगार्ड
937_042.png,आर्किले
937_046.png,क्लेज
937_048.png,लक्ष्मी
937_049.png,आपको
937_054.png,पुराना
937_056.png,विषमा
937_058.png,कार्यभार
937_062.png,अन्यत्र
938_002.png,अन्योत्पा
938_003.png,रहेगा
938_011.png,कल्का
938_012.png,सच्चाल
938_015.png,सुविधा
938_016.png,त्वचा
938_018.png,पुर्बाधार
938_019.png,प्रयोग
938_022.png,ताया
938_023.png,नार्षिक
938_028.png,कैम्यों
938_029.png,मत्स्यपालन
938_031.png,आर्मिक
938_034.png,चार्ने
938_035.png,त्रणमूले
938_038.png,विद्यानिका
938_039.png,नैत्यता
938_043.png,कनेजना
938_046.png,चारू
938_050.png,कत्लेआम
938_052.png,पाने
938_053.png,नाहस
938_054.png,भक्षका
938_066.png,योजना
938_070.png,निव्बा
938_075.png,संस्था
938_076.png,ज़र्तो
938_080.png,विचार्थी
938_083.png,तथ्या
938_086.png,लात
938_089.png,ल्लेज
939_001.png,चौथे
939_009.png,एफ
939_013.png,लपकता
939_014.png,अपनान
939_016.png,नारे
939_017.png,पुलस्त्य
939_018.png,त्वचा
939_021.png,युत्ला
939_026.png,मुन्ना
939_031.png,टेन्चर
939_032.png,टच
939_033.png,मार्मेत
939_035.png,पानि
939_038.png,अवश्य
939_041.png,प्रभामन
939_052.png,विद्यार्थो
939_054.png,रहेगो
939_056.png,क्लेज
939_059.png,परेको
939_069.png,निचोड
939_074.png,मझधान
939_076.png,प्रताराम
939_078.png,नैत्व
939_080.png,गर्दन
939_085.png,धन्यवाद
940_006.png,प्रयोको
940_009.png,कारण
940_020.png,पत्नि
940_024.png,तत्र
940_032.png,एकत्रित
940_044.png,रहेको
97_003.png,म्रित
97_004.png,१७६१
97_005.png,पोष
97_007.png,चाते
97_008.png,प्रथान
97_012.png,नं
97_013.png,४५
97_014.png,ज़फर
97_017.png,बचते
98_000.png,मात्रा
98_002.png,रेल
98_005.png,रिष्त
98_008.png,घड़ी
98_010.png,रिनाल
